{
  "type": "background",
  "id": "bg_10",
  "base": {
    "name": "Template1",
    "shadow": "bg/template/1/shadow.bmp",
    "shadowsize": [
      37,
      9
    ],
    "left": 0,
    "right": 1600,
    "far": -360,
    "near": -80
  },
  "layers": [
    {
      "width": 967,
      "x": 0,
      "file": "bg/template/1/pic1.bmp",
      "y": 422,
      "z": -8
    },
    {
      "width": 967,
      "x": 800,
      "file": "bg/template/1/pic2.bmp",
      "y": 422,
      "z": -7
    },
    {
      "width": 1000,
      "x": 0,
      "file": "bg/template/1/pic3.bmp",
      "y": 350,
      "z": -6
    },
    {
      "width": 1000,
      "x": 500,
      "file": "bg/template/1/pic4.bmp",
      "y": 350,
      "z": -5
    },
    {
      "width": 1500,
      "x": 0,
      "file": "bg/template/1/pic5.bmp",
      "y": 203,
      "z": -4
    },
    {
      "width": 1500,
      "x": 750,
      "file": "bg/template/1/pic6.bmp",
      "y": 203,
      "z": -3
    },
    {
      "width": 1600,
      "x": 0,
      "file": "bg/template/1/pic7.bmp",
      "y": 137,
      "z": -2
    },
    {
      "width": 1600,
      "x": 800,
      "file": "bg/template/1/pic8.bmp",
      "y": 137,
      "z": -1
    }
  ]
}