{
  "id": "225",
  "type": "ball",
  "base": {
    "files": {
      "0": {
        "id": "0",
        "begin": 0,
        "end": 23,
        "path": "sprite/sys/bat_chase.bmp",
        "row": 4,
        "col": 2,
        "cell_w": 81,
        "cell_h": 82
      }
    },
    "hp": 500,
    "weapon_broken_sound": "data/088.wav.ogg",
    "weapon_drop_sound": "data/088.wav.ogg",
    "weapon_hit_sound": "data/088.wav.ogg"
  },
  "frames": {
    "0": {
      "id": "0",
      "name": "flying",
      "wait": 3,
      "next": {
        "id": "1"
      },
      "bdy": [
        {
          "x": 21,
          "y": 22,
          "w": 40,
          "h": 39
        }
      ],
      "itr": [
        {
          "kind": 0,
          "x": 22,
          "y": 22,
          "w": 39,
          "h": 38,
          "fall": 20,
          "bdefend": 16,
          "injury": 30,
          "vrest": 28,
          "dvx": 2
        }
      ],
      "pic": 0,
      "state": 3000,
      "centerx": 43,
      "centery": 39,
      "hit_Fa": 12,
      "hp": 3.5,
      "speedz": 2,
      "on_hitting": {
        "id": "10"
      },
      "on_be_hit": {
        "id": "20"
      },
      "on_rebounding": {
        "id": "30"
      }
    },
    "1": {
      "id": "1",
      "name": "flying",
      "wait": 3,
      "next": {
        "id": "2"
      },
      "bdy": [
        {
          "x": 21,
          "y": 22,
          "w": 40,
          "h": 39
        }
      ],
      "itr": [
        {
          "kind": 0,
          "x": 22,
          "y": 22,
          "w": 39,
          "h": 38,
          "fall": 20,
          "bdefend": 16,
          "injury": 30,
          "vrest": 28,
          "dvx": 2
        }
      ],
      "pic": 1,
      "state": 3000,
      "centerx": 47,
      "centery": 43,
      "hit_Fa": 12,
      "hp": 3.5,
      "on_dead": {
        "id": "1"
      },
      "speedz": 2,
      "on_hitting": {
        "id": "10"
      },
      "on_be_hit": {
        "id": "20"
      },
      "on_rebounding": {
        "id": "30"
      }
    },
    "2": {
      "id": "2",
      "name": "flying",
      "wait": 3,
      "next": {
        "id": "3"
      },
      "bdy": [
        {
          "x": 21,
          "y": 22,
          "w": 40,
          "h": 39
        }
      ],
      "itr": [
        {
          "kind": 0,
          "x": 22,
          "y": 22,
          "w": 39,
          "h": 38,
          "fall": 20,
          "bdefend": 16,
          "injury": 30,
          "vrest": 28,
          "dvx": 2
        }
      ],
      "pic": 2,
      "state": 3000,
      "centerx": 45,
      "centery": 44,
      "hit_Fa": 12,
      "hp": 3.5,
      "on_dead": {
        "id": "2"
      },
      "speedz": 2,
      "on_hitting": {
        "id": "10"
      },
      "on_be_hit": {
        "id": "20"
      },
      "on_rebounding": {
        "id": "30"
      }
    },
    "3": {
      "id": "3",
      "name": "flying",
      "wait": 3,
      "next": {
        "id": "auto"
      },
      "bdy": [
        {
          "x": 21,
          "y": 22,
          "w": 40,
          "h": 39
        }
      ],
      "itr": [
        {
          "kind": 0,
          "x": 22,
          "y": 22,
          "w": 39,
          "h": 38,
          "fall": 20,
          "bdefend": 16,
          "injury": 30,
          "vrest": 28,
          "dvx": 2
        }
      ],
      "pic": 1,
      "state": 3000,
      "centerx": 47,
      "centery": 45,
      "hit_Fa": 12,
      "hp": 3.5,
      "on_dead": {
        "id": "3"
      },
      "speedz": 2,
      "on_hitting": {
        "id": "10"
      },
      "on_be_hit": {
        "id": "20"
      },
      "on_rebounding": {
        "id": "30"
      }
    },
    "10": {
      "id": "10",
      "name": "hiting",
      "wait": 3,
      "next": {
        "id": "11"
      },
      "pic": 4,
      "state": 3001,
      "centerx": 44,
      "centery": 39
    },
    "11": {
      "id": "11",
      "name": "hiting",
      "wait": 3,
      "next": {
        "id": "12"
      },
      "pic": 5,
      "state": 3001,
      "centerx": 42,
      "centery": 38
    },
    "12": {
      "id": "12",
      "name": "hiting",
      "wait": 3,
      "next": {
        "id": "13"
      },
      "pic": 6,
      "state": 3001,
      "centerx": 43,
      "centery": 39
    },
    "13": {
      "id": "13",
      "name": "hiting",
      "wait": 3,
      "next": {
        "id": "gone"
      },
      "pic": 7,
      "state": 3001,
      "centerx": 45,
      "centery": 40
    },
    "20": {
      "id": "20",
      "name": "hit",
      "wait": 3,
      "next": {
        "id": "11"
      },
      "pic": 4,
      "state": 3001,
      "centerx": 44,
      "centery": 39
    },
    "30": {
      "id": "30",
      "name": "rebounding",
      "wait": 3,
      "next": {
        "id": "11"
      },
      "pic": 4,
      "state": 3001,
      "centerx": 44,
      "centery": 39
    },
    "50": {
      "id": "50",
      "name": "start",
      "wait": 3,
      "next": {
        "id": "51"
      },
      "pic": 3,
      "state": 3005,
      "centerx": 42,
      "centery": 38,
      "speedz": 0
    },
    "51": {
      "id": "51",
      "name": "start",
      "wait": 3,
      "next": {
        "id": "52"
      },
      "pic": 3,
      "state": 3005,
      "centerx": 40,
      "centery": 38,
      "hit_Fa": 8,
      "sound": "data/087.wav.ogg",
      "speedz": 0
    },
    "52": {
      "id": "52",
      "name": "start",
      "wait": 3,
      "next": {
        "id": "gone"
      },
      "pic": 3,
      "state": 3005,
      "centerx": 40,
      "centery": 38,
      "speedz": 0
    }
  },
  "is_ball_data": true,
  "is_game_obj_data": true,
  "is_base_data": true
}