{
  "id": "211",
  "type": "ball",
  "base": {
    "files": {
      "0": {
        "id": "0",
        "begin": 0,
        "end": 17,
        "path": "sprite/sys/firen_flame.bmp",
        "row": 6,
        "col": 3,
        "cell_w": 59,
        "cell_h": 63
      },
      "1": {
        "id": "1",
        "begin": 18,
        "end": 33,
        "path": "sprite/sys/firen_grd.bmp",
        "row": 4,
        "col": 4,
        "cell_w": 35,
        "cell_h": 49
      },
      "2": {
        "id": "2",
        "begin": 34,
        "end": 48,
        "path": "sprite/sys/firen_exp.bmp",
        "row": 5,
        "col": 3,
        "cell_w": 159,
        "cell_h": 159
      }
    },
    "hp": 500,
    "weapon_broken_sound": "data/068.wav.ogg",
    "weapon_drop_sound": "data/068.wav.ogg",
    "weapon_hit_sound": "data/068.wav.ogg"
  },
  "frames": {
    "0": {
      "id": "0",
      "name": "flying",
      "wait": 3,
      "next": {
        "id": "1"
      },
      "pic": 0,
      "state": 3000,
      "centerx": 6,
      "centery": 46,
      "dvx": 1.5,
      "speedz": 2,
      "on_hitting": {
        "id": "10"
      },
      "on_be_hit": {
        "id": "20"
      },
      "on_rebounding": {
        "id": "30"
      }
    },
    "1": {
      "id": "1",
      "name": "flying",
      "wait": 3,
      "next": {
        "id": "2"
      },
      "itr": [
        {
          "kind": 0,
          "x": 6,
          "y": 27,
          "w": 34,
          "h": 25,
          "fall": 70,
          "bdefend": 16,
          "injury": 85,
          "effect": 21,
          "vrest": 598,
          "dvx": 5,
          "dvy": 5
        }
      ],
      "pic": 1,
      "state": 18,
      "centerx": 1,
      "centery": 47,
      "dvx": 1.5
    },
    "2": {
      "id": "2",
      "name": "flying",
      "wait": 3,
      "next": {
        "id": "3"
      },
      "itr": [
        {
          "kind": 0,
          "x": 6,
          "y": 27,
          "w": 34,
          "h": 25,
          "fall": 70,
          "bdefend": 16,
          "injury": 85,
          "effect": 21,
          "vrest": 598,
          "dvx": 5,
          "dvy": 5
        }
      ],
      "pic": 2,
      "state": 18,
      "centerx": 7,
      "centery": 49,
      "dvx": 1
    },
    "3": {
      "id": "3",
      "name": "flying",
      "wait": 3,
      "next": {
        "id": "4"
      },
      "itr": [
        {
          "kind": 0,
          "x": 9,
          "y": 32,
          "w": 37,
          "h": 23,
          "fall": 70,
          "bdefend": 16,
          "injury": 85,
          "effect": 21,
          "vrest": 598,
          "dvx": 5,
          "dvy": 5
        }
      ],
      "pic": 3,
      "state": 18,
      "centerx": 9,
      "centery": 53,
      "dvx": 1
    },
    "4": {
      "id": "4",
      "name": "flying",
      "wait": 3,
      "next": {
        "id": "5"
      },
      "itr": [
        {
          "kind": 0,
          "x": 4,
          "y": 28,
          "w": 40,
          "h": 29,
          "fall": 70,
          "bdefend": 16,
          "injury": 85,
          "effect": 21,
          "vrest": 598,
          "dvx": 5,
          "dvy": 5
        }
      ],
      "pic": 4,
      "state": 18,
      "centerx": 4,
      "centery": 55,
      "dvx": 1
    },
    "5": {
      "id": "5",
      "name": "flying",
      "wait": 3,
      "next": {
        "id": "6"
      },
      "itr": [
        {
          "kind": 0,
          "x": 8,
          "y": 19,
          "w": 44,
          "h": 38,
          "fall": 70,
          "bdefend": 16,
          "injury": 85,
          "effect": 21,
          "vrest": 598,
          "dvx": 5,
          "dvy": 5
        }
      ],
      "pic": 5,
      "state": 18,
      "centerx": 6,
      "centery": 54,
      "dvx": 1.5
    },
    "6": {
      "id": "6",
      "name": "flying",
      "wait": 3,
      "next": {
        "id": "7"
      },
      "itr": [
        {
          "kind": 0,
          "x": 6,
          "y": 5,
          "w": 44,
          "h": 42,
          "fall": 70,
          "bdefend": 16,
          "injury": 85,
          "effect": 21,
          "vrest": 598,
          "dvx": 5,
          "dvy": 5
        }
      ],
      "pic": 6,
      "state": 18,
      "centerx": 6,
      "centery": 45,
      "dvx": 2
    },
    "7": {
      "id": "7",
      "name": "flying",
      "wait": 3,
      "next": {
        "id": "8"
      },
      "itr": [
        {
          "kind": 0,
          "x": 10,
          "y": 10,
          "w": 43,
          "h": 39,
          "fall": 70,
          "bdefend": 16,
          "injury": 85,
          "effect": 21,
          "vrest": 598,
          "dvx": 5,
          "dvy": 5
        }
      ],
      "pic": 7,
      "state": 18,
      "centerx": 12,
      "centery": 47,
      "dvx": 2
    },
    "8": {
      "id": "8",
      "name": "flying",
      "wait": 3,
      "next": {
        "id": "9"
      },
      "itr": [
        {
          "kind": 0,
          "x": 6,
          "y": 5,
          "w": 46,
          "h": 46,
          "fall": 70,
          "bdefend": 16,
          "injury": 85,
          "effect": 21,
          "vrest": 598,
          "dvx": 5,
          "dvy": 5
        }
      ],
      "pic": 8,
      "state": 18,
      "centerx": 9,
      "centery": 48,
      "dvx": 2
    },
    "9": {
      "id": "9",
      "name": "flying",
      "wait": 3,
      "next": {
        "id": "100"
      },
      "itr": [
        {
          "kind": 0,
          "x": 7,
          "y": 8,
          "w": 44,
          "h": 49,
          "fall": 70,
          "bdefend": 16,
          "injury": 85,
          "effect": 21,
          "vrest": 598,
          "dvx": 5,
          "dvy": 5
        }
      ],
      "pic": 9,
      "state": 18,
      "centerx": 10,
      "centery": 54,
      "dvx": 1.5
    },
    "10": {
      "id": "10",
      "name": "hiting",
      "wait": 3,
      "next": {
        "id": "11"
      },
      "pic": 15,
      "state": 18,
      "centerx": 44,
      "centery": 42
    },
    "11": {
      "id": "11",
      "name": "hiting",
      "wait": 3,
      "next": {
        "id": "gone"
      },
      "pic": 15,
      "state": 3003,
      "centerx": 40,
      "centery": 42
    },
    "20": {
      "id": "20",
      "name": "hit",
      "wait": 3,
      "next": {
        "id": "21"
      },
      "pic": 15,
      "state": 18,
      "centerx": 44,
      "centery": 42
    },
    "21": {
      "id": "21",
      "name": "hit",
      "wait": 3,
      "next": {
        "id": "gone"
      },
      "pic": 15,
      "state": 3003,
      "centerx": 40,
      "centery": 42
    },
    "30": {
      "id": "30",
      "name": "rebounding",
      "wait": 3,
      "next": {
        "id": "31"
      },
      "pic": 15,
      "state": 18,
      "centerx": 44,
      "centery": 42
    },
    "31": {
      "id": "31",
      "name": "rebounding",
      "wait": 3,
      "next": {
        "id": "gone"
      },
      "pic": 15,
      "state": 3003,
      "centerx": 40,
      "centery": 42
    },
    "50": {
      "id": "50",
      "name": "ground_fire",
      "wait": 3,
      "next": {
        "id": "51"
      },
      "pic": 18,
      "state": 3003,
      "centerx": 16,
      "centery": 47
    },
    "51": {
      "id": "51",
      "name": "ground_fire",
      "wait": 3,
      "next": {
        "id": "52"
      },
      "opoint": [
        {
          "kind": 1,
          "x": -1,
          "y": 47,
          "oid": 211,
          "action": {
            "id": "54"
          },
          "multi": 1,
          "facing": 0
        }
      ],
      "pic": 19,
      "state": 3003,
      "centerx": 16,
      "centery": 47
    },
    "52": {
      "id": "52",
      "name": "ground_fire",
      "wait": 3,
      "next": {
        "id": "53"
      },
      "itr": [
        {
          "kind": 0,
          "x": 0,
          "y": 15,
          "w": 36,
          "h": 32,
          "fall": 70,
          "bdefend": 3,
          "injury": 20,
          "effect": 20,
          "vrest": 38,
          "dvx": -0.5,
          "dvy": 3
        }
      ],
      "pic": 20,
      "state": 3003,
      "centerx": 16,
      "centery": 46
    },
    "53": {
      "id": "53",
      "name": "ground_fire",
      "wait": 3,
      "next": {
        "id": "54"
      },
      "pic": 21,
      "state": 3003,
      "centerx": 16,
      "centery": 46
    },
    "54": {
      "id": "54",
      "name": "ground_fire",
      "wait": 3,
      "next": {
        "id": "55"
      },
      "pic": 22,
      "state": 3003,
      "centerx": 16,
      "centery": 46
    },
    "55": {
      "id": "55",
      "name": "ground_fire",
      "wait": 3,
      "next": {
        "id": "56"
      },
      "pic": 23,
      "state": 3003,
      "centerx": 16,
      "centery": 47
    },
    "56": {
      "id": "56",
      "name": "ground_fire",
      "wait": 3,
      "next": {
        "id": "57"
      },
      "pic": 24,
      "state": 3003,
      "centerx": 16,
      "centery": 46
    },
    "57": {
      "id": "57",
      "name": "ground_fire",
      "wait": 3,
      "next": {
        "id": "58"
      },
      "pic": 25,
      "state": 3003,
      "centerx": 16,
      "centery": 47,
      "hp": 30,
      "on_dead": {
        "id": "70"
      }
    },
    "58": {
      "id": "58",
      "name": "ground_fire",
      "wait": 3,
      "next": {
        "id": "59"
      },
      "pic": 18,
      "state": 3003,
      "centerx": 16,
      "centery": 47
    },
    "59": {
      "id": "59",
      "name": "ground_fire",
      "wait": 3,
      "next": {
        "id": "52"
      },
      "pic": 19,
      "state": 3003,
      "centerx": 16,
      "centery": 47
    },
    "70": {
      "id": "70",
      "name": "ground_fire",
      "wait": 3,
      "next": {
        "id": "71"
      },
      "pic": 26,
      "state": 3003,
      "centerx": 16,
      "centery": 47
    },
    "71": {
      "id": "71",
      "name": "ground_fire",
      "wait": 3,
      "next": {
        "id": "72"
      },
      "pic": 27,
      "state": 3003,
      "centerx": 16,
      "centery": 47
    },
    "72": {
      "id": "72",
      "name": "ground_fire",
      "wait": 3,
      "next": {
        "id": "73"
      },
      "pic": 28,
      "state": 3003,
      "centerx": 16,
      "centery": 47
    },
    "73": {
      "id": "73",
      "name": "ground_fire",
      "wait": 3,
      "next": {
        "id": "gone"
      },
      "pic": 33,
      "state": 3003,
      "centerx": 16,
      "centery": 47
    },
    "74": {
      "id": "74",
      "name": "ground_fire",
      "wait": 3,
      "next": {
        "id": "75"
      },
      "pic": 30,
      "state": 3003,
      "centerx": 16,
      "centery": 47
    },
    "75": {
      "id": "75",
      "name": "ground_fire",
      "wait": 3,
      "next": {
        "id": "76"
      },
      "pic": 31,
      "state": 3003,
      "centerx": 16,
      "centery": 47
    },
    "76": {
      "id": "76",
      "name": "ground_fire",
      "wait": 3,
      "next": {
        "id": "77"
      },
      "pic": 32,
      "state": 3003,
      "centerx": 16,
      "centery": 47
    },
    "100": {
      "id": "100",
      "name": "flying",
      "wait": 3,
      "next": {
        "id": "101"
      },
      "itr": [
        {
          "kind": 0,
          "x": 2,
          "y": 5,
          "w": 51,
          "h": 48,
          "fall": 70,
          "bdefend": 16,
          "injury": 85,
          "effect": 21,
          "vrest": 598,
          "dvx": 5,
          "dvy": 5
        }
      ],
      "pic": 10,
      "state": 18,
      "centerx": 5,
      "centery": 51,
      "dvx": 1.5
    },
    "101": {
      "id": "101",
      "name": "flying",
      "wait": 3,
      "next": {
        "id": "102"
      },
      "itr": [
        {
          "kind": 0,
          "x": 2,
          "y": 13,
          "w": 54,
          "h": 39,
          "fall": 70,
          "bdefend": 16,
          "injury": 85,
          "effect": 21,
          "vrest": 598,
          "dvx": 5,
          "dvy": 5
        }
      ],
      "pic": 11,
      "state": 18,
      "centerx": 3,
      "centery": 54,
      "dvx": 1
    },
    "102": {
      "id": "102",
      "name": "flying",
      "wait": 3,
      "next": {
        "id": "103"
      },
      "itr": [
        {
          "kind": 0,
          "x": 6,
          "y": 6,
          "w": 53,
          "h": 30,
          "fall": 70,
          "bdefend": 16,
          "injury": 85,
          "effect": 21,
          "vrest": 598,
          "dvx": 5,
          "dvy": 5
        }
      ],
      "pic": 12,
      "state": 18,
      "centerx": 0,
      "centery": 47,
      "dvx": 1
    },
    "103": {
      "id": "103",
      "name": "flying",
      "wait": 3,
      "next": {
        "id": "104"
      },
      "itr": [
        {
          "kind": 0,
          "x": 14,
          "y": 7,
          "w": 39,
          "h": 22,
          "fall": 70,
          "bdefend": 16,
          "injury": 85,
          "effect": 21,
          "vrest": 598,
          "dvx": 5,
          "dvy": 5
        }
      ],
      "pic": 13,
      "state": 18,
      "centerx": 4,
      "centery": 45,
      "dvx": 1
    },
    "104": {
      "id": "104",
      "name": "flying",
      "wait": 3,
      "next": {
        "id": "gone"
      },
      "itr": [
        {
          "kind": 0,
          "x": 19,
          "y": 8,
          "w": 31,
          "h": 20,
          "fall": 70,
          "bdefend": 16,
          "injury": 85,
          "effect": 21,
          "vrest": 598,
          "dvx": 5,
          "dvy": 5
        }
      ],
      "pic": 14,
      "state": 18,
      "centerx": 5,
      "centery": 48,
      "dvx": 1
    },
    "109": {
      "id": "109",
      "name": "explosion",
      "wait": 3,
      "next": {
        "id": "110"
      },
      "pic": 48,
      "state": 3000,
      "centerx": 78,
      "centery": 148,
      "speedz": 2,
      "on_hitting": {
        "id": "10"
      },
      "on_be_hit": {
        "id": "20"
      },
      "on_rebounding": {
        "id": "30"
      }
    },
    "110": {
      "id": "110",
      "name": "explosion",
      "wait": 3,
      "next": {
        "id": "111"
      },
      "itr": [
        {
          "kind": 0,
          "x": 23,
          "y": 36,
          "w": 112,
          "h": 110,
          "fall": 70,
          "bdefend": 16,
          "injury": 125,
          "zwidth": 37,
          "effect": 22,
          "vrest": 598,
          "dvx": -6,
          "dvy": 9
        }
      ],
      "pic": 34,
      "state": 18,
      "centerx": 78,
      "centery": 148
    },
    "111": {
      "id": "111",
      "name": "explosion",
      "wait": 3,
      "next": {
        "id": "112"
      },
      "itr": [
        {
          "kind": 0,
          "x": 20,
          "y": 16,
          "w": 122,
          "h": 135,
          "fall": 70,
          "bdefend": 16,
          "injury": 125,
          "zwidth": 37,
          "effect": 22,
          "vrest": 598,
          "dvx": -6,
          "dvy": 9
        }
      ],
      "pic": 35,
      "state": 18,
      "centerx": 78,
      "centery": 148
    },
    "112": {
      "id": "112",
      "name": "explosion",
      "wait": 3,
      "next": {
        "id": "113"
      },
      "itr": [
        {
          "kind": 0,
          "x": 19,
          "y": 18,
          "w": 127,
          "h": 131,
          "fall": 70,
          "bdefend": 16,
          "injury": 125,
          "zwidth": 37,
          "effect": 22,
          "vrest": 598,
          "dvx": -6,
          "dvy": 9
        }
      ],
      "pic": 36,
      "state": 18,
      "centerx": 78,
      "centery": 148
    },
    "113": {
      "id": "113",
      "name": "explosion",
      "wait": 3,
      "next": {
        "id": "114"
      },
      "itr": [
        {
          "kind": 0,
          "x": 7,
          "y": 16,
          "w": 146,
          "h": 132,
          "fall": 70,
          "bdefend": 16,
          "injury": 125,
          "zwidth": 37,
          "effect": 22,
          "vrest": 598,
          "dvx": -6,
          "dvy": 9
        }
      ],
      "pic": 37,
      "state": 18,
      "centerx": 78,
      "centery": 148
    },
    "114": {
      "id": "114",
      "name": "explosion",
      "wait": 3,
      "next": {
        "id": "115"
      },
      "itr": [
        {
          "kind": 0,
          "x": 13,
          "y": 13,
          "w": 137,
          "h": 132,
          "fall": 70,
          "bdefend": 16,
          "injury": 125,
          "zwidth": 37,
          "effect": 22,
          "vrest": 598,
          "dvx": -6,
          "dvy": 9
        }
      ],
      "pic": 38,
      "state": 18,
      "centerx": 78,
      "centery": 150
    },
    "115": {
      "id": "115",
      "name": "explosion",
      "wait": 3,
      "next": {
        "id": "116"
      },
      "itr": [
        {
          "kind": 0,
          "x": 7,
          "y": 14,
          "w": 145,
          "h": 117,
          "fall": 70,
          "bdefend": 16,
          "injury": 125,
          "zwidth": 37,
          "effect": 22,
          "vrest": 598,
          "dvx": -6,
          "dvy": 9
        }
      ],
      "pic": 39,
      "state": 18,
      "centerx": 78,
      "centery": 155
    },
    "116": {
      "id": "116",
      "name": "explosion",
      "wait": 3,
      "next": {
        "id": "117"
      },
      "itr": [
        {
          "kind": 0,
          "x": 15,
          "y": 6,
          "w": 128,
          "h": 123,
          "fall": 70,
          "bdefend": 16,
          "injury": 125,
          "zwidth": 37,
          "effect": 22,
          "vrest": 598,
          "dvx": -6,
          "dvy": 9
        }
      ],
      "pic": 40,
      "state": 18,
      "centerx": 78,
      "centery": 157
    },
    "117": {
      "id": "117",
      "name": "explosion",
      "wait": 3,
      "next": {
        "id": "118"
      },
      "itr": [
        {
          "kind": 0,
          "x": 15,
          "y": 6,
          "w": 128,
          "h": 123,
          "fall": 70,
          "bdefend": 16,
          "injury": 125,
          "zwidth": 37,
          "effect": 22,
          "vrest": 598,
          "dvx": -6,
          "dvy": 9
        }
      ],
      "pic": 41,
      "state": 18,
      "centerx": 78,
      "centery": 164
    },
    "118": {
      "id": "118",
      "name": "explosion",
      "wait": 3,
      "next": {
        "id": "119"
      },
      "pic": 42,
      "state": 18,
      "centerx": 78,
      "centery": 171
    },
    "119": {
      "id": "119",
      "name": "explosion",
      "wait": 3,
      "next": {
        "id": "120"
      },
      "pic": 43,
      "state": 18,
      "centerx": 78,
      "centery": 177
    },
    "120": {
      "id": "120",
      "name": "explosion",
      "wait": 3,
      "next": {
        "id": "gone"
      },
      "pic": 44,
      "state": 18,
      "centerx": 76,
      "centery": 172
    }
  },
  "is_ball_data": true,
  "is_game_obj_data": true,
  "is_base_data": true
}