{
  "id": "204",
  "type": "ball",
  "base": {
    "files": {
      "0": {
        "id": "0",
        "begin": 0,
        "end": 23,
        "path": "sprite/sys/henry_wind.bmp",
        "row": 4,
        "col": 6,
        "cell_w": 81,
        "cell_h": 82
      },
      "1": {
        "id": "1",
        "begin": 24,
        "end": 29,
        "path": "sprite/sys/henry_arrow2.bmp",
        "row": 6,
        "col": 1,
        "cell_w": 48,
        "cell_h": 48
      },
      "2": {
        "id": "2",
        "begin": 30,
        "end": 35,
        "path": "sprite/sys/rudolf_smoke.bmp",
        "row": 6,
        "col": 2,
        "cell_w": 79,
        "cell_h": 79
      }
    },
    "hp": 500,
    "weapon_broken_sound": "data/020.wav.ogg",
    "weapon_drop_sound": "data/020.wav.ogg",
    "weapon_hit_sound": "data/020.wav.ogg"
  },
  "frames": {
    "0": {
      "id": "0",
      "name": "flying",
      "wait": 9,
      "next": {
        "id": "1"
      },
      "bdy": [
        {
          "x": 22,
          "y": 27,
          "w": 55,
          "h": 27
        }
      ],
      "itr": [
        {
          "kind": 0,
          "x": 0,
          "y": 5,
          "w": 78,
          "h": 73,
          "fall": 70,
          "bdefend": 60,
          "injury": 80,
          "vrest": 38,
          "dvx": 12.5
        }
      ],
      "pic": 0,
      "state": 3005,
      "centerx": 40,
      "centery": 41,
      "dvx": 27.5,
      "speedz": 0
    },
    "1": {
      "id": "1",
      "name": "flying",
      "wait": 7,
      "next": {
        "id": "2"
      },
      "bdy": [
        {
          "x": 22,
          "y": 27,
          "w": 55,
          "h": 27
        }
      ],
      "itr": [
        {
          "kind": 0,
          "x": 0,
          "y": 4,
          "w": 80,
          "h": 75,
          "fall": 60,
          "bdefend": 36,
          "injury": 55,
          "vrest": 38,
          "dvx": 9
        }
      ],
      "pic": 1,
      "state": 3005,
      "centerx": 35,
      "centery": 41,
      "dvx": 27.5,
      "speedz": 0
    },
    "2": {
      "id": "2",
      "name": "flying",
      "wait": 5,
      "next": {
        "id": "3"
      },
      "bdy": [
        {
          "x": 22,
          "y": 27,
          "w": 55,
          "h": 27
        }
      ],
      "itr": [
        {
          "kind": 0,
          "x": 2,
          "y": 1,
          "w": 78,
          "h": 78,
          "fall": 40,
          "bdefend": 16,
          "injury": 20,
          "vrest": 38,
          "dvx": 6.5
        }
      ],
      "pic": 2,
      "state": 3005,
      "centerx": 36,
      "centery": 41,
      "dvx": 27.5,
      "speedz": 0
    },
    "3": {
      "id": "3",
      "name": "flying",
      "wait": 5,
      "next": {
        "id": "gone"
      },
      "bdy": [
        {
          "x": 22,
          "y": 27,
          "w": 55,
          "h": 27
        }
      ],
      "itr": [
        {
          "kind": 0,
          "x": 2,
          "y": 3,
          "w": 79,
          "h": 75,
          "fall": 20,
          "bdefend": 16,
          "injury": 5,
          "vrest": 38,
          "dvx": 4.5
        }
      ],
      "pic": 3,
      "state": 3005,
      "centerx": 37,
      "centery": 41,
      "dvx": 27.5,
      "speedz": 0
    },
    "10": {
      "id": "10",
      "name": "hiting",
      "wait": 3,
      "next": {
        "id": "11"
      },
      "pic": 0,
      "state": 3001,
      "centerx": 39,
      "centery": 41
    },
    "11": {
      "id": "11",
      "name": "hiting",
      "wait": 3,
      "next": {
        "id": "12"
      },
      "pic": 1,
      "state": 3001,
      "centerx": 47,
      "centery": 41
    },
    "12": {
      "id": "12",
      "name": "hiting",
      "wait": 3,
      "next": {
        "id": "13"
      },
      "pic": 2,
      "state": 3001,
      "centerx": 57,
      "centery": 41
    },
    "13": {
      "id": "13",
      "name": "hiting",
      "wait": 3,
      "next": {
        "id": "gone"
      },
      "pic": 3,
      "state": 3001,
      "centerx": 67,
      "centery": 41
    },
    "20": {
      "id": "20",
      "name": "hit",
      "wait": 5,
      "next": {
        "id": "21"
      },
      "pic": 4,
      "state": 3002,
      "centerx": 51,
      "centery": 41
    },
    "21": {
      "id": "21",
      "name": "hit",
      "wait": 3,
      "next": {
        "id": "22"
      },
      "pic": 5,
      "state": 3002,
      "centerx": 59,
      "centery": 41
    },
    "22": {
      "id": "22",
      "name": "hit",
      "wait": 3,
      "next": {
        "id": "23"
      },
      "pic": 6,
      "state": 3002,
      "centerx": 54,
      "centery": 38
    },
    "23": {
      "id": "23",
      "name": "hit",
      "wait": 3,
      "next": {
        "id": "gone"
      },
      "pic": 7,
      "state": 3002,
      "centerx": 54,
      "centery": 40
    },
    "30": {
      "id": "30",
      "name": "rebounding",
      "wait": 3,
      "next": {
        "id": "31"
      },
      "pic": 4,
      "state": 3003,
      "centerx": 37,
      "centery": 41
    },
    "31": {
      "id": "31",
      "name": "rebounding",
      "wait": 3,
      "next": {
        "id": "32"
      },
      "pic": 5,
      "state": 3003,
      "centerx": 46,
      "centery": 36
    },
    "32": {
      "id": "32",
      "name": "rebounding",
      "wait": 5,
      "next": {
        "id": "33"
      },
      "pic": 6,
      "state": 3003,
      "centerx": 41,
      "centery": 37
    },
    "33": {
      "id": "33",
      "name": "rebounding",
      "wait": 5,
      "next": {
        "id": "gone"
      },
      "pic": 7,
      "state": 3003,
      "centerx": 37,
      "centery": 39
    },
    "40": {
      "id": "40",
      "name": "disappearing",
      "wait": 3,
      "next": {
        "id": "41"
      },
      "pic": 0,
      "state": 3005,
      "centerx": 37,
      "centery": 41,
      "speedz": 0
    },
    "41": {
      "id": "41",
      "name": "disappearing",
      "wait": 3,
      "next": {
        "id": "42"
      },
      "pic": 1,
      "state": 3005,
      "centerx": 37,
      "centery": 41,
      "speedz": 0
    },
    "42": {
      "id": "42",
      "name": "disappearing",
      "wait": 3,
      "next": {
        "id": "gone"
      },
      "pic": 2,
      "state": 3005,
      "centerx": 28,
      "centery": 41,
      "speedz": 0
    },
    "50": {
      "id": "50",
      "name": "louis_start",
      "wait": 3,
      "next": {
        "id": "51"
      },
      "pic": 1,
      "state": 3001,
      "centerx": 28,
      "centery": 41
    },
    "51": {
      "id": "51",
      "name": "louis_start",
      "wait": 3,
      "next": {
        "id": "52"
      },
      "pic": 1,
      "state": 3001,
      "centerx": 28,
      "centery": 41
    },
    "52": {
      "id": "52",
      "name": "louis_start",
      "wait": 3,
      "next": {
        "id": "53"
      },
      "opoint": [
        {
          "kind": 1,
          "x": 83,
          "y": 44,
          "oid": 204,
          "action": {
            "id": "20"
          },
          "dvx": -2.5,
          "multi": 1,
          "facing": 2
        }
      ],
      "pic": 1,
      "state": 3001,
      "centerx": 53,
      "centery": 41
    },
    "53": {
      "id": "53",
      "name": "louis_flying",
      "wait": 5,
      "next": {
        "id": "1"
      },
      "bdy": [
        {
          "x": 22,
          "y": 27,
          "w": 55,
          "h": 27
        }
      ],
      "itr": [
        {
          "kind": 0,
          "x": 0,
          "y": 5,
          "w": 78,
          "h": 73,
          "fall": 70,
          "bdefend": 60,
          "injury": 60,
          "vrest": 38,
          "dvx": 12.5
        }
      ],
      "pic": 0,
      "state": 3005,
      "centerx": 40,
      "centery": 41,
      "dvx": 27.5,
      "speedz": 0
    },
    "60": {
      "id": "60",
      "name": "rodulf_smoke",
      "wait": 3,
      "next": {
        "id": "61"
      },
      "pic": 30,
      "state": 3001,
      "centerx": 39,
      "centery": 74
    },
    "61": {
      "id": "61",
      "name": "rodulf_smoke",
      "wait": 5,
      "next": {
        "id": "62"
      },
      "pic": 31,
      "state": 3001,
      "centerx": 39,
      "centery": 74
    },
    "62": {
      "id": "62",
      "name": "rodulf_smoke",
      "wait": 5,
      "next": {
        "id": "63"
      },
      "pic": 32,
      "state": 3001,
      "centerx": 39,
      "centery": 74
    },
    "63": {
      "id": "63",
      "name": "rodulf_smoke",
      "wait": 5,
      "next": {
        "id": "64"
      },
      "pic": 33,
      "state": 3001,
      "centerx": 39,
      "centery": 74
    },
    "64": {
      "id": "64",
      "name": "rodulf_smoke",
      "wait": 3,
      "next": {
        "id": "65"
      },
      "pic": 34,
      "state": 3001,
      "centerx": 39,
      "centery": 74
    },
    "65": {
      "id": "65",
      "name": "rodulf_smoke",
      "wait": 3,
      "next": {
        "id": "gone"
      },
      "pic": 35,
      "state": 3001,
      "centerx": 39,
      "centery": 77
    },
    "70": {
      "id": "70",
      "name": "rodulf_smoke",
      "wait": 3,
      "next": {
        "id": "71"
      },
      "pic": 36,
      "state": 3001,
      "centerx": 39,
      "centery": 74
    },
    "71": {
      "id": "71",
      "name": "rodulf_smoke",
      "wait": 5,
      "next": {
        "id": "72"
      },
      "pic": 37,
      "state": 3001,
      "centerx": 39,
      "centery": 74
    },
    "72": {
      "id": "72",
      "name": "rodulf_smoke",
      "wait": 5,
      "next": {
        "id": "73"
      },
      "pic": 38,
      "state": 3001,
      "centerx": 39,
      "centery": 74
    },
    "73": {
      "id": "73",
      "name": "rodulf_smoke",
      "wait": 5,
      "next": {
        "id": "74"
      },
      "pic": 39,
      "state": 3001,
      "centerx": 39,
      "centery": 74
    },
    "74": {
      "id": "74",
      "name": "rodulf_smoke",
      "wait": 3,
      "next": {
        "id": "75"
      },
      "pic": 40,
      "state": 3001,
      "centerx": 39,
      "centery": 74
    },
    "75": {
      "id": "75",
      "name": "rodulf_smoke",
      "wait": 3,
      "next": {
        "id": "gone"
      },
      "pic": 41,
      "state": 3001,
      "centerx": 39,
      "centery": 77
    },
    "80": {
      "id": "80",
      "name": "monk_start",
      "wait": 5,
      "next": {
        "id": "81"
      },
      "pic": 1,
      "state": 3001,
      "centerx": 28,
      "centery": 41
    },
    "81": {
      "id": "81",
      "name": "monk_start",
      "wait": 3,
      "next": {
        "id": "82"
      },
      "opoint": [
        {
          "kind": 1,
          "x": 60,
          "y": 44,
          "oid": 204,
          "action": {
            "id": "20"
          },
          "dvx": -1.5,
          "multi": 1,
          "facing": 2
        }
      ],
      "pic": 1,
      "state": 3001,
      "centerx": 53,
      "centery": 41
    },
    "82": {
      "id": "82",
      "name": "monk_flying",
      "wait": 5,
      "next": {
        "id": "83"
      },
      "bdy": [
        {
          "x": 22,
          "y": 27,
          "w": 55,
          "h": 27
        }
      ],
      "itr": [
        {
          "kind": 0,
          "x": 0,
          "y": 5,
          "w": 78,
          "h": 73,
          "fall": 70,
          "bdefend": 60,
          "injury": 50,
          "vrest": 38,
          "dvx": 9.5
        }
      ],
      "pic": 0,
      "state": 3005,
      "centerx": 40,
      "centery": 41,
      "dvx": 20,
      "speedz": 0
    },
    "83": {
      "id": "83",
      "name": "monk_flying",
      "wait": 7,
      "next": {
        "id": "gone"
      },
      "bdy": [
        {
          "x": 22,
          "y": 27,
          "w": 55,
          "h": 27
        }
      ],
      "itr": [
        {
          "kind": 0,
          "x": 2,
          "y": 1,
          "w": 78,
          "h": 78,
          "fall": 60,
          "bdefend": 50,
          "injury": 35,
          "vrest": 38,
          "dvx": 6
        }
      ],
      "pic": 0,
      "state": 3005,
      "centerx": 36,
      "centery": 41,
      "dvx": 20,
      "speedz": 0
    }
  },
  "is_ball_data": true,
  "is_game_obj_data": true,
  "is_base_data": true
}