{
  "id": "200",
  "type": "ball",
  "base": {
    "files": {
      "0": {
        "id": "0",
        "begin": 0,
        "end": 23,
        "path": "sprite/sys/john_ball.bmp",
        "row": 8,
        "col": 6,
        "cell_w": 81,
        "cell_h": 82
      }
    },
    "hp": 500,
    "weapon_broken_sound": "data/020.wav.ogg",
    "weapon_drop_sound": "data/020.wav.ogg",
    "weapon_hit_sound": "data/020.wav.ogg"
  },
  "frames": {
    "0": {
      "id": "0",
      "name": "flying",
      "wait": 3,
      "next": {
        "id": "1"
      },
      "bdy": [
        {
          "x": 22,
          "y": 27,
          "w": 55,
          "h": 27
        }
      ],
      "itr": [
        {
          "kind": 0,
          "x": 22,
          "y": 27,
          "w": 55,
          "h": 27,
          "fall": 70,
          "bdefend": 16,
          "injury": 55,
          "vrest": 18,
          "dvx": 4.5
        }
      ],
      "pic": 0,
      "state": 3000,
      "centerx": 40,
      "centery": 41,
      "dvx": 9,
      "speedz": 2,
      "on_hitting": {
        "id": "10"
      },
      "on_be_hit": {
        "id": "20"
      },
      "on_rebounding": {
        "id": "30"
      },
      "on_disappearing": {
        "id": "40"
      }
    },
    "1": {
      "id": "1",
      "name": "flying",
      "wait": 3,
      "next": {
        "id": "2"
      },
      "bdy": [
        {
          "x": 22,
          "y": 27,
          "w": 55,
          "h": 27
        }
      ],
      "itr": [
        {
          "kind": 0,
          "x": 22,
          "y": 27,
          "w": 55,
          "h": 27,
          "fall": 70,
          "bdefend": 16,
          "injury": 55,
          "vrest": 18,
          "dvx": 4.5
        }
      ],
      "pic": 1,
      "state": 3000,
      "centerx": 40,
      "centery": 41,
      "dvx": 9,
      "speedz": 2,
      "on_hitting": {
        "id": "10"
      },
      "on_be_hit": {
        "id": "20"
      },
      "on_rebounding": {
        "id": "30"
      },
      "on_disappearing": {
        "id": "40"
      }
    },
    "2": {
      "id": "2",
      "name": "flying",
      "wait": 3,
      "next": {
        "id": "5"
      },
      "bdy": [
        {
          "x": 22,
          "y": 27,
          "w": 55,
          "h": 27
        }
      ],
      "itr": [
        {
          "kind": 0,
          "x": 22,
          "y": 27,
          "w": 55,
          "h": 27,
          "fall": 70,
          "bdefend": 16,
          "injury": 55,
          "vrest": 18,
          "dvx": 4.5
        }
      ],
      "pic": 2,
      "state": 3000,
      "centerx": 40,
      "centery": 41,
      "dvx": 9,
      "speedz": 2,
      "on_hitting": {
        "id": "10"
      },
      "on_be_hit": {
        "id": "20"
      },
      "on_rebounding": {
        "id": "30"
      },
      "on_disappearing": {
        "id": "40"
      }
    },
    "3": {
      "id": "3",
      "name": "flying",
      "wait": 3,
      "next": {
        "id": "4"
      },
      "bdy": [
        {
          "x": 22,
          "y": 27,
          "w": 55,
          "h": 27
        }
      ],
      "itr": [
        {
          "kind": 0,
          "x": 22,
          "y": 27,
          "w": 55,
          "h": 27,
          "fall": 70,
          "bdefend": 16,
          "injury": 55,
          "vrest": 18,
          "dvx": 4.5
        }
      ],
      "pic": 3,
      "state": 3000,
      "centerx": 40,
      "centery": 41,
      "dvx": 9,
      "speedz": 2,
      "on_hitting": {
        "id": "10"
      },
      "on_be_hit": {
        "id": "20"
      },
      "on_rebounding": {
        "id": "30"
      },
      "on_disappearing": {
        "id": "40"
      }
    },
    "4": {
      "id": "4",
      "name": "flying",
      "wait": 3,
      "next": {
        "id": "5"
      },
      "bdy": [
        {
          "x": 22,
          "y": 27,
          "w": 55,
          "h": 27
        }
      ],
      "itr": [
        {
          "kind": 0,
          "x": 22,
          "y": 27,
          "w": 55,
          "h": 27,
          "fall": 70,
          "bdefend": 16,
          "injury": 55,
          "vrest": 18,
          "dvx": 4.5
        }
      ],
      "pic": 2,
      "state": 3000,
      "centerx": 40,
      "centery": 41,
      "dvx": 9,
      "speedz": 2,
      "on_hitting": {
        "id": "10"
      },
      "on_be_hit": {
        "id": "20"
      },
      "on_rebounding": {
        "id": "30"
      },
      "on_disappearing": {
        "id": "40"
      }
    },
    "5": {
      "id": "5",
      "name": "flying",
      "wait": 3,
      "next": {
        "id": "auto"
      },
      "bdy": [
        {
          "x": 22,
          "y": 27,
          "w": 55,
          "h": 27
        }
      ],
      "itr": [
        {
          "kind": 0,
          "x": 22,
          "y": 27,
          "w": 55,
          "h": 27,
          "fall": 70,
          "bdefend": 16,
          "injury": 55,
          "vrest": 18,
          "dvx": 4.5
        }
      ],
      "pic": 1,
      "state": 3000,
      "centerx": 40,
      "centery": 41,
      "dvx": 9,
      "speedz": 2,
      "on_hitting": {
        "id": "10"
      },
      "on_be_hit": {
        "id": "20"
      },
      "on_rebounding": {
        "id": "30"
      },
      "on_disappearing": {
        "id": "40"
      }
    },
    "10": {
      "id": "10",
      "name": "hiting",
      "wait": 3,
      "next": {
        "id": "11"
      },
      "pic": 4,
      "state": 3001,
      "centerx": -10,
      "centery": 41
    },
    "11": {
      "id": "11",
      "name": "hiting",
      "wait": 3,
      "next": {
        "id": "12"
      },
      "pic": 5,
      "state": 3001,
      "centerx": -10,
      "centery": 41
    },
    "12": {
      "id": "12",
      "name": "hiting",
      "wait": 3,
      "next": {
        "id": "13"
      },
      "pic": 6,
      "state": 3001,
      "centerx": -10,
      "centery": 41
    },
    "13": {
      "id": "13",
      "name": "hiting",
      "wait": 3,
      "next": {
        "id": "gone"
      },
      "pic": 7,
      "state": 3001,
      "centerx": -10,
      "centery": 41
    },
    "20": {
      "id": "20",
      "name": "hit",
      "wait": 3,
      "next": {
        "id": "21"
      },
      "pic": 8,
      "state": 3002,
      "centerx": 19,
      "centery": 41
    },
    "21": {
      "id": "21",
      "name": "hit",
      "wait": 3,
      "next": {
        "id": "22"
      },
      "pic": 9,
      "state": 3002,
      "centerx": 19,
      "centery": 41
    },
    "22": {
      "id": "22",
      "name": "hit",
      "wait": 3,
      "next": {
        "id": "23"
      },
      "pic": 10,
      "state": 3002,
      "centerx": 19,
      "centery": 41
    },
    "23": {
      "id": "23",
      "name": "hit",
      "wait": 3,
      "next": {
        "id": "gone"
      },
      "pic": 11,
      "state": 3002,
      "centerx": 19,
      "centery": 41
    },
    "30": {
      "id": "30",
      "name": "rebounding",
      "wait": 3,
      "next": {
        "id": "31"
      },
      "pic": 12,
      "state": 3003,
      "centerx": 19,
      "centery": 41
    },
    "31": {
      "id": "31",
      "name": "rebounding",
      "wait": 3,
      "next": {
        "id": "32"
      },
      "opoint": [
        {
          "kind": 1,
          "x": 19,
          "y": 41,
          "oid": 200,
          "action": {},
          "multi": 1,
          "facing": 2
        }
      ],
      "pic": 13,
      "state": 3003,
      "centerx": 19,
      "centery": 41
    },
    "32": {
      "id": "32",
      "name": "rebounding",
      "wait": 3,
      "next": {
        "id": "33"
      },
      "pic": 14,
      "state": 3003,
      "centerx": 19,
      "centery": 41
    },
    "33": {
      "id": "33",
      "name": "rebounding",
      "wait": 3,
      "next": {
        "id": "gone"
      },
      "pic": 15,
      "state": 3003,
      "centerx": 19,
      "centery": 41
    },
    "40": {
      "id": "40",
      "name": "stars",
      "wait": 7,
      "next": {
        "id": "41"
      },
      "pic": 16,
      "state": 3002,
      "centerx": 40,
      "centery": 41,
      "sound": "data/049.wav.ogg"
    },
    "41": {
      "id": "41",
      "name": "stars",
      "wait": 7,
      "next": {
        "id": "42"
      },
      "opoint": [
        {
          "kind": 1,
          "x": 40,
          "y": 39,
          "oid": 200,
          "action": {
            "id": "44"
          },
          "multi": 1,
          "facing": 0
        }
      ],
      "pic": 17,
      "state": 3002,
      "centerx": 40,
      "centery": 41
    },
    "42": {
      "id": "42",
      "name": "stars",
      "wait": 7,
      "next": {
        "id": "43"
      },
      "pic": 18,
      "state": 3002,
      "centerx": 40,
      "centery": 41
    },
    "43": {
      "id": "43",
      "name": "stars",
      "wait": 7,
      "next": {
        "id": "gone"
      },
      "pic": 19,
      "state": 3002,
      "centerx": 40,
      "centery": 41
    },
    "44": {
      "id": "44",
      "name": "stars",
      "wait": 5,
      "next": {
        "id": "45"
      },
      "pic": 20,
      "state": 3002,
      "centerx": 40,
      "centery": 26
    },
    "45": {
      "id": "45",
      "name": "stars",
      "wait": 5,
      "next": {
        "id": "46"
      },
      "pic": 21,
      "state": 3002,
      "centerx": 40,
      "centery": 26
    },
    "46": {
      "id": "46",
      "name": "stars",
      "wait": 5,
      "next": {
        "id": "47"
      },
      "pic": 22,
      "state": 3002,
      "centerx": 40,
      "centery": 26
    },
    "47": {
      "id": "47",
      "name": "stars",
      "wait": 5,
      "next": {
        "id": "gone"
      },
      "pic": 23,
      "state": 3002,
      "centerx": 40,
      "centery": 26
    },
    "50": {
      "id": "50",
      "name": "healball",
      "wait": 7,
      "next": {
        "id": "51"
      },
      "itr": [
        {
          "kind": 8,
          "x": 25,
          "y": 13,
          "w": 32,
          "h": 34,
          "injury": 100,
          "dvx": 20
        }
      ],
      "pic": 24,
      "state": 3002,
      "centerx": 40,
      "centery": 26,
      "hp": 4.5,
      "on_dead": {
        "id": "55"
      }
    },
    "51": {
      "id": "51",
      "name": "healball",
      "wait": 7,
      "next": {
        "id": "52"
      },
      "itr": [
        {
          "kind": 8,
          "x": 25,
          "y": 13,
          "w": 32,
          "h": 34,
          "injury": 100,
          "dvx": 20
        }
      ],
      "opoint": [
        {
          "kind": 1,
          "x": 40,
          "y": 39,
          "oid": 200,
          "action": {
            "id": "42"
          },
          "multi": 1,
          "facing": 0
        }
      ],
      "pic": 25,
      "state": 3002,
      "centerx": 40,
      "centery": 26,
      "hp": 4.5,
      "on_dead": {
        "id": "55"
      }
    },
    "52": {
      "id": "52",
      "name": "healball",
      "wait": 7,
      "next": {
        "id": "53"
      },
      "itr": [
        {
          "kind": 8,
          "x": 25,
          "y": 13,
          "w": 32,
          "h": 34,
          "injury": 100,
          "dvx": 20
        }
      ],
      "opoint": [
        {
          "kind": 1,
          "x": 40,
          "y": 39,
          "oid": 200,
          "action": {
            "id": "44"
          },
          "multi": 1,
          "facing": 0
        }
      ],
      "pic": 26,
      "state": 3002,
      "centerx": 40,
      "centery": 26,
      "hp": 4.5,
      "on_dead": {
        "id": "55"
      }
    },
    "53": {
      "id": "53",
      "name": "healball",
      "wait": 7,
      "next": {
        "id": "54"
      },
      "itr": [
        {
          "kind": 8,
          "x": 25,
          "y": 13,
          "w": 32,
          "h": 34,
          "injury": 100,
          "dvx": 20
        }
      ],
      "pic": 28,
      "state": 3002,
      "centerx": 40,
      "centery": 26,
      "hp": 4.5,
      "on_dead": {
        "id": "55"
      }
    },
    "54": {
      "id": "54",
      "name": "healball",
      "wait": 7,
      "next": {
        "id": "51"
      },
      "itr": [
        {
          "kind": 8,
          "x": 25,
          "y": 13,
          "w": 32,
          "h": 34,
          "injury": 100,
          "dvx": 20
        }
      ],
      "opoint": [
        {
          "kind": 1,
          "x": 40,
          "y": 39,
          "oid": 200,
          "action": {
            "id": "42"
          },
          "multi": 1,
          "facing": 0
        }
      ],
      "pic": 27,
      "state": 3002,
      "centerx": 40,
      "centery": 26,
      "hp": 4.5,
      "on_dead": {
        "id": "55"
      }
    },
    "55": {
      "id": "55",
      "name": "healball",
      "wait": 5,
      "next": {
        "id": "56"
      },
      "pic": 29,
      "state": 3002,
      "centerx": 40,
      "centery": 26
    },
    "56": {
      "id": "56",
      "name": "healball",
      "wait": 3,
      "next": {
        "id": "57"
      },
      "pic": 30,
      "state": 3002,
      "centerx": 40,
      "centery": 26
    },
    "57": {
      "id": "57",
      "name": "healball",
      "wait": 3,
      "next": {
        "id": "gone"
      },
      "pic": 31,
      "state": 3002,
      "centerx": 40,
      "centery": 26
    },
    "60": {
      "id": "60",
      "name": "forcefield",
      "wait": 5,
      "next": {
        "id": "61"
      },
      "itr": [
        {
          "kind": 9,
          "x": 46,
          "y": 30,
          "w": 10,
          "h": 32,
          "injury": 40,
          "fall": 70,
          "vrest": 14,
          "dvx": 5
        }
      ],
      "pic": 32,
      "state": 3002,
      "centerx": 41,
      "centery": 44,
      "hp": 1.5,
      "on_dead": {
        "id": "67"
      }
    },
    "61": {
      "id": "61",
      "name": "forcefield",
      "wait": 5,
      "next": {
        "id": "62"
      },
      "itr": [
        {
          "kind": 9,
          "x": 41,
          "y": 21,
          "w": 19,
          "h": 47,
          "injury": 40,
          "fall": 70,
          "vrest": 14,
          "dvx": 5
        }
      ],
      "pic": 33,
      "state": 3002,
      "centerx": 41,
      "centery": 45,
      "hp": 1.5,
      "on_dead": {
        "id": "67"
      }
    },
    "62": {
      "id": "62",
      "name": "forcefield",
      "wait": 3,
      "next": {
        "id": "63"
      },
      "itr": [
        {
          "kind": 9,
          "x": 33,
          "y": 15,
          "w": 26,
          "h": 55,
          "injury": 40,
          "fall": 70,
          "vrest": 14,
          "dvx": 5
        }
      ],
      "pic": 34,
      "state": 3002,
      "centerx": 35,
      "centery": 41,
      "sound": "data/051.wav.ogg",
      "hp": 1.5,
      "on_dead": {
        "id": "67"
      }
    },
    "63": {
      "id": "63",
      "name": "forcefield",
      "wait": 3,
      "next": {
        "id": "64"
      },
      "itr": [
        {
          "kind": 9,
          "x": 38,
          "y": 16,
          "w": 21,
          "h": 53,
          "injury": 40,
          "fall": 70,
          "vrest": 14,
          "dvx": 5
        }
      ],
      "pic": 35,
      "state": 3002,
      "centerx": 37,
      "centery": 41,
      "hp": 1.5,
      "on_dead": {
        "id": "67"
      }
    },
    "64": {
      "id": "64",
      "name": "forcefield_dp",
      "wait": 3,
      "next": {
        "id": "62"
      },
      "itr": [
        {
          "kind": 9,
          "x": 36,
          "y": 14,
          "w": 23,
          "h": 55,
          "injury": 40,
          "fall": 70,
          "vrest": 14,
          "dvx": 5
        }
      ],
      "pic": 36,
      "state": 3002,
      "centerx": 37,
      "centery": 41,
      "hp": 1.5,
      "on_dead": {
        "id": "67"
      }
    },
    "65": {
      "id": "65",
      "name": "forcefield",
      "wait": 3,
      "next": {
        "id": "62"
      },
      "itr": [
        {
          "kind": 9,
          "x": 36,
          "y": 14,
          "w": 23,
          "h": 54,
          "injury": 40,
          "fall": 70,
          "vrest": 14,
          "dvx": 5
        }
      ],
      "pic": 35,
      "state": 3002,
      "centerx": 37,
      "centery": 41,
      "hp": 1.5,
      "on_dead": {
        "id": "67"
      }
    },
    "67": {
      "id": "67",
      "name": "forcefield_dp",
      "wait": 5,
      "next": {
        "id": "68"
      },
      "pic": 37,
      "state": 3002,
      "centerx": 39,
      "centery": 40,
      "sound": "data/053.wav.ogg"
    },
    "68": {
      "id": "68",
      "name": "forcefield_dp",
      "wait": 5,
      "next": {
        "id": "69"
      },
      "pic": 38,
      "state": 3002,
      "centerx": 33,
      "centery": 39
    },
    "69": {
      "id": "69",
      "name": "forcefield_dp",
      "wait": 5,
      "next": {
        "id": "gone"
      },
      "pic": 39,
      "state": 3002,
      "centerx": 33,
      "centery": 38
    }
  },
  "is_ball_data": true,
  "is_game_obj_data": true,
  "is_base_data": true
}