{
  "id": "218",
  "type": "weapon",
  "base": {
    "files": {
      "0": {
        "id": "0",
        "begin": 0,
        "end": 99,
        "path": "sprite/sys/weapon11.bmp",
        "row": 10,
        "col": 10,
        "cell_w": 58,
        "cell_h": 58
      }
    },
    "weapon_hp": 1200,
    "weapon_drop_hurt": 200,
    "type": 2,
    "bounce": 0.1,
    "name": "louis_armour",
    "weapon_broken_sound": "data/084.wav.ogg",
    "weapon_drop_sound": "data/084.wav.ogg",
    "weapon_hit_sound": "data/084.wav.ogg"
  },
  "frames": {
    "0": {
      "id": "0",
      "name": "in_the_sky",
      "wait": 7,
      "next": {
        "id": "1"
      },
      "bdy": [
        {
          "x": 8,
          "y": 21,
          "w": 39,
          "h": 39
        }
      ],
      "itr": [
        {
          "kind": 0,
          "x": 8,
          "y": 21,
          "w": 39,
          "h": 39,
          "fall": 70,
          "bdefend": 30,
          "injury": 60,
          "vrest": 32,
          "dvx": 2.5,
          "dvy": 3.5
        }
      ],
      "pic": 0,
      "state": 2000,
      "centerx": 29,
      "centery": 56,
      "hit_a": 0,
      "hit_d": 0,
      "hit_j": 0
    },
    "1": {
      "id": "1",
      "name": "in_the_sky",
      "wait": 5,
      "next": {
        "id": "2"
      },
      "bdy": [
        {
          "x": 8,
          "y": 21,
          "w": 39,
          "h": 39
        }
      ],
      "itr": [
        {
          "kind": 0,
          "x": 8,
          "y": 21,
          "w": 39,
          "h": 39,
          "fall": 70,
          "bdefend": 30,
          "injury": 60,
          "vrest": 32,
          "dvx": 2.5,
          "dvy": 3.5
        }
      ],
      "pic": 1,
      "state": 2000,
      "centerx": 29,
      "centery": 56,
      "hit_a": 0,
      "hit_d": 0,
      "hit_j": 0
    },
    "2": {
      "id": "2",
      "name": "in_the_sky",
      "wait": 7,
      "next": {
        "id": "3"
      },
      "bdy": [
        {
          "x": 8,
          "y": 21,
          "w": 39,
          "h": 39
        }
      ],
      "itr": [
        {
          "kind": 0,
          "x": 8,
          "y": 21,
          "w": 39,
          "h": 39,
          "fall": 70,
          "bdefend": 30,
          "injury": 60,
          "vrest": 32,
          "dvx": 2.5,
          "dvy": 3.5
        }
      ],
      "pic": 2,
      "state": 2000,
      "centerx": 29,
      "centery": 56,
      "hit_a": 0,
      "hit_d": 0,
      "hit_j": 0
    },
    "3": {
      "id": "3",
      "name": "in_the_sky",
      "wait": 5,
      "next": {
        "id": "4"
      },
      "bdy": [
        {
          "x": 8,
          "y": 21,
          "w": 39,
          "h": 39
        }
      ],
      "itr": [
        {
          "kind": 0,
          "x": 8,
          "y": 21,
          "w": 39,
          "h": 39,
          "fall": 70,
          "bdefend": 30,
          "injury": 60,
          "vrest": 32,
          "dvx": 2.5,
          "dvy": 3.5
        }
      ],
      "pic": 3,
      "state": 2000,
      "centerx": 29,
      "centery": 56,
      "hit_a": 0,
      "hit_d": 0,
      "hit_j": 0
    },
    "4": {
      "id": "4",
      "name": "in_the_sky",
      "wait": 7,
      "next": {
        "id": "5"
      },
      "bdy": [
        {
          "x": 8,
          "y": 21,
          "w": 39,
          "h": 39
        }
      ],
      "itr": [
        {
          "kind": 0,
          "x": 8,
          "y": 21,
          "w": 39,
          "h": 39,
          "fall": 70,
          "bdefend": 30,
          "injury": 60,
          "vrest": 32,
          "dvx": 2.5,
          "dvy": 3.5
        }
      ],
      "pic": 4,
      "state": 2000,
      "centerx": 29,
      "centery": 56,
      "hit_a": 0,
      "hit_d": 0,
      "hit_j": 0
    },
    "5": {
      "id": "5",
      "name": "in_the_sky",
      "wait": 5,
      "next": {
        "id": "auto"
      },
      "bdy": [
        {
          "x": 8,
          "y": 21,
          "w": 39,
          "h": 39
        }
      ],
      "itr": [
        {
          "kind": 0,
          "x": 8,
          "y": 21,
          "w": 39,
          "h": 39,
          "fall": 70,
          "bdefend": 30,
          "injury": 60,
          "vrest": 32,
          "dvx": 2.5,
          "dvy": 3.5
        }
      ],
      "pic": 5,
      "state": 2000,
      "centerx": 29,
      "centery": 56,
      "hit_a": 0,
      "hit_d": 0,
      "hit_j": 0
    },
    "10": {
      "id": "10",
      "name": "on_hand",
      "wait": 1,
      "next": {},
      "wpoint": {
        "kind": 2,
        "x": 29,
        "y": 56,
        "weaponact": 35,
        "cover": 0
      },
      "pic": 5,
      "state": 2001,
      "centerx": 29,
      "centery": 56,
      "hit_a": 0,
      "hit_d": 0,
      "hit_j": 0
    },
    "20": {
      "id": "20",
      "name": "on_ground",
      "wait": 1,
      "next": {},
      "bdy": [
        {
          "x": 13,
          "y": 43,
          "w": 31,
          "h": 14
        }
      ],
      "pic": 5,
      "state": 2004,
      "centerx": 29,
      "centery": 56,
      "hit_a": 0,
      "hit_d": 0,
      "hit_j": 0
    },
    "21": {
      "id": "21",
      "name": "just_on_ground",
      "wait": 3,
      "next": {
        "id": "auto"
      },
      "itr": [
        {
          "kind": 0,
          "x": 19,
          "y": 26,
          "w": 21,
          "h": 30,
          "fall": 70,
          "bdefend": 30,
          "injury": 60,
          "vrest": 32,
          "dvx": 2.5,
          "dvy": 3.5
        }
      ],
      "pic": 3,
      "state": 2000,
      "centerx": 29,
      "centery": 56,
      "hit_a": 0,
      "hit_d": 0,
      "hit_j": 0
    },
    "399": {
      "id": "399",
      "name": "dummy",
      "wait": 5,
      "next": {
        "id": "auto"
      },
      "bdy": [
        {
          "x": 12,
          "y": 42,
          "w": 31,
          "h": 14
        }
      ],
      "pic": 5,
      "state": 0,
      "centerx": 29,
      "centery": 56,
      "hit_a": 0,
      "hit_d": 0,
      "hit_j": 0
    }
  },
  "indexes": {
    "in_the_sky": "0",
    "on_ground": "20",
    "just_on_ground": "21",
    "throwing": "0"
  },
  "is_base_data": true,
  "is_game_obj_data": true,
  "is_weapon_data": true
}