{
  "id": "151",
  "type": "weapon",
  "base": {
    "files": {
      "0": {
        "id": "0",
        "begin": 0,
        "end": 99,
        "path": "sprite/sys/weapon3.bmp",
        "row": 10,
        "col": 10,
        "cell_w": 58,
        "cell_h": 58
      }
    },
    "weapon_hp": 400,
    "weapon_drop_hurt": 180,
    "type": 2,
    "bounce": 0.1,
    "name": "wooden_box",
    "weapon_broken_sound": "data/036.wav.ogg",
    "weapon_drop_sound": "data/037.wav.ogg",
    "weapon_hit_sound": "data/035.wav.ogg"
  },
  "frames": {
    "0": {
      "id": "0",
      "name": "in_the_sky",
      "wait": 7,
      "next": {
        "id": "1"
      },
      "bdy": [
        {
          "x": 6,
          "y": 9,
          "w": 44,
          "h": 46
        }
      ],
      "itr": [
        {
          "kind": 0,
          "x": 6,
          "y": 9,
          "w": 44,
          "h": 46,
          "fall": 70,
          "bdefend": 30,
          "injury": 60,
          "vrest": 32,
          "dvx": 2.5,
          "dvy": 3.5
        }
      ],
      "pic": 0,
      "state": 2000,
      "centerx": 29,
      "centery": 56
    },
    "1": {
      "id": "1",
      "name": "in_the_sky",
      "wait": 5,
      "next": {
        "id": "2"
      },
      "bdy": [
        {
          "x": 6,
          "y": 9,
          "w": 44,
          "h": 46
        }
      ],
      "itr": [
        {
          "kind": 0,
          "x": 6,
          "y": 9,
          "w": 44,
          "h": 46,
          "fall": 70,
          "bdefend": 30,
          "injury": 60,
          "vrest": 32,
          "dvx": 2.5,
          "dvy": 3.5
        }
      ],
      "pic": 1,
      "state": 2000,
      "centerx": 29,
      "centery": 56
    },
    "2": {
      "id": "2",
      "name": "in_the_sky",
      "wait": 7,
      "next": {
        "id": "3"
      },
      "bdy": [
        {
          "x": 6,
          "y": 9,
          "w": 44,
          "h": 46
        }
      ],
      "itr": [
        {
          "kind": 0,
          "x": 6,
          "y": 9,
          "w": 44,
          "h": 46,
          "fall": 70,
          "bdefend": 30,
          "injury": 60,
          "vrest": 32,
          "dvx": 2.5,
          "dvy": 3.5
        }
      ],
      "pic": 2,
      "state": 2000,
      "centerx": 29,
      "centery": 56
    },
    "3": {
      "id": "3",
      "name": "in_the_sky",
      "wait": 5,
      "next": {
        "id": "4"
      },
      "bdy": [
        {
          "x": 6,
          "y": 9,
          "w": 44,
          "h": 46
        }
      ],
      "itr": [
        {
          "kind": 0,
          "x": 6,
          "y": 9,
          "w": 44,
          "h": 46,
          "fall": 70,
          "bdefend": 30,
          "injury": 60,
          "vrest": 32,
          "dvx": 2.5,
          "dvy": 3.5
        }
      ],
      "pic": 3,
      "state": 2000,
      "centerx": 29,
      "centery": 56
    },
    "4": {
      "id": "4",
      "name": "in_the_sky",
      "wait": 7,
      "next": {
        "id": "5"
      },
      "bdy": [
        {
          "x": 6,
          "y": 9,
          "w": 44,
          "h": 46
        }
      ],
      "itr": [
        {
          "kind": 0,
          "x": 6,
          "y": 9,
          "w": 44,
          "h": 46,
          "fall": 70,
          "bdefend": 30,
          "injury": 60,
          "vrest": 32,
          "dvx": 2.5,
          "dvy": 3.5
        }
      ],
      "pic": 4,
      "state": 2000,
      "centerx": 29,
      "centery": 56
    },
    "5": {
      "id": "5",
      "name": "in_the_sky",
      "wait": 5,
      "next": {
        "id": "auto"
      },
      "bdy": [
        {
          "x": 6,
          "y": 9,
          "w": 44,
          "h": 46
        }
      ],
      "itr": [
        {
          "kind": 0,
          "x": 6,
          "y": 9,
          "w": 44,
          "h": 46,
          "fall": 70,
          "bdefend": 30,
          "injury": 60,
          "vrest": 32,
          "dvx": 2.5,
          "dvy": 3.5
        }
      ],
      "pic": 5,
      "state": 2000,
      "centerx": 29,
      "centery": 56
    },
    "10": {
      "id": "10",
      "name": "on_hand",
      "wait": 1,
      "next": {},
      "wpoint": {
        "kind": 2,
        "x": 29,
        "y": 56,
        "weaponact": 35,
        "cover": 0
      },
      "pic": 5,
      "state": 2001,
      "centerx": 29,
      "centery": 56
    },
    "20": {
      "id": "20",
      "name": "on_ground",
      "wait": 1,
      "next": {},
      "bdy": [
        {
          "x": 11,
          "y": 10,
          "w": 36,
          "h": 50
        }
      ],
      "itr": [
        {
          "kind": 14,
          "x": 21,
          "y": 37,
          "w": 16,
          "h": 18,
          "vrest": 2
        }
      ],
      "pic": 5,
      "state": 2004,
      "centerx": 29,
      "centery": 51
    },
    "21": {
      "id": "21",
      "name": "just_on_ground",
      "wait": 3,
      "next": {
        "id": "auto"
      },
      "itr": [
        {
          "kind": 0,
          "x": 6,
          "y": 9,
          "w": 44,
          "h": 46,
          "fall": 70,
          "bdefend": 30,
          "injury": 60,
          "vrest": 32,
          "dvx": 2.5,
          "dvy": 3.5
        }
      ],
      "pic": 3,
      "state": 2000,
      "centerx": 29,
      "centery": 56
    },
    "399": {
      "id": "399",
      "name": "dummy",
      "wait": 5,
      "next": {
        "id": "auto"
      },
      "bdy": [
        {
          "x": 1,
          "y": 19,
          "w": 46,
          "h": 15
        }
      ],
      "pic": 5,
      "state": 0,
      "centerx": 29,
      "centery": 56
    }
  },
  "indexes": {
    "in_the_sky": "0",
    "on_ground": "20",
    "just_on_ground": "21",
    "throwing": "0"
  },
  "is_base_data": true,
  "is_game_obj_data": true,
  "is_weapon_data": true
}