{
  "type": "background",
  "id": "bg_2",
  "base": {
    "name": "Lion_Forest",
    "shadow": "bg/sys/lf/s.bmp",
    "shadowsize": [
      37,
      9
    ],
    "left": 0,
    "right": 3200,
    "far": -370,
    "near": -90
  },
  "layers": [
    {
      "width": 800,
      "x": 0,
      "file": "bg/sys/lf/forests.bmp",
      "y": 422,
      "z": -10
    },
    {
      "width": 1100,
      "x": 0,
      "file": "bg/sys/lf/forestm1.bmp",
      "y": 403,
      "z": -9
    },
    {
      "width": 1100,
      "x": 800,
      "file": "bg/sys/lf/forestm2.bmp",
      "y": 403,
      "z": -8
    },
    {
      "width": 1400,
      "x": 0,
      "file": "bg/sys/lf/forestm3.bmp",
      "y": 380,
      "z": -7
    },
    {
      "width": 1400,
      "x": 1216,
      "file": "bg/sys/lf/forestm4.bmp",
      "y": 395,
      "z": -6
    },
    {
      "width": 2900,
      "x": 0,
      "loop": 253,
      "file": "bg/sys/lf/forestt.bmp",
      "y": 351,
      "z": -5
    },
    {
      "x": 0,
      "width": 794,
      "height": 172,
      "y": 194,
      "z": -4,
      "absolute": 1,
      "color": "rgb(16,79,16)"
    },
    {
      "width": 2950,
      "x": 0,
      "loop": 520,
      "file": "bg/sys/lf/land1.bmp",
      "y": 194,
      "z": -3
    },
    {
      "width": 3070,
      "x": 300,
      "loop": 530,
      "file": "bg/sys/lf/land2.bmp",
      "y": 165,
      "z": -2
    },
    {
      "width": 3200,
      "x": 600,
      "loop": 570,
      "file": "bg/sys/lf/land4.bmp",
      "y": 130,
      "z": -1
    }
  ]
}