{
  "name": "设置页",
  "id": "ctrl_settings",
  "bg_color": "rgb(16, 32, 108)",
  "pos": "0, -450",
  "size": "794, 450",
  "key_press_actions": [
    [
      "escape",
      "goto(entry)"
    ]
  ],
  "items": [
    {
      "id": "bg_left",
      "which": "f:random_int_in_range(0,12,1)",
      "img": [
        "sprite/MENU_BACK1.png",
        "sprite/MENU_BACK2.png",
        "sprite/MENU_BACK3.png",
        "sprite/MENU_BACK4.png",
        "sprite/MENU_BACK5.png",
        "sprite/MENU_BACK6.png",
        "sprite/MENU_BACK7.png",
        "sprite/MENU_BACK8.png",
        "sprite/MENU_BACK9.png",
        "sprite/MENU_BACK10.png",
        "sprite/MENU_BACK11.png",
        "sprite/MENU_BACK12.png",
        "sprite/MENU_BACK13.png"
      ],
      "rect": "0, 0, 378, 546",
      "size": "0, 450"
    },
    {
      "id": "bg_right",
      "which": "f:random_int_in_range(0,12,1)",
      "img": [
        "sprite/MENU_BACK1.png",
        "sprite/MENU_BACK2.png",
        "sprite/MENU_BACK3.png",
        "sprite/MENU_BACK4.png",
        "sprite/MENU_BACK5.png",
        "sprite/MENU_BACK6.png",
        "sprite/MENU_BACK7.png",
        "sprite/MENU_BACK8.png",
        "sprite/MENU_BACK9.png",
        "sprite/MENU_BACK10.png",
        "sprite/MENU_BACK11.png",
        "sprite/MENU_BACK12.png",
        "sprite/MENU_BACK13.png"
      ],
      "rect": "0, 0, 378, 546",
      "center": "1, 0",
      "size": "0, 450",
      "pos": "794, 0",
      "flip_x": true
    },
    {
      "id": "main_title",
      "img": "sprite/MENU_CLIP.png",
      "rect": "0, 41, 496, 80",
      "center": "0.5, 0",
      "pos": "398, 0"
    },
    {
      "id": "main_menu",
      "img": "sprite/MENU_CLIP2.png",
      "rect": "0, 0, 704, 353",
      "center": "0.5, 0.5",
      "pos": "397, 255",
      "items": [
        {
          "id": "player_1",
          "pos": "-205,-141",
          "items": [
            {
              "id": "btn_player_name",
              "component": "player_name_input(1)",
              "txt": "player_name_input(1)",
              "size": "106, 19"
            },
            {
              "id": "btn_ctrl_type",
              "component": "player_ctrl_type(1)",
              "img": [
                "sprite/CS6.png",
                "sprite/CS2.png",
                "sprite/CS3.png",
                "sprite/CS4.png",
                "sprite/CS5.png"
              ],
              "pos": "0, 26",
              "actions": {
                "click": "loop_img()"
              }
            },
            {
              "id": "btn_key_set_U",
              "component": "key_set(1,U)",
              "pos": "0, 124",
              "size": "106, 19"
            },
            {
              "id": "btn_key_set_D",
              "component": "key_set(1,D)",
              "pos": "0, 146",
              "size": "106, 19"
            },
            {
              "id": "btn_key_set_L",
              "component": "key_set(1,L)",
              "pos": "0, 168",
              "size": "106, 19"
            },
            {
              "id": "btn_key_set_R",
              "component": "key_set(1,R)",
              "pos": "0, 190",
              "size": "106, 19"
            },
            {
              "id": "btn_key_set_a",
              "component": "key_set(1,a)",
              "pos": "0, 212",
              "size": "106, 19"
            },
            {
              "id": "btn_key_set_j",
              "component": "key_set(1,j)",
              "pos": "0, 234",
              "size": "106, 19"
            },
            {
              "id": "btn_key_set_d",
              "component": "key_set(1,d)",
              "pos": "0, 256",
              "size": "106, 19"
            }
          ]
        },
        {
          "id": "player_2",
          "pos": "-66,-141",
          "items": [
            {
              "id": "btn_player_name",
              "component": "player_name_input(2)",
              "txt": "player_name_input(2)",
              "size": "106, 19"
            },
            {
              "id": "btn_ctrl_type",
              "component": "player_ctrl_type(2)",
              "img": [
                "sprite/CS6.png",
                "sprite/CS2.png",
                "sprite/CS3.png",
                "sprite/CS4.png",
                "sprite/CS5.png"
              ],
              "pos": "0, 26",
              "actions": {
                "click": "loop_img()"
              }
            },
            {
              "id": "btn_key_set_U",
              "component": "key_set(2,U)",
              "pos": "0, 124",
              "size": "106, 19"
            },
            {
              "id": "btn_key_set_D",
              "component": "key_set(2,D)",
              "pos": "0, 146",
              "size": "106, 19"
            },
            {
              "id": "btn_key_set_L",
              "component": "key_set(2,L)",
              "pos": "0, 168",
              "size": "106, 19"
            },
            {
              "id": "btn_key_set_R",
              "component": "key_set(2,R)",
              "pos": "0, 190",
              "size": "106, 19"
            },
            {
              "id": "btn_key_set_a",
              "component": "key_set(2,a)",
              "pos": "0, 212",
              "size": "106, 19"
            },
            {
              "id": "btn_key_set_j",
              "component": "key_set(2,j)",
              "pos": "0, 234",
              "size": "106, 19"
            },
            {
              "id": "btn_key_set_d",
              "component": "key_set(2,d)",
              "pos": "0, 256",
              "size": "106, 19"
            }
          ]
        },
        {
          "id": "player_3",
          "pos": "73,-141",
          "items": [
            {
              "id": "btn_player_name",
              "component": "player_name_input(3)",
              "txt": "player_name_input(3)",
              "size": "106, 19"
            },
            {
              "id": "btn_ctrl_type",
              "component": "player_ctrl_type(3)",
              "img": [
                "sprite/CS6.png",
                "sprite/CS2.png",
                "sprite/CS3.png",
                "sprite/CS4.png",
                "sprite/CS5.png"
              ],
              "pos": "0, 26",
              "actions": {
                "click": "loop_img()"
              }
            },
            {
              "id": "btn_key_set_U",
              "component": "key_set(3,U)",
              "pos": "0, 124",
              "size": "106, 19"
            },
            {
              "id": "btn_key_set_D",
              "component": "key_set(3,D)",
              "pos": "0, 146",
              "size": "106, 19"
            },
            {
              "id": "btn_key_set_L",
              "component": "key_set(3,L)",
              "pos": "0, 168",
              "size": "106, 19"
            },
            {
              "id": "btn_key_set_R",
              "component": "key_set(3,R)",
              "pos": "0, 190",
              "size": "106, 19"
            },
            {
              "id": "btn_key_set_a",
              "component": "key_set(3,a)",
              "pos": "0, 212",
              "size": "106, 19"
            },
            {
              "id": "btn_key_set_j",
              "component": "key_set(3,j)",
              "pos": "0, 234",
              "size": "106, 19"
            },
            {
              "id": "btn_key_set_d",
              "component": "key_set(3,d)",
              "pos": "0, 256",
              "size": "106, 19"
            }
          ]
        },
        {
          "id": "player_4",
          "pos": "212,-141",
          "items": [
            {
              "id": "btn_player_name",
              "component": "player_name_input(4)",
              "txt": "player_name_input(4)",
              "size": "106, 19"
            },
            {
              "id": "btn_ctrl_type",
              "component": "player_ctrl_type(4)",
              "img": [
                "sprite/CS6.png",
                "sprite/CS2.png",
                "sprite/CS3.png",
                "sprite/CS4.png",
                "sprite/CS5.png"
              ],
              "pos": "0, 26",
              "actions": {
                "click": "loop_img()"
              }
            },
            {
              "id": "btn_key_set_U",
              "component": "key_set(4,U)",
              "pos": "0, 124",
              "size": "106, 19"
            },
            {
              "id": "btn_key_set_D",
              "component": "key_set(4,D)",
              "pos": "0, 146",
              "size": "106, 19"
            },
            {
              "id": "btn_key_set_L",
              "component": "key_set(4,L)",
              "pos": "0, 168",
              "size": "106, 19"
            },
            {
              "id": "btn_key_set_R",
              "component": "key_set(4,R)",
              "pos": "0, 190",
              "size": "106, 19"
            },
            {
              "id": "btn_key_set_a",
              "component": "key_set(4,a)",
              "pos": "0, 212",
              "size": "106, 19"
            },
            {
              "id": "btn_key_set_j",
              "component": "key_set(4,j)",
              "pos": "0, 234",
              "size": "106, 19"
            },
            {
              "id": "btn_key_set_d",
              "component": "key_set(4,d)",
              "pos": "0, 256",
              "size": "106, 19"
            }
          ]
        }
      ]
    },
    {
      "id": "btn_confirm",
      "opacity": "f:opacity_hover(0,1)",
      "img": "sprite/MENU_CLIP.png",
      "rect": "489, 426, 151, 26",
      "pos": "407, 399",
      "actions": {
        "click": "goto(entry)"
      }
    },
    {
      "id": "btn_cancel",
      "opacity": "f:opacity_hover(0,1)",
      "img": "sprite/MENU_CLIP.png",
      "rect": "643, 426, 151, 26",
      "pos": "579, 399",
      "actions": {
        "click": "goto(entry)"
      }
    },
    {
      "id": "btn_move_table_normal",
      "img": "sprite/MENU_CLIP2.png",
      "rect": "0, 354, 494, 23",
      "center": "0, 1",
      "pos": "0, 450"
    },
    {
      "opacity": "f:opacity_hover(0,1)",
      "id": "btn_move_table_hover",
      "img": "sprite/MENU_CLIP2.png",
      "rect": "0, 379, 494, 23",
      "center": "0, 1",
      "pos": "0, 450",
      "actions": {
        "click": "link_to(https://lf2.net/control.html)"
      }
    }
  ]
}