{
  "name": "入口页",
  "id": "entry",
  "bg_color": "rgb(16, 32, 108)",
  "items": [
    {
      "id": "bg_left",
      "which": "f:random_int_in_range(0,12,1)",
      "img": [
        "sprite/MENU_BACK1.png",
        "sprite/MENU_BACK2.png",
        "sprite/MENU_BACK3.png",
        "sprite/MENU_BACK4.png",
        "sprite/MENU_BACK5.png",
        "sprite/MENU_BACK6.png",
        "sprite/MENU_BACK7.png",
        "sprite/MENU_BACK8.png",
        "sprite/MENU_BACK9.png",
        "sprite/MENU_BACK10.png",
        "sprite/MENU_BACK11.png",
        "sprite/MENU_BACK12.png",
        "sprite/MENU_BACK13.png"
      ],
      "size": "0, 450"
    },
    {
      "id": "bg_right",
      "which": "f:random_int_in_range(0,12,1)",
      "img": [
        "sprite/MENU_BACK1.png",
        "sprite/MENU_BACK2.png",
        "sprite/MENU_BACK3.png",
        "sprite/MENU_BACK4.png",
        "sprite/MENU_BACK5.png",
        "sprite/MENU_BACK6.png",
        "sprite/MENU_BACK7.png",
        "sprite/MENU_BACK8.png",
        "sprite/MENU_BACK9.png",
        "sprite/MENU_BACK10.png",
        "sprite/MENU_BACK11.png",
        "sprite/MENU_BACK12.png",
        "sprite/MENU_BACK13.png"
      ],
      "size": "0, 450",
      "center": "1, 0",
      "pos": "794, 0",
      "flip_x": true
    },
    {
      "id": "main_title",
      "img": "sprite/MENU_CLIP.png",
      "rect": "0, 41, 496, 80",
      "center": "0.5, 0",
      "pos": "398, 40"
    },
    {
      "id": "main_menu",
      "img": "sprite/MENU_CLIP.png",
      "rect": "10, 135, 262, 99",
      "center": "0.5, 0.5",
      "pos": "397, 270",
      "items": [
        {
          "id": "btn_start_local_game",
          "opacity": "f:opacity_hover(0,1)",
          "img": "sprite/MENU_CLIP.png",
          "rect": "535, 105, 256, 26",
          "center": "0.5, 0",
          "pos": "1, -46",
          "tab_type": "ud",
          "actions": {
            "click": [
              "goto(loading)",
              "load_default_data()"
            ]
          }
        },
        {
          "id": "btn_network_game",
          "opacity": "f:opacity_hover(0,1)",
          "img": "sprite/MENU_CLIP.png",
          "rect": "535, 137, 256, 26",
          "center": "0.5, 0",
          "pos": "1, -14",
          "tab_type": "ud",
          "actions": {
            "click": "alert(还没想好呢)"
          }
        },
        {
          "id": "btn_ctrl_settings",
          "opacity": "f:opacity_hover(0,1)",
          "img": "sprite/MENU_CLIP.png",
          "rect": "535, 168, 256, 26",
          "center": "0.5, 0",
          "pos": "1, 17",
          "tab_type": "ud",
          "actions": {
            "click": "goto(ctrl_settings)"
          }
        }
      ]
    }
  ]
}