{
  "name": "加载页",
  "id": "loading",
  "bg_color": "rgb(16, 32, 108)",
  "key_press_actions": [
    [
      "escape",
      "goto(entry)"
    ]
  ],
  "items": [
    {
      "id": "bg_wait",
      "img": "sprite/MENU_WAIT.png",
      "size": "794, 0"
    },
    {
      "id": "txt_loading_content",
      "component": "game_loading_file_name()",
      "pos": "769, 59",
      "center": "1, 0",
      "font": "18px Arial"
    },
    {
      "id": "stage_transition",
      "component": "stage_transitions()"
    }
  ]
}