{
  "name": "角色选择页",
  "id": "user_selection",
  "bg_color": "rgb(0, 0, 0)",
  "key_press_actions": [
    [
      "escape",
      "goto(entry)"
    ]
  ],
  "component": [
    "player_c_sel_logic(1)",
    "player_c_sel_logic(2)",
    "player_c_sel_logic(3)",
    "player_c_sel_logic(4)",
    "player_c_sel_logic(5)",
    "player_c_sel_logic(6)",
    "player_c_sel_logic(7)",
    "player_c_sel_logic(8)",
    "game_prepare_logic()"
  ],
  "items": [
    {
      "id": "frame",
      "img": "sprite/CHARMENU.png",
      "center": "0.5, 0.5",
      "pos": "397, 225",
      "items": [
        {
          "id": "players_row_1",
          "pos": "0,-192",
          "items": [
            {
              "id": "player_layout_0",
              "pos": "-246,0",
              "items": [
                {
                  "id": "player_c_head",
                  "size": "120, 120",
                  "pos": "0, 0",
                  "component": "player_c_head(1)"
                },
                {
                  "id": "player_name",
                  "size": "120, 19",
                  "pos": "0, 123",
                  "component": "player_name(1)"
                },
                {
                  "id": "player_c_name",
                  "size": "120, 19",
                  "pos": "0, 145",
                  "component": "player_c_name(1)"
                },
                {
                  "id": "player_team",
                  "size": "120, 19",
                  "pos": "0, 167",
                  "component": "player_t_name(1)"
                }
              ]
            },
            {
              "id": "player_layout_1",
              "pos": "-93,0",
              "items": [
                {
                  "id": "player_c_head",
                  "size": "120, 120",
                  "pos": "0, 0",
                  "component": "player_c_head(2)"
                },
                {
                  "id": "player_name",
                  "size": "120, 19",
                  "pos": "0, 123",
                  "component": "player_name(2)"
                },
                {
                  "id": "player_c_name",
                  "size": "120, 19",
                  "pos": "0, 145",
                  "component": "player_c_name(2)"
                },
                {
                  "id": "player_team",
                  "size": "120, 19",
                  "pos": "0, 167",
                  "component": "player_t_name(2)"
                }
              ]
            },
            {
              "id": "player_layout_2",
              "pos": "60,0",
              "items": [
                {
                  "id": "player_c_head",
                  "size": "120, 120",
                  "pos": "0, 0",
                  "component": "player_c_head(3)"
                },
                {
                  "id": "player_name",
                  "size": "120, 19",
                  "pos": "0, 123",
                  "component": "player_name(3)"
                },
                {
                  "id": "player_c_name",
                  "size": "120, 19",
                  "pos": "0, 145",
                  "component": "player_c_name(3)"
                },
                {
                  "id": "player_team",
                  "size": "120, 19",
                  "pos": "0, 167",
                  "component": "player_t_name(3)"
                }
              ]
            },
            {
              "id": "player_layout_3",
              "pos": "213,0",
              "items": [
                {
                  "id": "player_c_head",
                  "size": "120, 120",
                  "pos": "0, 0",
                  "component": "player_c_head(4)"
                },
                {
                  "id": "player_name",
                  "size": "120, 19",
                  "pos": "0, 123",
                  "component": "player_name(4)"
                },
                {
                  "id": "player_c_name",
                  "size": "120, 19",
                  "pos": "0, 145",
                  "component": "player_c_name(4)"
                },
                {
                  "id": "player_team",
                  "size": "120, 19",
                  "pos": "0, 167",
                  "component": "player_t_name(4)"
                }
              ]
            }
          ]
        },
        {
          "id": "players_row_2",
          "pos": "0,5",
          "items": [
            {
              "id": "player_layout_4",
              "pos": "-246,0",
              "items": [
                {
                  "id": "player_c_head",
                  "size": "120, 120",
                  "pos": "0, 0",
                  "component": "player_c_head(5)"
                },
                {
                  "id": "player_name",
                  "size": "120, 19",
                  "pos": "0, 123",
                  "component": "player_name(5)"
                },
                {
                  "id": "player_c_name",
                  "size": "120, 19",
                  "pos": "0, 145",
                  "component": "player_c_name(5)"
                },
                {
                  "id": "player_team",
                  "size": "120, 19",
                  "pos": "0, 167",
                  "component": "player_t_name(5)"
                }
              ]
            },
            {
              "id": "player_layout_5",
              "pos": "-93,0",
              "items": [
                {
                  "id": "player_c_head",
                  "size": "120, 120",
                  "pos": "0, 0",
                  "component": "player_c_head(6)"
                },
                {
                  "id": "player_name",
                  "size": "120, 19",
                  "pos": "0, 123",
                  "component": "player_name(6)"
                },
                {
                  "id": "player_c_name",
                  "size": "120, 19",
                  "pos": "0, 145",
                  "component": "player_c_name(6)"
                },
                {
                  "id": "player_team",
                  "size": "120, 19",
                  "pos": "0, 167",
                  "component": "player_t_name(6)"
                }
              ]
            },
            {
              "id": "player_layout_6",
              "pos": "60,0",
              "items": [
                {
                  "id": "player_c_head",
                  "size": "120, 120",
                  "pos": "0, 0",
                  "component": "player_c_head(7)"
                },
                {
                  "id": "player_name",
                  "size": "120, 19",
                  "pos": "0, 123",
                  "component": "player_name(7)"
                },
                {
                  "id": "player_c_name",
                  "size": "120, 19",
                  "pos": "0, 145",
                  "component": "player_c_name(7)"
                },
                {
                  "id": "player_team",
                  "size": "120, 19",
                  "pos": "0, 167",
                  "component": "player_t_name(7)"
                }
              ]
            },
            {
              "id": "player_layout_7",
              "pos": "213,0",
              "items": [
                {
                  "id": "player_c_head",
                  "size": "120, 120",
                  "pos": "0, 0",
                  "component": "player_c_head(8)"
                },
                {
                  "id": "player_name",
                  "size": "120, 19",
                  "pos": "0, 123",
                  "component": "player_name(8)"
                },
                {
                  "id": "player_c_name",
                  "size": "120, 19",
                  "pos": "0, 145",
                  "component": "player_c_name(8)"
                },
                {
                  "id": "player_team",
                  "size": "120, 19",
                  "pos": "0, 167",
                  "component": "player_t_name(8)"
                }
              ]
            }
          ]
        }
      ]
    },
    {
      "id": "menu",
      "img": "sprite/MENU_CLIP3.png",
      "rect": "348,0,304,166",
      "pos": "10,10",
      "visible": false,
      "items": [
        {
          "id": "btn_start",
          "img": "sprite/MENU_CLIP3.png",
          "rect": "407,183,126,21",
          "visible": "mouse_on_me==1",
          "pos": "89,13",
          "actions": {
            "click": "alert(btn_start)"
          }
        },
        {
          "id": "btn_cancel",
          "img": "sprite/MENU_CLIP3.png",
          "rect": "379,206,186,21",
          "visible": "mouse_on_me==1",
          "pos": "61,36",
          "actions": {
            "click": "alert(btn_cancel)"
          }
        },
        {
          "id": "btn_update_random",
          "img": "sprite/MENU_CLIP3.png",
          "rect": "355,231,235,21",
          "visible": "mouse_on_me==1",
          "pos": "37,61",
          "actions": {
            "click": "alert(btn_update_random)"
          }
        },
        {
          "id": "btn_game_bg",
          "img": "sprite/MENU_CLIP3.png",
          "rect": "330,254,279,22",
          "visible": "mouse_on_me==1",
          "pos": "12,84",
          "actions": {
            "click": "alert(btn_game_bg)"
          }
        },
        {
          "id": "btn_game_stage_bg",
          "img": "sprite/MENU_CLIP3.png",
          "rect": "330,363,279,22",
          "visible": true,
          "pos": "12,84"
        },
        {
          "id": "btn_game_stage_hover",
          "img": "sprite/MENU_CLIP3.png",
          "rect": "330,332,279,22",
          "visible": "mouse_on_me==1",
          "pos": "12,84",
          "actions": {
            "click": "alert(btn_game_stage_hover)"
          }
        },
        {
          "id": "btn_game_level",
          "img": "sprite/MENU_CLIP3.png",
          "rect": "352,278,228,22",
          "visible": "mouse_on_me==1",
          "pos": "34,108",
          "actions": {
            "click": "alert(btn_game_level)"
          }
        },
        {
          "id": "btn_exit",
          "img": "sprite/MENU_CLIP3.png",
          "rect": "416,304,111,19",
          "visible": "mouse_on_me==1",
          "pos": "98,134",
          "actions": {
            "click": "alert(btn_exit)"
          }
        }
      ]
    },
    {
      "id": "how_many_computer",
      "img": "sprite/CMC.png",
      "pos": "204,175,1",
      "items": [
        {
          "txt": "0",
          "opacity": "opacity_hover",
          "pos": "30,70",
          "component": "com_number(0)",
          "style": {
            "font": "16px Arial"
          }
        },
        {
          "txt": "1",
          "opacity": "opacity_hover",
          "pos": "70,70",
          "component": "com_number(1)",
          "style": {
            "font": "16px Arial"
          }
        },
        {
          "txt": "2",
          "opacity": "opacity_hover",
          "pos": "110,70",
          "component": "com_number(2)",
          "style": {
            "font": "16px Arial"
          }
        },
        {
          "txt": "3",
          "opacity": "opacity_hover",
          "pos": "150,70",
          "component": "com_number(3)",
          "style": {
            "font": "16px Arial"
          }
        },
        {
          "txt": "4",
          "opacity": "opacity_hover",
          "pos": "190,70",
          "component": "com_number(4)",
          "style": {
            "font": "16px Arial"
          }
        },
        {
          "txt": "5",
          "opacity": "opacity_hover",
          "pos": "230,70",
          "component": "com_number(5)",
          "style": {
            "font": "16px Arial"
          }
        },
        {
          "txt": "6",
          "opacity": "opacity_hover",
          "pos": "270,70",
          "component": "com_number(6)",
          "style": {
            "font": "16px Arial"
          }
        },
        {
          "txt": "7",
          "opacity": "opacity_hover",
          "pos": "310,70",
          "component": "com_number(7)",
          "style": {
            "font": "16px Arial"
          }
        }
      ]
    }
  ]
}