{
  "id": "bg_r_face",
  "name": "UI: 背景右边脸",
  "center": "1, 0",
  "size": "0, 450",
  "pos": "794, 0",
  "flip_x": true,
  "component": [
    "RandomImgOnLayoutResume(entry_page)"
  ],
  "img": [
    {
      "w": 409,
      "h": 546,
      "path": "sprite/MENU_BACK1.png"
    },
    {
      "w": 409,
      "h": 546,
      "path": "sprite/MENU_BACK2.png"
    },
    {
      "w": 409,
      "h": 546,
      "path": "sprite/MENU_BACK3.png"
    },
    {
      "w": 409,
      "h": 546,
      "path": "sprite/MENU_BACK4.png"
    },
    {
      "w": 409,
      "h": 546,
      "path": "sprite/MENU_BACK5.png"
    },
    {
      "w": 409,
      "h": 546,
      "path": "sprite/MENU_BACK6.png"
    },
    {
      "w": 409,
      "h": 546,
      "path": "sprite/MENU_BACK7.png"
    },
    {
      "w": 409,
      "h": 546,
      "path": "sprite/MENU_BACK8.png"
    },
    {
      "w": 409,
      "h": 546,
      "path": "sprite/MENU_BACK9.png"
    },
    {
      "w": 409,
      "h": 546,
      "path": "sprite/MENU_BACK10.png"
    },
    {
      "w": 409,
      "h": 546,
      "path": "sprite/MENU_BACK11.png"
    },
    {
      "w": 409,
      "h": 546,
      "path": "sprite/MENU_BACK12.png"
    },
    {
      "w": 409,
      "h": 546,
      "path": "sprite/MENU_BACK13.png"
    }
  ]
}