{
  "name": "页面：直播弹幕游戏模式",
  "id": "danmu_game_page",
  "component": [
    "DanmuGameLogic()",
    "CameraCtrl()"
  ],
  "key_press_actions": [
    [
      "escape",
      "set_layout(entry)"
    ]
  ],
  "items": [
    "layouts/center_pause_label.json",
    {
      "pos": "397,0",
      "center": "0.5,0",
      "component": [
        "StageTitleText()"
      ]
    },
    {
      "template": "layouts/score_board.json",
      "visible": false
    }
  ],
  "actions": {
    "stop": [
      "remove_all_entities()",
      "destory_stage()"
    ]
  }
}