{
  "name": "页面：DEMO模式",
  "id": "demo_mode_page",
  "component": [
    "DemoModeLogic()",
    "CameraCtrl()"
  ],
  "key_press_actions": [
    [
      "escape",
      "set_layout(entry)"
    ]
  ],
  "items": [
    {
      "pos": "0,0,5",
      "visible": false,
      "template": "layouts/player_keys_hints.json"
    },
    "layouts/center_pause_label.json",
    {
      "visible": "paused!=1",
      "txt": {
        "i18n": "DEMO",
        "style": {
          "fill_style": "white",
          "font": "24px \"Arial Black\", Arial",
          "back_style": {
            "font": "24px \"Arial Black\", Arial",
            "stroke_style": "#005A8E",
            "line_width": 4
          }
        }
      },
      "center": "0.5,0.5",
      "pos": "397, 225"
    },
    {
      "template": "layouts/score_board.json",
      "visible": false
    }
  ],
  "actions": {
    "stop": [
      "remove_all_entities()",
      "destory_stage()"
    ]
  }
}