{
  "name": "l_frame",
  "id": "l_frame",
  "img": {
    "path": "!sprite/l_frame.png",
    "w": 240,
    "h": 45
  },
  "items": [
    {
      "id": "face",
      "pos": "0,0,0.1",
      "center": "0,0",
      "img": {
        "path": "!sprite/s.png",
        "w": 40,
        "h": 45
      }
    },
    {
      "id": "hp_bar",
      "pos": "40,12,0.1",
      "template": "layouts/hp_bar.json"
    },
    {
      "id": "mp_bar",
      "pos": "40,28,0.1",
      "template": "layouts/mp_bar.json"
    }
  ]
}