{
  "name": "页面：闯关模式准备页",
  "id": "stage_mode_prepare_page",
  "color": "rgb(0, 0, 0)",
  "key_press_actions": [
    [
      "escape",
      "set_layout(entry)"
    ]
  ],
  "component": [
    "GamePrepareLogic(stage_mode)",
    "SlotSelLogic(1)",
    "SlotSelLogic(2)",
    "SlotSelLogic(3)",
    "SlotSelLogic(4)",
    "SlotSelLogic(5)",
    "SlotSelLogic(6)",
    "SlotSelLogic(7)",
    "SlotSelLogic(8)"
  ],
  "items": [
    {
      "id": "frame",
      "pos": "397, 225",
      "template": "layouts/char_menu.json"
    },
    {
      "template": "layouts/how_many_computer.json",
      "visible": false
    },
    {
      "template": "layouts/game_prepare_menu.json",
      "visible": false
    }
  ]
}