{
  "type": "background",
  "id": "bg_6",
  "base": {
    "name": "Queen's_Island",
    "shadow": "bg/sys/qi/s.bmp",
    "shadowsize": [
      37,
      9
    ],
    "left": 0,
    "right": 2400,
    "far": -500,
    "near": -80
  },
  "layers": [
    {
      "width": 800,
      "x": 0,
      "file": "bg/sys/qi/qi1.bmp",
      "y": 421,
      "z": -15
    },
    {
      "width": 800,
      "x": 215,
      "file": "bg/sys/qi/qie.bmp",
      "y": 340,
      "z": -14
    },
    {
      "width": 800,
      "x": 218,
      "file": "bg/sys/qi/qi7.bmp",
      "y": 421,
      "z": -13,
      "cc": 40,
      "c1": 0,
      "c2": 9
    },
    {
      "width": 800,
      "x": 218,
      "file": "bg/sys/qi/qi8.bmp",
      "y": 421,
      "z": -12,
      "cc": 40,
      "c1": 10,
      "c2": 19
    },
    {
      "width": 800,
      "x": 218,
      "file": "bg/sys/qi/qi9.bmp",
      "y": 421,
      "z": -11,
      "cc": 40,
      "c1": 20,
      "c2": 29
    },
    {
      "width": 800,
      "x": 27,
      "file": "bg/sys/qi/qia.bmp",
      "y": 421,
      "z": -10,
      "cc": 24,
      "c1": 0,
      "c2": 11
    },
    {
      "width": 800,
      "x": 321,
      "file": "bg/sys/qi/qib.bmp",
      "y": 421,
      "z": -9,
      "cc": 24,
      "c1": 6,
      "c2": 17
    },
    {
      "width": 800,
      "x": 545,
      "file": "bg/sys/qi/qic.bmp",
      "y": 369,
      "z": -8,
      "cc": 24,
      "c1": 12,
      "c2": 23
    },
    {
      "width": 800,
      "x": 605,
      "file": "bg/sys/qi/qid.bmp",
      "y": 384,
      "z": -7,
      "cc": 24,
      "c1": 2,
      "c2": 13
    },
    {
      "width": 1200,
      "x": 0,
      "file": "bg/sys/qi/qi2.bmp",
      "y": 416,
      "z": -6
    },
    {
      "width": 997,
      "x": 796,
      "file": "bg/sys/qi/qi4.bmp",
      "y": 329,
      "z": -5
    },
    {
      "width": 997,
      "x": 869,
      "file": "bg/sys/qi/qi5.bmp",
      "y": 320,
      "z": -4
    },
    {
      "width": 997,
      "x": 869,
      "file": "bg/sys/qi/qi6.bmp",
      "y": 343,
      "z": -3
    },
    {
      "width": 2300,
      "x": 0,
      "loop": 800,
      "file": "bg/sys/qi/qi3.bmp",
      "y": 289,
      "z": -2
    },
    {
      "x": 0,
      "width": 794,
      "height": 231,
      "y": 254,
      "z": -1,
      "absolute": 1,
      "color": "rgb(66,56,24)"
    }
  ]
}