{
  "type": "background",
  "id": "bg_1",
  "base": {
    "name": "CUHK",
    "shadow": "bg/sys/cuhk/s.bmp",
    "shadowsize": [
      37,
      9
    ],
    "left": 0,
    "right": 1600,
    "far": -260,
    "near": -80
  },
  "layers": [
    {
      "width": 1170,
      "x": 0,
      "file": "bg/sys/cuhk/floor1.bmp",
      "y": 188,
      "z": -20
    },
    {
      "width": 1170,
      "x": 797,
      "file": "bg/sys/cuhk/floor1.bmp",
      "y": 188,
      "z": -19
    },
    {
      "width": 1200,
      "x": 0,
      "file": "bg/sys/cuhk/floor2.bmp",
      "y": 159,
      "z": -18
    },
    {
      "width": 1200,
      "x": 797,
      "file": "bg/sys/cuhk/floor2.bmp",
      "y": 159,
      "z": -17
    },
    {
      "width": 1600,
      "x": 0,
      "file": "bg/sys/cuhk/floor3.bmp",
      "y": 128,
      "z": -16
    },
    {
      "width": 1600,
      "x": 800,
      "file": "bg/sys/cuhk/floor3.bmp",
      "y": 128,
      "z": -15
    },
    {
      "width": 967,
      "x": 0,
      "file": "bg/sys/cuhk/sky1.bmp",
      "y": 422,
      "z": -14
    },
    {
      "width": 967,
      "x": 800,
      "file": "bg/sys/cuhk/sky2.bmp",
      "y": 422,
      "z": -13
    },
    {
      "width": 1100,
      "x": 299,
      "file": "bg/sys/cuhk/a1.bmp",
      "y": 258,
      "z": -12
    },
    {
      "width": 1100,
      "x": 726,
      "file": "bg/sys/cuhk/a2.bmp",
      "y": 321,
      "z": -11
    },
    {
      "width": 1130,
      "x": 225,
      "file": "bg/sys/cuhk/lib.bmp",
      "y": 420,
      "z": -10
    },
    {
      "width": 1140,
      "x": 827,
      "file": "bg/sys/cuhk/hill.bmp",
      "y": 422,
      "z": -9
    },
    {
      "width": 1160,
      "x": 853,
      "file": "bg/sys/cuhk/hill2.bmp",
      "y": 278,
      "z": -8
    },
    {
      "width": 1170,
      "x": 0,
      "file": "bg/sys/cuhk/bu1.bmp",
      "y": 369,
      "z": -7
    },
    {
      "width": 1175,
      "x": 414,
      "file": "bg/sys/cuhk/statue.bmp",
      "y": 267,
      "z": -6
    },
    {
      "width": 1179,
      "x": 282,
      "file": "bg/sys/cuhk/lamp1.bmp",
      "y": 282,
      "z": -5
    },
    {
      "width": 1179,
      "x": 872,
      "file": "bg/sys/cuhk/lamp2.bmp",
      "y": 282,
      "z": -4
    },
    {
      "width": 1188,
      "x": 102,
      "file": "bg/sys/cuhk/grass2.bmp",
      "y": 211,
      "z": -3
    },
    {
      "width": 1210,
      "x": 0,
      "file": "bg/sys/cuhk/grass.bmp",
      "y": 267,
      "z": -2
    },
    {
      "width": 1185,
      "x": 1044,
      "file": "bg/sys/cuhk/right.bmp",
      "y": 265,
      "z": -1
    }
  ]
}