{
  "type": "background",
  "id": "bg_0",
  "base": {
    "name": "Tai Hom Village",
    "shadow": "bg/sys/thv/s.bmp",
    "shadowsize": [
      37,
      9
    ],
    "left": 0,
    "right": 1600,
    "far": -360,
    "near": -120
  },
  "layers": [
    {
      "width": 800,
      "x": 0,
      "file": "bg/sys/thv/5.bmp",
      "y": 422,
      "z": -17
    },
    {
      "width": 840,
      "x": 245,
      "file": "bg/sys/thv/4.bmp",
      "y": 422,
      "z": -16
    },
    {
      "width": 852,
      "x": 176,
      "file": "bg/sys/thv/3.bmp",
      "y": 388,
      "z": -15
    },
    {
      "width": 1255,
      "x": 0,
      "file": "bg/sys/thv/2al.bmp",
      "y": 353,
      "z": -14
    },
    {
      "width": 1255,
      "x": 0,
      "file": "bg/sys/thv/2bl.bmp",
      "y": 304,
      "z": -13
    },
    {
      "width": 1255,
      "x": 800,
      "file": "bg/sys/thv/2ar.bmp",
      "y": 353,
      "z": -12
    },
    {
      "width": 1255,
      "x": 800,
      "file": "bg/sys/thv/2br.bmp",
      "y": 304,
      "z": -11
    },
    {
      "width": 1350,
      "x": -175,
      "file": "bg/sys/thv/1al.bmp",
      "y": 359,
      "z": -10
    },
    {
      "width": 1350,
      "x": -175,
      "file": "bg/sys/thv/1bl.bmp",
      "y": 267,
      "z": -9
    },
    {
      "width": 1400,
      "x": 0,
      "file": "bg/sys/thv/1cl.bmp",
      "y": 187,
      "z": -8
    },
    {
      "width": 1520,
      "x": 0,
      "file": "bg/sys/thv/1dl.bmp",
      "y": 172,
      "z": -7
    },
    {
      "width": 1600,
      "x": 0,
      "file": "bg/sys/thv/1el.bmp",
      "y": 147,
      "z": -6
    },
    {
      "width": 1350,
      "x": 625,
      "file": "bg/sys/thv/1ar.bmp",
      "y": 359,
      "z": -5
    },
    {
      "width": 1350,
      "x": 625,
      "file": "bg/sys/thv/1br.bmp",
      "y": 267,
      "z": -4
    },
    {
      "width": 1400,
      "x": 800,
      "file": "bg/sys/thv/1cr.bmp",
      "y": 187,
      "z": -3
    },
    {
      "width": 1520,
      "x": 800,
      "file": "bg/sys/thv/1dr.bmp",
      "y": 172,
      "z": -2
    },
    {
      "width": 1600,
      "x": 800,
      "file": "bg/sys/thv/1er.bmp",
      "y": 147,
      "z": -1
    }
  ],
  "is_bg_data": true,
  "is_base_data": true
}