{
  "id": "999",
  "type": "entity",
  "base": {
    "files": {
      "0": {
        "id": 0,
        "path": "sprite/sys/broken.bmp",
        "begin": 0,
        "end": 99,
        "w": 27,
        "h": 28,
        "row": 10,
        "col": 10
      },
      "1": {
        "id": 1,
        "path": "sprite/sys/broken2.bmp",
        "begin": 100,
        "end": 199,
        "w": 27,
        "h": 28,
        "row": 10,
        "col": 10
      }
    }
  },
  "frames": {
    "0": {
      "id": "0",
      "name": "stone1",
      "wait": 5,
      "next": {
        "id": "1"
      },
      "pic": 0,
      "state": 9999,
      "centerx": 13,
      "centery": 27,
      "hit_a": 0,
      "hit_d": 0,
      "hit_j": 0
    },
    "1": {
      "id": "1",
      "name": "stone2",
      "wait": 5,
      "next": {
        "id": "2"
      },
      "pic": 1,
      "state": 9999,
      "centerx": 13,
      "centery": 27,
      "hit_a": 0,
      "hit_d": 0,
      "hit_j": 0
    },
    "2": {
      "id": "2",
      "name": "stone3",
      "wait": 5,
      "next": {
        "id": "3"
      },
      "pic": 2,
      "state": 9999,
      "centerx": 13,
      "centery": 27,
      "hit_a": 0,
      "hit_d": 0,
      "hit_j": 0
    },
    "3": {
      "id": "3",
      "name": "stone4",
      "wait": 5,
      "next": {
        "id": "auto"
      },
      "pic": 3,
      "state": 9999,
      "centerx": 13,
      "centery": 27,
      "hit_a": 0,
      "hit_d": 0,
      "hit_j": 0
    },
    "4": {
      "id": "4",
      "name": "sstone1",
      "wait": 5,
      "next": {
        "id": "5"
      },
      "pic": 4,
      "state": 9999,
      "centerx": 10,
      "centery": 27,
      "hit_a": 0,
      "hit_d": 0,
      "hit_j": 0
    },
    "5": {
      "id": "5",
      "name": "sstone2",
      "wait": 5,
      "next": {
        "id": "6"
      },
      "pic": 5,
      "state": 9999,
      "centerx": 11,
      "centery": 24,
      "hit_a": 0,
      "hit_d": 0,
      "hit_j": 0
    },
    "6": {
      "id": "6",
      "name": "sstone3",
      "wait": 5,
      "next": {
        "id": "7"
      },
      "pic": 6,
      "state": 9999,
      "centerx": 16,
      "centery": 23,
      "hit_a": 0,
      "hit_d": 0,
      "hit_j": 0
    },
    "7": {
      "id": "7",
      "name": "sstone4",
      "wait": 5,
      "next": {
        "id": "4"
      },
      "pic": 7,
      "state": 9999,
      "centerx": 15,
      "centery": 27,
      "hit_a": 0,
      "hit_d": 0,
      "hit_j": 0
    },
    "10": {
      "id": "10",
      "name": "stick1",
      "wait": 5,
      "next": {
        "id": "11"
      },
      "pic": 10,
      "state": 9999,
      "centerx": 10,
      "centery": 27,
      "hit_a": 0,
      "hit_d": 0,
      "hit_j": 0
    },
    "11": {
      "id": "11",
      "name": "stick2",
      "wait": 5,
      "next": {
        "id": "12"
      },
      "pic": 11,
      "state": 9999,
      "centerx": 10,
      "centery": 23,
      "hit_a": 0,
      "hit_d": 0,
      "hit_j": 0
    },
    "12": {
      "id": "12",
      "name": "stick3",
      "wait": 5,
      "next": {
        "id": "13"
      },
      "pic": 12,
      "state": 9999,
      "centerx": 16,
      "centery": 22,
      "hit_a": 0,
      "hit_d": 0,
      "hit_j": 0
    },
    "13": {
      "id": "13",
      "name": "stick4",
      "wait": 5,
      "next": {
        "id": "10"
      },
      "pic": 13,
      "state": 9999,
      "centerx": 17,
      "centery": 28,
      "hit_a": 0,
      "hit_d": 0,
      "hit_j": 0
    },
    "14": {
      "id": "14",
      "name": "sstick1",
      "wait": 5,
      "next": {
        "id": "15"
      },
      "pic": 14,
      "state": 9999,
      "centerx": 17,
      "centery": 25,
      "hit_a": 0,
      "hit_d": 0,
      "hit_j": 0
    },
    "15": {
      "id": "15",
      "name": "sstick2",
      "wait": 5,
      "next": {
        "id": "16"
      },
      "pic": 15,
      "state": 9999,
      "centerx": 13,
      "centery": 27,
      "hit_a": 0,
      "hit_d": 0,
      "hit_j": 0
    },
    "16": {
      "id": "16",
      "name": "sstick3",
      "wait": 5,
      "next": {
        "id": "17"
      },
      "pic": 16,
      "state": 9999,
      "centerx": 11,
      "centery": 27,
      "hit_a": 0,
      "hit_d": 0,
      "hit_j": 0
    },
    "17": {
      "id": "17",
      "name": "sstick4",
      "wait": 5,
      "next": {
        "id": "14"
      },
      "pic": 17,
      "state": 9999,
      "centerx": 13,
      "centery": 22,
      "hit_a": 0,
      "hit_d": 0,
      "hit_j": 0
    },
    "20": {
      "id": "20",
      "name": "hoe1",
      "wait": 5,
      "next": {
        "id": "21"
      },
      "pic": 20,
      "state": 9999,
      "centerx": 10,
      "centery": 27,
      "hit_a": 0,
      "hit_d": 0,
      "hit_j": 0
    },
    "21": {
      "id": "21",
      "name": "hoe2",
      "wait": 5,
      "next": {
        "id": "22"
      },
      "pic": 21,
      "state": 9999,
      "centerx": 10,
      "centery": 23,
      "hit_a": 0,
      "hit_d": 0,
      "hit_j": 0
    },
    "22": {
      "id": "22",
      "name": "hoe3",
      "wait": 5,
      "next": {
        "id": "23"
      },
      "pic": 22,
      "state": 9999,
      "centerx": 16,
      "centery": 22,
      "hit_a": 0,
      "hit_d": 0,
      "hit_j": 0
    },
    "23": {
      "id": "23",
      "name": "hoe4",
      "wait": 5,
      "next": {
        "id": "20"
      },
      "pic": 23,
      "state": 9999,
      "centerx": 17,
      "centery": 28,
      "hit_a": 0,
      "hit_d": 0,
      "hit_j": 0
    },
    "24": {
      "id": "24",
      "name": "s_hoe1",
      "wait": 5,
      "next": {
        "id": "25"
      },
      "pic": 24,
      "state": 9999,
      "centerx": 17,
      "centery": 25,
      "hit_a": 0,
      "hit_d": 0,
      "hit_j": 0
    },
    "25": {
      "id": "25",
      "name": "s_hoe2",
      "wait": 5,
      "next": {
        "id": "26"
      },
      "pic": 25,
      "state": 9999,
      "centerx": 13,
      "centery": 27,
      "hit_a": 0,
      "hit_d": 0,
      "hit_j": 0
    },
    "26": {
      "id": "26",
      "name": "s_hoe3",
      "wait": 5,
      "next": {
        "id": "27"
      },
      "pic": 26,
      "state": 9999,
      "centerx": 11,
      "centery": 27,
      "hit_a": 0,
      "hit_d": 0,
      "hit_j": 0
    },
    "27": {
      "id": "27",
      "name": "s_hoe4",
      "wait": 5,
      "next": {
        "id": "24"
      },
      "pic": 27,
      "state": 9999,
      "centerx": 13,
      "centery": 22,
      "hit_a": 0,
      "hit_d": 0,
      "hit_j": 0
    },
    "30": {
      "id": "30",
      "name": "k_hoe1",
      "wait": 5,
      "next": {
        "id": "31"
      },
      "pic": 30,
      "state": 9999,
      "centerx": 10,
      "centery": 27,
      "hit_a": 0,
      "hit_d": 0,
      "hit_j": 0
    },
    "31": {
      "id": "31",
      "name": "k_hoe2",
      "wait": 5,
      "next": {
        "id": "32"
      },
      "pic": 31,
      "state": 9999,
      "centerx": 10,
      "centery": 23,
      "hit_a": 0,
      "hit_d": 0,
      "hit_j": 0
    },
    "32": {
      "id": "32",
      "name": "k_hoe3",
      "wait": 5,
      "next": {
        "id": "33"
      },
      "pic": 32,
      "state": 9999,
      "centerx": 16,
      "centery": 22,
      "hit_a": 0,
      "hit_d": 0,
      "hit_j": 0
    },
    "33": {
      "id": "33",
      "name": "k_hoe4",
      "wait": 5,
      "next": {
        "id": "30"
      },
      "pic": 33,
      "state": 9999,
      "centerx": 17,
      "centery": 28,
      "hit_a": 0,
      "hit_d": 0,
      "hit_j": 0
    },
    "40": {
      "id": "40",
      "name": "box01",
      "wait": 5,
      "next": {
        "id": "41"
      },
      "pic": 40,
      "state": 9999,
      "centerx": 10,
      "centery": 27,
      "hit_a": 0,
      "hit_d": 0,
      "hit_j": 0
    },
    "41": {
      "id": "41",
      "name": "box02",
      "wait": 5,
      "next": {
        "id": "42"
      },
      "pic": 41,
      "state": 9999,
      "centerx": 10,
      "centery": 23,
      "hit_a": 0,
      "hit_d": 0,
      "hit_j": 0
    },
    "42": {
      "id": "42",
      "name": "box03",
      "wait": 5,
      "next": {
        "id": "43"
      },
      "pic": 42,
      "state": 9999,
      "centerx": 16,
      "centery": 22,
      "hit_a": 0,
      "hit_d": 0,
      "hit_j": 0
    },
    "43": {
      "id": "43",
      "name": "box04",
      "wait": 5,
      "next": {
        "id": "40"
      },
      "pic": 43,
      "state": 9999,
      "centerx": 17,
      "centery": 28,
      "hit_a": 0,
      "hit_d": 0,
      "hit_j": 0
    },
    "44": {
      "id": "44",
      "name": "box11",
      "wait": 5,
      "next": {
        "id": "45"
      },
      "pic": 44,
      "state": 9999,
      "centerx": 17,
      "centery": 25,
      "hit_a": 0,
      "hit_d": 0,
      "hit_j": 0
    },
    "45": {
      "id": "45",
      "name": "box12",
      "wait": 5,
      "next": {
        "id": "46"
      },
      "pic": 45,
      "state": 9999,
      "centerx": 13,
      "centery": 27,
      "hit_a": 0,
      "hit_d": 0,
      "hit_j": 0
    },
    "46": {
      "id": "46",
      "name": "box13",
      "wait": 5,
      "next": {
        "id": "47"
      },
      "pic": 46,
      "state": 9999,
      "centerx": 11,
      "centery": 27,
      "hit_a": 0,
      "hit_d": 0,
      "hit_j": 0
    },
    "47": {
      "id": "47",
      "name": "box14",
      "wait": 5,
      "next": {
        "id": "44"
      },
      "pic": 47,
      "state": 9999,
      "centerx": 13,
      "centery": 22,
      "hit_a": 0,
      "hit_d": 0,
      "hit_j": 0
    },
    "50": {
      "id": "50",
      "name": "box21",
      "wait": 5,
      "next": {
        "id": "51"
      },
      "pic": 50,
      "state": 9999,
      "centerx": 10,
      "centery": 27,
      "hit_a": 0,
      "hit_d": 0,
      "hit_j": 0
    },
    "51": {
      "id": "51",
      "name": "box22",
      "wait": 5,
      "next": {
        "id": "52"
      },
      "pic": 51,
      "state": 9999,
      "centerx": 10,
      "centery": 23,
      "hit_a": 0,
      "hit_d": 0,
      "hit_j": 0
    },
    "52": {
      "id": "52",
      "name": "box23",
      "wait": 5,
      "next": {
        "id": "53"
      },
      "pic": 52,
      "state": 9999,
      "centerx": 16,
      "centery": 22,
      "hit_a": 0,
      "hit_d": 0,
      "hit_j": 0
    },
    "53": {
      "id": "53",
      "name": "box24",
      "wait": 5,
      "next": {
        "id": "50"
      },
      "pic": 53,
      "state": 9999,
      "centerx": 17,
      "centery": 28,
      "hit_a": 0,
      "hit_d": 0,
      "hit_j": 0
    },
    "54": {
      "id": "54",
      "name": "box31",
      "wait": 5,
      "next": {
        "id": "55"
      },
      "pic": 54,
      "state": 9999,
      "centerx": 17,
      "centery": 25,
      "hit_a": 0,
      "hit_d": 0,
      "hit_j": 0
    },
    "55": {
      "id": "55",
      "name": "box32",
      "wait": 5,
      "next": {
        "id": "56"
      },
      "pic": 55,
      "state": 9999,
      "centerx": 13,
      "centery": 27,
      "hit_a": 0,
      "hit_d": 0,
      "hit_j": 0
    },
    "56": {
      "id": "56",
      "name": "box33",
      "wait": 5,
      "next": {
        "id": "57"
      },
      "pic": 56,
      "state": 9999,
      "centerx": 11,
      "centery": 27,
      "hit_a": 0,
      "hit_d": 0,
      "hit_j": 0
    },
    "57": {
      "id": "57",
      "name": "box34",
      "wait": 5,
      "next": {
        "id": "54"
      },
      "pic": 57,
      "state": 9999,
      "centerx": 13,
      "centery": 22,
      "hit_a": 0,
      "hit_d": 0,
      "hit_j": 0
    },
    "60": {
      "id": "60",
      "name": "baseball1",
      "wait": 5,
      "next": {
        "id": "61"
      },
      "pic": 60,
      "state": 9999,
      "centerx": 10,
      "centery": 27,
      "hit_a": 0,
      "hit_d": 0,
      "hit_j": 0
    },
    "61": {
      "id": "61",
      "name": "baseball2",
      "wait": 5,
      "next": {
        "id": "62"
      },
      "pic": 61,
      "state": 9999,
      "centerx": 10,
      "centery": 23,
      "hit_a": 0,
      "hit_d": 0,
      "hit_j": 0
    },
    "62": {
      "id": "62",
      "name": "baseball3",
      "wait": 5,
      "next": {
        "id": "63"
      },
      "pic": 62,
      "state": 9999,
      "centerx": 16,
      "centery": 22,
      "hit_a": 0,
      "hit_d": 0,
      "hit_j": 0
    },
    "63": {
      "id": "63",
      "name": "baseball4",
      "wait": 5,
      "next": {
        "id": "60"
      },
      "pic": 63,
      "state": 9999,
      "centerx": 17,
      "centery": 28,
      "hit_a": 0,
      "hit_d": 0,
      "hit_j": 0
    },
    "70": {
      "id": "70",
      "name": "milk1",
      "wait": 5,
      "next": {
        "id": "71"
      },
      "pic": 70,
      "state": 9999,
      "centerx": 10,
      "centery": 27,
      "hit_a": 0,
      "hit_d": 0,
      "hit_j": 0
    },
    "71": {
      "id": "71",
      "name": "milk2",
      "wait": 5,
      "next": {
        "id": "72"
      },
      "pic": 71,
      "state": 9999,
      "centerx": 10,
      "centery": 23,
      "hit_a": 0,
      "hit_d": 0,
      "hit_j": 0
    },
    "72": {
      "id": "72",
      "name": "milk3",
      "wait": 5,
      "next": {
        "id": "73"
      },
      "pic": 72,
      "state": 9999,
      "centerx": 16,
      "centery": 22,
      "hit_a": 0,
      "hit_d": 0,
      "hit_j": 0
    },
    "73": {
      "id": "73",
      "name": "milk4",
      "wait": 5,
      "next": {
        "id": "70"
      },
      "pic": 73,
      "state": 9999,
      "centerx": 17,
      "centery": 28,
      "hit_a": 0,
      "hit_d": 0,
      "hit_j": 0
    },
    "74": {
      "id": "74",
      "name": "milk1",
      "wait": 3,
      "next": {
        "id": "75"
      },
      "pic": 74,
      "state": 9999,
      "centerx": 10,
      "centery": 27,
      "hit_a": 0,
      "hit_d": 0,
      "hit_j": 0
    },
    "75": {
      "id": "75",
      "name": "milk2",
      "wait": 9,
      "next": {
        "id": "76"
      },
      "pic": 75,
      "state": 9999,
      "centerx": 10,
      "centery": 23,
      "hit_a": 0,
      "hit_d": 0,
      "hit_j": 0
    },
    "76": {
      "id": "76",
      "name": "milk3",
      "wait": 3,
      "next": {
        "id": "77"
      },
      "pic": 76,
      "state": 9999,
      "centerx": 16,
      "centery": 22,
      "hit_a": 0,
      "hit_d": 0,
      "hit_j": 0
    },
    "77": {
      "id": "77",
      "name": "milk4",
      "wait": 5,
      "next": {
        "id": "74"
      },
      "pic": 77,
      "state": 9999,
      "centerx": 17,
      "centery": 28,
      "hit_a": 0,
      "hit_d": 0,
      "hit_j": 0
    },
    "80": {
      "id": "80",
      "name": "milk13",
      "wait": 5,
      "next": {
        "id": "81"
      },
      "pic": 80,
      "state": 9999,
      "centerx": 10,
      "centery": 27,
      "hit_a": 0,
      "hit_d": 0,
      "hit_j": 0
    },
    "81": {
      "id": "81",
      "name": "milk23",
      "wait": 5,
      "next": {
        "id": "82"
      },
      "pic": 81,
      "state": 9999,
      "centerx": 10,
      "centery": 23,
      "hit_a": 0,
      "hit_d": 0,
      "hit_j": 0
    },
    "82": {
      "id": "82",
      "name": "milk33",
      "wait": 5,
      "next": {
        "id": "83"
      },
      "pic": 82,
      "state": 9999,
      "centerx": 16,
      "centery": 22,
      "hit_a": 0,
      "hit_d": 0,
      "hit_j": 0
    },
    "83": {
      "id": "83",
      "name": "milk43",
      "wait": 5,
      "next": {
        "id": "80"
      },
      "pic": 83,
      "state": 9999,
      "centerx": 17,
      "centery": 28,
      "hit_a": 0,
      "hit_d": 0,
      "hit_j": 0
    },
    "101": {
      "id": "101",
      "name": "disappear",
      "wait": 201,
      "next": {},
      "pic": 99,
      "state": 9998,
      "centerx": 13,
      "centery": 22,
      "hit_a": 0,
      "hit_d": 0,
      "hit_j": 0
    },
    "120": {
      "id": "120",
      "name": "ice11",
      "wait": 9,
      "next": {
        "id": "121"
      },
      "pic": 90,
      "state": 9999,
      "centerx": 10,
      "centery": 27,
      "hit_a": 0,
      "hit_d": 0,
      "hit_j": 0
    },
    "121": {
      "id": "121",
      "name": "ice21",
      "wait": 9,
      "next": {
        "id": "122"
      },
      "pic": 91,
      "state": 9999,
      "centerx": 10,
      "centery": 23,
      "hit_a": 0,
      "hit_d": 0,
      "hit_j": 0
    },
    "122": {
      "id": "122",
      "name": "ice31",
      "wait": 9,
      "next": {
        "id": "123"
      },
      "pic": 92,
      "state": 9999,
      "centerx": 16,
      "centery": 22,
      "hit_a": 0,
      "hit_d": 0,
      "hit_j": 0
    },
    "123": {
      "id": "123",
      "name": "ice41",
      "wait": 9,
      "next": {
        "id": "120"
      },
      "pic": 93,
      "state": 9999,
      "centerx": 17,
      "centery": 28,
      "hit_a": 0,
      "hit_d": 0,
      "hit_j": 0
    },
    "125": {
      "id": "125",
      "name": "ice11",
      "wait": 5,
      "next": {
        "id": "126"
      },
      "pic": 94,
      "state": 9999,
      "centerx": 10,
      "centery": 27,
      "hit_a": 0,
      "hit_d": 0,
      "hit_j": 0
    },
    "126": {
      "id": "126",
      "name": "ice21",
      "wait": 5,
      "next": {
        "id": "127"
      },
      "pic": 95,
      "state": 9999,
      "centerx": 10,
      "centery": 23,
      "hit_a": 0,
      "hit_d": 0,
      "hit_j": 0
    },
    "127": {
      "id": "127",
      "name": "ice31",
      "wait": 5,
      "next": {
        "id": "128"
      },
      "pic": 96,
      "state": 9999,
      "centerx": 16,
      "centery": 22,
      "hit_a": 0,
      "hit_d": 0,
      "hit_j": 0
    },
    "128": {
      "id": "128",
      "name": "ice41",
      "wait": 5,
      "next": {
        "id": "125"
      },
      "pic": 97,
      "state": 9999,
      "centerx": 17,
      "centery": 28,
      "hit_a": 0,
      "hit_d": 0,
      "hit_j": 0
    },
    "130": {
      "id": "130",
      "name": "ice11",
      "wait": 7,
      "next": {
        "id": "131"
      },
      "pic": 84,
      "state": 9999,
      "centerx": 10,
      "centery": 27,
      "hit_a": 0,
      "hit_d": 0,
      "hit_j": 0
    },
    "131": {
      "id": "131",
      "name": "ice21",
      "wait": 7,
      "next": {
        "id": "132"
      },
      "pic": 85,
      "state": 9999,
      "centerx": 10,
      "centery": 23,
      "hit_a": 0,
      "hit_d": 0,
      "hit_j": 0
    },
    "132": {
      "id": "132",
      "name": "ice31",
      "wait": 7,
      "next": {
        "id": "133"
      },
      "pic": 86,
      "state": 9999,
      "centerx": 16,
      "centery": 22,
      "hit_a": 0,
      "hit_d": 0,
      "hit_j": 0
    },
    "133": {
      "id": "133",
      "name": "ice41",
      "wait": 7,
      "next": {
        "id": "130"
      },
      "pic": 87,
      "state": 9999,
      "centerx": 17,
      "centery": 28,
      "hit_a": 0,
      "hit_d": 0,
      "hit_j": 0
    },
    "135": {
      "id": "135",
      "name": "ice11",
      "wait": 3,
      "next": {
        "id": "136"
      },
      "pic": 64,
      "state": 9999,
      "centerx": 10,
      "centery": 27,
      "hit_a": 0,
      "hit_d": 0,
      "hit_j": 0
    },
    "136": {
      "id": "136",
      "name": "ice21",
      "wait": 3,
      "next": {
        "id": "137"
      },
      "pic": 65,
      "state": 9999,
      "centerx": 10,
      "centery": 23,
      "hit_a": 0,
      "hit_d": 0,
      "hit_j": 0
    },
    "137": {
      "id": "137",
      "name": "ice31",
      "wait": 3,
      "next": {
        "id": "138"
      },
      "pic": 66,
      "state": 9999,
      "centerx": 16,
      "centery": 22,
      "hit_a": 0,
      "hit_d": 0,
      "hit_j": 0
    },
    "138": {
      "id": "138",
      "name": "ice41",
      "wait": 3,
      "next": {
        "id": "135"
      },
      "pic": 67,
      "state": 9999,
      "centerx": 17,
      "centery": 28,
      "hit_a": 0,
      "hit_d": 0,
      "hit_j": 0
    },
    "140": {
      "id": "140",
      "name": "burning_smoke",
      "wait": 3,
      "next": {
        "id": "141"
      },
      "pic": 8,
      "state": 9999,
      "centerx": 17,
      "centery": 28,
      "hit_a": 0,
      "hit_d": 0,
      "hit_j": 0,
      "dvy": 0.25
    },
    "141": {
      "id": "141",
      "name": "burning_smoke",
      "wait": 3,
      "next": {
        "id": "142"
      },
      "pic": 9,
      "state": 9999,
      "centerx": 17,
      "centery": 28,
      "hit_a": 0,
      "hit_d": 0,
      "hit_j": 0,
      "dvy": 0.5
    },
    "142": {
      "id": "142",
      "name": "burning_smoke",
      "wait": 3,
      "next": {
        "id": "143"
      },
      "pic": 18,
      "state": 9999,
      "centerx": 17,
      "centery": 28,
      "hit_a": 0,
      "hit_d": 0,
      "hit_j": 0,
      "dvy": 0.75
    },
    "143": {
      "id": "143",
      "name": "burning_smoke",
      "wait": 3,
      "next": {
        "id": "101"
      },
      "pic": 19,
      "state": 9999,
      "centerx": 17,
      "centery": 28,
      "hit_a": 0,
      "hit_d": 0,
      "hit_j": 0,
      "dvy": 0.75
    },
    "150": {
      "id": "150",
      "name": "stick1",
      "wait": 5,
      "next": {
        "id": "151"
      },
      "pic": 34,
      "state": 9999,
      "centerx": 10,
      "centery": 27,
      "hit_a": 0,
      "hit_d": 0,
      "hit_j": 0
    },
    "151": {
      "id": "151",
      "name": "stick2",
      "wait": 5,
      "next": {
        "id": "152"
      },
      "pic": 35,
      "state": 9999,
      "centerx": 10,
      "centery": 23,
      "hit_a": 0,
      "hit_d": 0,
      "hit_j": 0
    },
    "152": {
      "id": "152",
      "name": "stick3",
      "wait": 5,
      "next": {
        "id": "153"
      },
      "pic": 36,
      "state": 9999,
      "centerx": 16,
      "centery": 22,
      "hit_a": 0,
      "hit_d": 0,
      "hit_j": 0
    },
    "153": {
      "id": "153",
      "name": "stick4",
      "wait": 5,
      "next": {
        "id": "150"
      },
      "pic": 37,
      "state": 9999,
      "centerx": 17,
      "centery": 28,
      "hit_a": 0,
      "hit_d": 0,
      "hit_j": 0
    },
    "154": {
      "id": "154",
      "name": "sstick1",
      "wait": 5,
      "next": {
        "id": "155"
      },
      "pic": 38,
      "state": 9999,
      "centerx": 17,
      "centery": 25,
      "hit_a": 0,
      "hit_d": 0,
      "hit_j": 0
    },
    "155": {
      "id": "155",
      "name": "sstick2",
      "wait": 5,
      "next": {
        "id": "156"
      },
      "pic": 39,
      "state": 9999,
      "centerx": 13,
      "centery": 27,
      "hit_a": 0,
      "hit_d": 0,
      "hit_j": 0
    },
    "156": {
      "id": "156",
      "name": "sstick3",
      "wait": 5,
      "next": {
        "id": "157"
      },
      "pic": 28,
      "state": 9999,
      "centerx": 11,
      "centery": 27,
      "hit_a": 0,
      "hit_d": 0,
      "hit_j": 0
    },
    "157": {
      "id": "157",
      "name": "sstick4",
      "wait": 5,
      "next": {
        "id": "154"
      },
      "pic": 29,
      "state": 9999,
      "centerx": 13,
      "centery": 22,
      "hit_a": 0,
      "hit_d": 0,
      "hit_j": 0
    },
    "160": {
      "id": "160",
      "name": "beer1",
      "wait": 5,
      "next": {
        "id": "161"
      },
      "pic": 100,
      "state": 9999,
      "centerx": 10,
      "centery": 27,
      "hit_a": 0,
      "hit_d": 0,
      "hit_j": 0
    },
    "161": {
      "id": "161",
      "name": "beer2",
      "wait": 5,
      "next": {
        "id": "162"
      },
      "pic": 101,
      "state": 9999,
      "centerx": 10,
      "centery": 23,
      "hit_a": 0,
      "hit_d": 0,
      "hit_j": 0
    },
    "162": {
      "id": "162",
      "name": "beer3",
      "wait": 5,
      "next": {
        "id": "163"
      },
      "pic": 102,
      "state": 9999,
      "centerx": 16,
      "centery": 22,
      "hit_a": 0,
      "hit_d": 0,
      "hit_j": 0
    },
    "163": {
      "id": "163",
      "name": "beer4",
      "wait": 5,
      "next": {
        "id": "160"
      },
      "pic": 103,
      "state": 9999,
      "centerx": 17,
      "centery": 28,
      "hit_a": 0,
      "hit_d": 0,
      "hit_j": 0
    },
    "164": {
      "id": "164",
      "name": "beer1",
      "wait": 3,
      "next": {
        "id": "165"
      },
      "pic": 110,
      "state": 9999,
      "centerx": 10,
      "centery": 27,
      "hit_a": 0,
      "hit_d": 0,
      "hit_j": 0
    },
    "165": {
      "id": "165",
      "name": "beer2",
      "wait": 9,
      "next": {
        "id": "166"
      },
      "pic": 111,
      "state": 9999,
      "centerx": 10,
      "centery": 23,
      "hit_a": 0,
      "hit_d": 0,
      "hit_j": 0
    },
    "166": {
      "id": "166",
      "name": "beer3",
      "wait": 3,
      "next": {
        "id": "167"
      },
      "pic": 112,
      "state": 9999,
      "centerx": 16,
      "centery": 22,
      "hit_a": 0,
      "hit_d": 0,
      "hit_j": 0
    },
    "167": {
      "id": "167",
      "name": "beer4",
      "wait": 5,
      "next": {
        "id": "164"
      },
      "pic": 113,
      "state": 9999,
      "centerx": 17,
      "centery": 28,
      "hit_a": 0,
      "hit_d": 0,
      "hit_j": 0
    },
    "170": {
      "id": "170",
      "name": "<1",
      "wait": 3,
      "next": {
        "id": "171"
      },
      "pic": 120,
      "state": 9999,
      "centerx": 10,
      "centery": 27,
      "hit_a": 0,
      "hit_d": 0,
      "hit_j": 0
    },
    "171": {
      "id": "171",
      "name": "<2",
      "wait": 3,
      "next": {
        "id": "172"
      },
      "pic": 121,
      "state": 9999,
      "centerx": 10,
      "centery": 23,
      "hit_a": 0,
      "hit_d": 0,
      "hit_j": 0
    },
    "172": {
      "id": "172",
      "name": "<3",
      "wait": 3,
      "next": {
        "id": "173"
      },
      "pic": 122,
      "state": 9999,
      "centerx": 16,
      "centery": 22,
      "hit_a": 0,
      "hit_d": 0,
      "hit_j": 0
    },
    "173": {
      "id": "173",
      "name": "<4",
      "wait": 3,
      "next": {
        "id": "170"
      },
      "pic": 123,
      "state": 9999,
      "centerx": 17,
      "centery": 28,
      "hit_a": 0,
      "hit_d": 0,
      "hit_j": 0
    },
    "174": {
      "id": "174",
      "name": "armour1",
      "wait": 3,
      "next": {
        "id": "175"
      },
      "pic": 48,
      "state": 9999,
      "centerx": 10,
      "centery": 27,
      "hit_a": 0,
      "hit_d": 0,
      "hit_j": 0
    },
    "175": {
      "id": "175",
      "name": "armour2",
      "wait": 3,
      "next": {
        "id": "176"
      },
      "pic": 49,
      "state": 9999,
      "centerx": 10,
      "centery": 23,
      "hit_a": 0,
      "hit_d": 0,
      "hit_j": 0
    },
    "176": {
      "id": "176",
      "name": "armour3",
      "wait": 3,
      "next": {
        "id": "177"
      },
      "pic": 58,
      "state": 9999,
      "centerx": 16,
      "centery": 22,
      "hit_a": 0,
      "hit_d": 0,
      "hit_j": 0
    },
    "177": {
      "id": "177",
      "name": "armour4",
      "wait": 3,
      "next": {
        "id": "174"
      },
      "pic": 59,
      "state": 9999,
      "centerx": 17,
      "centery": 28,
      "hit_a": 0,
      "hit_d": 0,
      "hit_j": 0
    },
    "399": {
      "id": "399",
      "name": "dummy",
      "wait": 5,
      "next": {
        "id": "auto"
      },
      "bdy": [
        {
          "kind": 0,
          "x": 1,
          "y": 19,
          "w": 46,
          "h": 15
        }
      ],
      "pic": 5,
      "state": 0,
      "centerx": 13,
      "centery": 27,
      "hit_a": 0,
      "hit_d": 0,
      "hit_j": 0
    }
  }
}