{
  "id": "300",
  "type": "entity",
  "base": {
    "files": {
      "0": {
        "id": 0,
        "path": "sprite/sys/criminal.bmp",
        "begin": 0,
        "end": 69,
        "w": 79,
        "h": 79,
        "row": 10,
        "col": 7
      }
    }
  },
  "frames": {
    "0": {
      "id": "0",
      "name": "monk",
      "wait": 15,
      "next": {
        "id": "1"
      },
      "bdy": [
        {
          "kind": 1003,
          "x": 21,
          "y": 18,
          "w": 43,
          "h": 62
        }
      ],
      "pic": 2,
      "state": 0,
      "centerx": 38,
      "centery": 78,
      "hit_a": 0,
      "hit_d": 0,
      "hit_j": 0
    },
    "1": {
      "id": "1",
      "name": "monk",
      "wait": 11,
      "next": {
        "id": "2"
      },
      "bdy": [
        {
          "kind": 1003,
          "x": 21,
          "y": 18,
          "w": 43,
          "h": 62
        }
      ],
      "pic": 1,
      "state": 0,
      "centerx": 38,
      "centery": 78,
      "hit_a": 0,
      "hit_d": 0,
      "hit_j": 0
    },
    "2": {
      "id": "2",
      "name": "monk",
      "wait": 21,
      "next": {
        "id": "auto"
      },
      "bdy": [
        {
          "kind": 1003,
          "x": 21,
          "y": 18,
          "w": 43,
          "h": 62
        }
      ],
      "pic": 0,
      "state": 0,
      "centerx": 38,
      "centery": 78,
      "hit_a": 0,
      "hit_d": 0,
      "hit_j": 0
    },
    "3": {
      "id": "3",
      "name": "monk",
      "wait": 5,
      "next": {
        "id": "4"
      },
      "pic": 3,
      "state": 0,
      "centerx": 38,
      "centery": 78,
      "hit_a": 0,
      "hit_d": 0,
      "hit_j": 0,
      "sound": "data/013.wav.ogg"
    },
    "4": {
      "id": "4",
      "name": "monk",
      "wait": 5,
      "next": {
        "id": "5"
      },
      "pic": 4,
      "state": 0,
      "centerx": 38,
      "centery": 78,
      "hit_a": 0,
      "hit_d": 0,
      "hit_j": 0
    },
    "5": {
      "id": "5",
      "name": "monk",
      "wait": 5,
      "next": {
        "id": "auto"
      },
      "pic": 4,
      "state": 8035,
      "centerx": 38,
      "centery": 78,
      "hit_a": 0,
      "hit_d": 0,
      "hit_j": 0
    },
    "10": {
      "id": "10",
      "name": "mark",
      "wait": 15,
      "next": {
        "id": "11"
      },
      "bdy": [
        {
          "kind": 1013,
          "x": 21,
          "y": 18,
          "w": 43,
          "h": 62
        }
      ],
      "pic": 5,
      "state": 0,
      "centerx": 38,
      "centery": 78,
      "hit_a": 0,
      "hit_d": 0,
      "hit_j": 0
    },
    "11": {
      "id": "11",
      "name": "mark",
      "wait": 11,
      "next": {
        "id": "12"
      },
      "bdy": [
        {
          "kind": 1013,
          "x": 21,
          "y": 18,
          "w": 43,
          "h": 62
        }
      ],
      "pic": 6,
      "state": 0,
      "centerx": 38,
      "centery": 78,
      "hit_a": 0,
      "hit_d": 0,
      "hit_j": 0
    },
    "12": {
      "id": "12",
      "name": "mark",
      "wait": 21,
      "next": {
        "id": "10"
      },
      "bdy": [
        {
          "kind": 1013,
          "x": 21,
          "y": 18,
          "w": 43,
          "h": 62
        }
      ],
      "pic": 7,
      "state": 0,
      "centerx": 38,
      "centery": 78,
      "hit_a": 0,
      "hit_d": 0,
      "hit_j": 0
    },
    "13": {
      "id": "13",
      "name": "mark",
      "wait": 5,
      "next": {
        "id": "14"
      },
      "pic": 8,
      "state": 0,
      "centerx": 38,
      "centery": 78,
      "hit_a": 0,
      "hit_d": 0,
      "hit_j": 0,
      "sound": "data/013.wav.ogg"
    },
    "14": {
      "id": "14",
      "name": "mark",
      "wait": 5,
      "next": {
        "id": "15"
      },
      "pic": 9,
      "state": 0,
      "centerx": 38,
      "centery": 78,
      "hit_a": 0,
      "hit_d": 0,
      "hit_j": 0
    },
    "15": {
      "id": "15",
      "name": "mark",
      "wait": 5,
      "next": {
        "id": "auto"
      },
      "pic": 9,
      "state": 8032,
      "centerx": 38,
      "centery": 78,
      "hit_a": 0,
      "hit_d": 0,
      "hit_j": 0
    },
    "20": {
      "id": "20",
      "name": "jack",
      "wait": 15,
      "next": {
        "id": "21"
      },
      "bdy": [
        {
          "kind": 1023,
          "x": 21,
          "y": 18,
          "w": 43,
          "h": 62
        }
      ],
      "pic": 10,
      "state": 0,
      "centerx": 38,
      "centery": 78,
      "hit_a": 0,
      "hit_d": 0,
      "hit_j": 0
    },
    "21": {
      "id": "21",
      "name": "jack",
      "wait": 11,
      "next": {
        "id": "22"
      },
      "bdy": [
        {
          "kind": 1023,
          "x": 21,
          "y": 18,
          "w": 43,
          "h": 62
        }
      ],
      "pic": 11,
      "state": 0,
      "centerx": 38,
      "centery": 78,
      "hit_a": 0,
      "hit_d": 0,
      "hit_j": 0
    },
    "22": {
      "id": "22",
      "name": "jack",
      "wait": 21,
      "next": {
        "id": "20"
      },
      "bdy": [
        {
          "kind": 1023,
          "x": 21,
          "y": 18,
          "w": 43,
          "h": 62
        }
      ],
      "pic": 12,
      "state": 0,
      "centerx": 38,
      "centery": 78,
      "hit_a": 0,
      "hit_d": 0,
      "hit_j": 0
    },
    "23": {
      "id": "23",
      "name": "jack",
      "wait": 5,
      "next": {
        "id": "24"
      },
      "pic": 13,
      "state": 0,
      "centerx": 38,
      "centery": 78,
      "hit_a": 0,
      "hit_d": 0,
      "hit_j": 0,
      "sound": "data/013.wav.ogg"
    },
    "24": {
      "id": "24",
      "name": "jack",
      "wait": 5,
      "next": {
        "id": "25"
      },
      "pic": 14,
      "state": 0,
      "centerx": 38,
      "centery": 78,
      "hit_a": 0,
      "hit_d": 0,
      "hit_j": 0
    },
    "25": {
      "id": "25",
      "name": "jack",
      "wait": 5,
      "next": {
        "id": "auto"
      },
      "pic": 14,
      "state": 8033,
      "centerx": 38,
      "centery": 78,
      "hit_a": 0,
      "hit_d": 0,
      "hit_j": 0
    },
    "30": {
      "id": "30",
      "name": "sorcerer",
      "wait": 15,
      "next": {
        "id": "31"
      },
      "bdy": [
        {
          "kind": 1033,
          "x": 21,
          "y": 18,
          "w": 43,
          "h": 62
        }
      ],
      "pic": 15,
      "state": 0,
      "centerx": 38,
      "centery": 78,
      "hit_a": 0,
      "hit_d": 0,
      "hit_j": 0
    },
    "31": {
      "id": "31",
      "name": "sorcerer",
      "wait": 11,
      "next": {
        "id": "32"
      },
      "bdy": [
        {
          "kind": 1033,
          "x": 21,
          "y": 18,
          "w": 43,
          "h": 62
        }
      ],
      "pic": 16,
      "state": 0,
      "centerx": 38,
      "centery": 78,
      "hit_a": 0,
      "hit_d": 0,
      "hit_j": 0
    },
    "32": {
      "id": "32",
      "name": "sorcerer",
      "wait": 21,
      "next": {
        "id": "30"
      },
      "bdy": [
        {
          "kind": 1033,
          "x": 21,
          "y": 18,
          "w": 43,
          "h": 62
        }
      ],
      "pic": 17,
      "state": 0,
      "centerx": 38,
      "centery": 78,
      "hit_a": 0,
      "hit_d": 0,
      "hit_j": 0
    },
    "33": {
      "id": "33",
      "name": "sorcerer",
      "wait": 5,
      "next": {
        "id": "34"
      },
      "pic": 18,
      "state": 0,
      "centerx": 38,
      "centery": 78,
      "hit_a": 0,
      "hit_d": 0,
      "hit_j": 0,
      "sound": "data/013.wav.ogg"
    },
    "34": {
      "id": "34",
      "name": "sorcerer",
      "wait": 5,
      "next": {
        "id": "35"
      },
      "pic": 19,
      "state": 0,
      "centerx": 38,
      "centery": 78,
      "hit_a": 0,
      "hit_d": 0,
      "hit_j": 0
    },
    "35": {
      "id": "35",
      "name": "sorcerer",
      "wait": 5,
      "next": {
        "id": "auto"
      },
      "pic": 19,
      "state": 8034,
      "centerx": 38,
      "centery": 78,
      "hit_a": 0,
      "hit_d": 0,
      "hit_j": 0
    },
    "40": {
      "id": "40",
      "name": "bandit",
      "wait": 15,
      "next": {
        "id": "41"
      },
      "bdy": [
        {
          "kind": 1043,
          "x": 21,
          "y": 18,
          "w": 43,
          "h": 62
        }
      ],
      "pic": 20,
      "state": 0,
      "centerx": 38,
      "centery": 78,
      "hit_a": 0,
      "hit_d": 0,
      "hit_j": 0
    },
    "41": {
      "id": "41",
      "name": "bandit",
      "wait": 11,
      "next": {
        "id": "42"
      },
      "bdy": [
        {
          "kind": 1043,
          "x": 21,
          "y": 18,
          "w": 43,
          "h": 62
        }
      ],
      "pic": 21,
      "state": 0,
      "centerx": 38,
      "centery": 78,
      "hit_a": 0,
      "hit_d": 0,
      "hit_j": 0
    },
    "42": {
      "id": "42",
      "name": "bandit",
      "wait": 21,
      "next": {
        "id": "40"
      },
      "bdy": [
        {
          "kind": 1043,
          "x": 21,
          "y": 18,
          "w": 43,
          "h": 62
        }
      ],
      "pic": 22,
      "state": 0,
      "centerx": 38,
      "centery": 78,
      "hit_a": 0,
      "hit_d": 0,
      "hit_j": 0
    },
    "43": {
      "id": "43",
      "name": "bandit",
      "wait": 5,
      "next": {
        "id": "44"
      },
      "pic": 23,
      "state": 0,
      "centerx": 38,
      "centery": 78,
      "hit_a": 0,
      "hit_d": 0,
      "hit_j": 0,
      "sound": "data/013.wav.ogg"
    },
    "44": {
      "id": "44",
      "name": "bandit",
      "wait": 5,
      "next": {
        "id": "45"
      },
      "pic": 24,
      "state": 0,
      "centerx": 38,
      "centery": 78,
      "hit_a": 0,
      "hit_d": 0,
      "hit_j": 0
    },
    "45": {
      "id": "45",
      "name": "bandit",
      "wait": 5,
      "next": {
        "id": "auto"
      },
      "pic": 24,
      "state": 8030,
      "centerx": 38,
      "centery": 78,
      "hit_a": 0,
      "hit_d": 0,
      "hit_j": 0
    },
    "50": {
      "id": "50",
      "name": "hunter",
      "wait": 15,
      "next": {
        "id": "51"
      },
      "bdy": [
        {
          "kind": 1053,
          "x": 21,
          "y": 18,
          "w": 43,
          "h": 62
        }
      ],
      "pic": 25,
      "state": 0,
      "centerx": 38,
      "centery": 78,
      "hit_a": 0,
      "hit_d": 0,
      "hit_j": 0
    },
    "51": {
      "id": "51",
      "name": "hunter",
      "wait": 11,
      "next": {
        "id": "52"
      },
      "bdy": [
        {
          "kind": 1053,
          "x": 21,
          "y": 18,
          "w": 43,
          "h": 62
        }
      ],
      "pic": 26,
      "state": 0,
      "centerx": 38,
      "centery": 78,
      "hit_a": 0,
      "hit_d": 0,
      "hit_j": 0
    },
    "52": {
      "id": "52",
      "name": "hunter",
      "wait": 21,
      "next": {
        "id": "50"
      },
      "bdy": [
        {
          "kind": 1053,
          "x": 21,
          "y": 18,
          "w": 43,
          "h": 62
        }
      ],
      "pic": 27,
      "state": 0,
      "centerx": 38,
      "centery": 78,
      "hit_a": 0,
      "hit_d": 0,
      "hit_j": 0
    },
    "53": {
      "id": "53",
      "name": "hunter",
      "wait": 5,
      "next": {
        "id": "54"
      },
      "pic": 28,
      "state": 0,
      "centerx": 38,
      "centery": 78,
      "hit_a": 0,
      "hit_d": 0,
      "hit_j": 0,
      "sound": "data/013.wav.ogg"
    },
    "54": {
      "id": "54",
      "name": "hunter",
      "wait": 5,
      "next": {
        "id": "55"
      },
      "pic": 29,
      "state": 0,
      "centerx": 38,
      "centery": 78,
      "hit_a": 0,
      "hit_d": 0,
      "hit_j": 0
    },
    "55": {
      "id": "55",
      "name": "hunter",
      "wait": 5,
      "next": {
        "id": "auto"
      },
      "pic": 29,
      "state": 8031,
      "centerx": 38,
      "centery": 78,
      "hit_a": 0,
      "hit_d": 0,
      "hit_j": 0
    },
    "60": {
      "id": "60",
      "name": "jan",
      "wait": 15,
      "next": {
        "id": "61"
      },
      "bdy": [
        {
          "kind": 1063,
          "x": 21,
          "y": 18,
          "w": 43,
          "h": 62
        }
      ],
      "pic": 30,
      "state": 0,
      "centerx": 38,
      "centery": 78,
      "hit_a": 0,
      "hit_d": 0,
      "hit_j": 0
    },
    "61": {
      "id": "61",
      "name": "jan",
      "wait": 11,
      "next": {
        "id": "62"
      },
      "bdy": [
        {
          "kind": 1063,
          "x": 21,
          "y": 18,
          "w": 43,
          "h": 62
        }
      ],
      "pic": 31,
      "state": 0,
      "centerx": 38,
      "centery": 78,
      "hit_a": 0,
      "hit_d": 0,
      "hit_j": 0
    },
    "62": {
      "id": "62",
      "name": "jan",
      "wait": 21,
      "next": {
        "id": "60"
      },
      "bdy": [
        {
          "kind": 1063,
          "x": 21,
          "y": 18,
          "w": 43,
          "h": 62
        }
      ],
      "pic": 32,
      "state": 0,
      "centerx": 38,
      "centery": 78,
      "hit_a": 0,
      "hit_d": 0,
      "hit_j": 0
    },
    "63": {
      "id": "63",
      "name": "jan",
      "wait": 5,
      "next": {
        "id": "64"
      },
      "pic": 33,
      "state": 0,
      "centerx": 38,
      "centery": 78,
      "hit_a": 0,
      "hit_d": 0,
      "hit_j": 0,
      "sound": "data/013.wav.ogg"
    },
    "64": {
      "id": "64",
      "name": "jan",
      "wait": 5,
      "next": {
        "id": "65"
      },
      "pic": 34,
      "state": 0,
      "centerx": 38,
      "centery": 78,
      "hit_a": 0,
      "hit_d": 0,
      "hit_j": 0
    },
    "65": {
      "id": "65",
      "name": "jan",
      "wait": 5,
      "next": {
        "id": "auto"
      },
      "pic": 34,
      "state": 8036,
      "centerx": 38,
      "centery": 78,
      "hit_a": 0,
      "hit_d": 0,
      "hit_j": 0
    },
    "399": {
      "id": "399",
      "name": "come_here",
      "wait": 121,
      "next": {
        "id": "gone"
      },
      "pic": 0,
      "state": 0,
      "centerx": 38,
      "centery": 78,
      "hit_a": 0,
      "hit_d": 0,
      "hit_j": 0
    }
  }
}