{
  "objects": [
    {
      "id": "0",
      "type": 0,
      "file": "data/template.json"
    },
    {
      "id": "52",
      "type": 0,
      "file": "data/julian.json"
    },
    {
      "id": "51",
      "type": 0,
      "file": "data/firzen.json"
    },
    {
      "id": "50",
      "type": 0,
      "file": "data/louisEX.json"
    },
    {
      "id": "38",
      "type": 0,
      "file": "data/bat.json"
    },
    {
      "id": "39",
      "type": 0,
      "file": "data/justin.json"
    },
    {
      "id": "37",
      "type": 0,
      "file": "data/knight.json"
    },
    {
      "id": "36",
      "type": 0,
      "file": "data/jan.json"
    },
    {
      "id": "35",
      "type": 0,
      "file": "data/monk.json"
    },
    {
      "id": "34",
      "type": 0,
      "file": "data/sorcerer.json"
    },
    {
      "id": "33",
      "type": 0,
      "file": "data/jack.json"
    },
    {
      "id": "32",
      "type": 0,
      "file": "data/mark.json"
    },
    {
      "id": "31",
      "type": 0,
      "file": "data/hunter.json"
    },
    {
      "id": "30",
      "type": 0,
      "file": "data/bandit.json"
    },
    {
      "id": "1",
      "type": 0,
      "file": "data/deep.json"
    },
    {
      "id": "2",
      "type": 0,
      "file": "data/john.json"
    },
    {
      "id": "4",
      "type": 0,
      "file": "data/henry.json"
    },
    {
      "id": "5",
      "type": 0,
      "file": "data/rudolf.json"
    },
    {
      "id": "6",
      "type": 0,
      "file": "data/louis.json"
    },
    {
      "id": "7",
      "type": 0,
      "file": "data/firen.json"
    },
    {
      "id": "8",
      "type": 0,
      "file": "data/freeze.json"
    },
    {
      "id": "9",
      "type": 0,
      "file": "data/dennis.json"
    },
    {
      "id": "10",
      "type": 0,
      "file": "data/woody.json"
    },
    {
      "id": "11",
      "type": 0,
      "file": "data/davis.json"
    },
    {
      "id": "100",
      "type": 1,
      "file": "data/weapon0.json",
      "hash": "stick"
    },
    {
      "id": "101",
      "type": 1,
      "file": "data/weapon2.json",
      "hash": "hoe"
    },
    {
      "id": "120",
      "type": 1,
      "file": "data/weapon4.json",
      "hash": "knife"
    },
    {
      "id": "121",
      "type": 4,
      "file": "data/weapon5.json",
      "hash": "baseball"
    },
    {
      "id": "122",
      "type": 6,
      "file": "data/weapon6.json",
      "hash": "milk"
    },
    {
      "id": "150",
      "type": 2,
      "file": "data/weapon1.json",
      "hash": "stone"
    },
    {
      "id": "151",
      "type": 2,
      "file": "data/weapon3.json",
      "hash": "wooden_box"
    },
    {
      "id": "123",
      "type": 6,
      "file": "data/weapon8.json",
      "hash": "beer"
    },
    {
      "id": "124",
      "type": 1,
      "file": "data/weapon9.json",
      "hash": "boomerang"
    },
    {
      "id": "217",
      "type": 2,
      "file": "data/weapon10.json",
      "hash": "louis_limbs_armour"
    },
    {
      "id": "218",
      "type": 2,
      "file": "data/weapon11.json",
      "hash": "louis_armour"
    },
    {
      "id": "300",
      "type": 5,
      "file": "data/criminal.json",
      "hash": "criminal"
    },
    {
      "id": "200",
      "type": 3,
      "file": "data/john_ball.json"
    },
    {
      "id": "201",
      "type": 1,
      "file": "data/henry_arrow1.json",
      "hash": "henry_arrow"
    },
    {
      "id": "202",
      "type": 1,
      "file": "data/rudolf_weapon.json",
      "hash": "rudolf_weapon"
    },
    {
      "id": "203",
      "type": 3,
      "file": "data/deep_ball.json"
    },
    {
      "id": "204",
      "type": 3,
      "file": "data/henry_wind.json"
    },
    {
      "id": "205",
      "type": 3,
      "file": "data/dennis_ball.json"
    },
    {
      "id": "206",
      "type": 3,
      "file": "data/woody_ball.json"
    },
    {
      "id": "207",
      "type": 3,
      "file": "data/davis_ball.json"
    },
    {
      "id": "208",
      "type": 3,
      "file": "data/henry_arrow2.json"
    },
    {
      "id": "209",
      "type": 3,
      "file": "data/freeze_ball.json"
    },
    {
      "id": "210",
      "type": 3,
      "file": "data/firen_ball.json"
    },
    {
      "id": "211",
      "type": 3,
      "file": "data/firen_flame.json"
    },
    {
      "id": "212",
      "type": 3,
      "file": "data/freeze_column.json"
    },
    {
      "id": "213",
      "type": 1,
      "file": "data/weapon7.json",
      "hash": "ice_sword"
    },
    {
      "id": "214",
      "type": 3,
      "file": "data/john_biscuit.json"
    },
    {
      "id": "215",
      "type": 3,
      "file": "data/dennis_chase.json"
    },
    {
      "id": "216",
      "type": 3,
      "file": "data/jack_ball.json",
      "hash": "louis_body_armour"
    },
    {
      "id": "219",
      "type": 3,
      "file": "data/jan_chaseh.json"
    },
    {
      "id": "220",
      "type": 3,
      "file": "data/jan_chase.json"
    },
    {
      "id": "221",
      "type": 3,
      "file": "data/firzen_chasef.json"
    },
    {
      "id": "222",
      "type": 3,
      "file": "data/firzen_chasei.json"
    },
    {
      "id": "223",
      "type": 3,
      "file": "data/firzen_ball.json"
    },
    {
      "id": "224",
      "type": 3,
      "file": "data/bat_ball.json"
    },
    {
      "id": "225",
      "type": 3,
      "file": "data/bat_chase.json"
    },
    {
      "id": "226",
      "type": 3,
      "file": "data/justin_ball.json"
    },
    {
      "id": "228",
      "type": 3,
      "file": "data/julian_ball.json"
    },
    {
      "id": "229",
      "type": 3,
      "file": "data/julian_ball2.json"
    },
    {
      "id": "998",
      "type": 5,
      "file": "data/etc.json"
    },
    {
      "id": "999",
      "type": 5,
      "file": "data/broken_weapon.json"
    }
  ],
  "backgrounds": [
    {
      "id": "bg_4",
      "type": "bg",
      "file": "bg/sys/hkc/bg.json"
    },
    {
      "id": "bg_2",
      "type": "bg",
      "file": "bg/sys/lf/bg.json"
    },
    {
      "id": "bg_3",
      "type": "bg",
      "file": "bg/sys/sp/bg.json"
    },
    {
      "id": "bg_5",
      "type": "bg",
      "file": "bg/sys/gw/bg.json"
    },
    {
      "id": "bg_6",
      "type": "bg",
      "file": "bg/sys/qi/bg.json"
    },
    {
      "id": "bg_7",
      "type": "bg",
      "file": "bg/sys/ft/bg.json"
    },
    {
      "id": "bg_8",
      "type": "bg",
      "file": "bg/sys/bc/bg.json"
    },
    {
      "id": "bg_1",
      "type": "bg",
      "file": "bg/sys/cuhk/bg.json"
    },
    {
      "id": "bg_0",
      "type": "bg",
      "file": "bg/sys/thv/bg.json"
    },
    {
      "id": "bg_10",
      "type": "bg",
      "file": "bg/template/1/bg.json"
    },
    {
      "id": "bg_11",
      "type": "bg",
      "file": "bg/template/2/bg.json"
    },
    {
      "id": "bg_12",
      "type": "bg",
      "file": "bg/template/3/bg.json"
    }
  ]
}