{
  "id": "205",
  "type": "ball",
  "base": {
    "files": {
      "0": {
        "id": 0,
        "path": "sprite/sys/dennis_ball.bmp",
        "begin": 0,
        "end": 23,
        "w": 81,
        "h": 46,
        "row": 4,
        "col": 6
      }
    },
    "hp": 500,
    "weapon_broken_sound": "data/020.wav.ogg",
    "weapon_drop_sound": "data/020.wav.ogg",
    "weapon_hit_sound": "data/020.wav.ogg"
  },
  "frames": {
    "0": {
      "id": "0",
      "name": "flying",
      "wait": 3,
      "next": {
        "id": "1"
      },
      "bdy": [
        {
          "kind": 0,
          "x": 26,
          "y": 12,
          "w": 45,
          "h": 24
        }
      ],
      "itr": [
        {
          "kind": 0,
          "x": 26,
          "y": 12,
          "w": 45,
          "h": 24,
          "fall": 20,
          "bdefend": 10,
          "injury": 30,
          "arest": 10,
          "dvx": 3.8500000000000005
        }
      ],
      "pic": 0,
      "state": 3000,
      "centerx": 56,
      "centery": 24,
      "dvx": 7.5,
      "speedz": 2,
      "on_hitting": {
        "id": "10"
      },
      "on_be_hit": {
        "id": "20"
      },
      "on_rebounding": {
        "id": "30"
      },
      "on_disappearing": {
        "id": "40"
      }
    },
    "1": {
      "id": "1",
      "name": "flying",
      "wait": 3,
      "next": {
        "id": "2"
      },
      "bdy": [
        {
          "kind": 0,
          "x": 26,
          "y": 12,
          "w": 45,
          "h": 24
        }
      ],
      "itr": [
        {
          "kind": 0,
          "x": 26,
          "y": 12,
          "w": 45,
          "h": 24,
          "fall": 20,
          "bdefend": 10,
          "injury": 30,
          "arest": 10,
          "dvx": 3.8500000000000005
        }
      ],
      "pic": 1,
      "state": 3000,
      "centerx": 57,
      "centery": 23,
      "dvx": 7.5,
      "speedz": 2,
      "on_hitting": {
        "id": "10"
      },
      "on_be_hit": {
        "id": "20"
      },
      "on_rebounding": {
        "id": "30"
      },
      "on_disappearing": {
        "id": "40"
      }
    },
    "2": {
      "id": "2",
      "name": "flying",
      "wait": 3,
      "next": {
        "id": "3"
      },
      "bdy": [
        {
          "kind": 0,
          "x": 26,
          "y": 12,
          "w": 45,
          "h": 24
        }
      ],
      "itr": [
        {
          "kind": 0,
          "x": 26,
          "y": 12,
          "w": 45,
          "h": 24,
          "fall": 20,
          "bdefend": 10,
          "injury": 30,
          "arest": 10,
          "dvx": 3.8500000000000005
        }
      ],
      "pic": 2,
      "state": 3000,
      "centerx": 54,
      "centery": 23,
      "dvx": 7.5,
      "speedz": 2,
      "on_hitting": {
        "id": "10"
      },
      "on_be_hit": {
        "id": "20"
      },
      "on_rebounding": {
        "id": "30"
      },
      "on_disappearing": {
        "id": "40"
      }
    },
    "3": {
      "id": "3",
      "name": "flying",
      "wait": 3,
      "next": {
        "id": "4"
      },
      "bdy": [
        {
          "kind": 0,
          "x": 26,
          "y": 12,
          "w": 45,
          "h": 24
        }
      ],
      "itr": [
        {
          "kind": 0,
          "x": 26,
          "y": 12,
          "w": 45,
          "h": 24,
          "fall": 20,
          "bdefend": 10,
          "injury": 30,
          "arest": 10,
          "dvx": 3.8500000000000005
        }
      ],
      "pic": 3,
      "state": 3000,
      "centerx": 52,
      "centery": 21,
      "dvx": 7.5,
      "speedz": 2,
      "on_hitting": {
        "id": "10"
      },
      "on_be_hit": {
        "id": "20"
      },
      "on_rebounding": {
        "id": "30"
      },
      "on_disappearing": {
        "id": "40"
      }
    },
    "4": {
      "id": "4",
      "name": "flying",
      "wait": 3,
      "next": {
        "id": "5"
      },
      "bdy": [
        {
          "kind": 0,
          "x": 26,
          "y": 12,
          "w": 45,
          "h": 24
        }
      ],
      "itr": [
        {
          "kind": 0,
          "x": 26,
          "y": 12,
          "w": 45,
          "h": 24,
          "fall": 20,
          "bdefend": 10,
          "injury": 30,
          "arest": 10,
          "dvx": 3.8500000000000005
        }
      ],
      "pic": 2,
      "state": 3000,
      "centerx": 55,
      "centery": 23,
      "dvx": 7.5,
      "speedz": 2,
      "on_hitting": {
        "id": "10"
      },
      "on_be_hit": {
        "id": "20"
      },
      "on_rebounding": {
        "id": "30"
      },
      "on_disappearing": {
        "id": "40"
      }
    },
    "5": {
      "id": "5",
      "name": "flying",
      "wait": 3,
      "next": {
        "id": "auto"
      },
      "bdy": [
        {
          "kind": 0,
          "x": 26,
          "y": 12,
          "w": 45,
          "h": 24
        }
      ],
      "itr": [
        {
          "kind": 0,
          "x": 26,
          "y": 12,
          "w": 45,
          "h": 24,
          "fall": 20,
          "bdefend": 10,
          "injury": 30,
          "arest": 10,
          "dvx": 3.8500000000000005
        }
      ],
      "pic": 1,
      "state": 3000,
      "centerx": 55,
      "centery": 23,
      "dvx": 7.5,
      "speedz": 2,
      "on_hitting": {
        "id": "10"
      },
      "on_be_hit": {
        "id": "20"
      },
      "on_rebounding": {
        "id": "30"
      },
      "on_disappearing": {
        "id": "40"
      }
    },
    "10": {
      "id": "10",
      "name": "hiting",
      "wait": 3,
      "next": {
        "id": "11"
      },
      "pic": 4,
      "state": 3001,
      "centerx": 55,
      "centery": 22
    },
    "11": {
      "id": "11",
      "name": "hiting",
      "wait": 3,
      "next": {
        "id": "12"
      },
      "pic": 5,
      "state": 3001,
      "centerx": 52,
      "centery": 23
    },
    "12": {
      "id": "12",
      "name": "hiting",
      "wait": 3,
      "next": {
        "id": "13"
      },
      "pic": 6,
      "state": 3001,
      "centerx": 46,
      "centery": 21
    },
    "13": {
      "id": "13",
      "name": "hiting",
      "wait": 3,
      "next": {
        "id": "gone"
      },
      "pic": 7,
      "state": 3001,
      "centerx": 43,
      "centery": 22
    },
    "20": {
      "id": "20",
      "name": "hit",
      "wait": 3,
      "next": {
        "id": "21"
      },
      "pic": 4,
      "state": 3002,
      "centerx": 58,
      "centery": 23
    },
    "21": {
      "id": "21",
      "name": "hit",
      "wait": 3,
      "next": {
        "id": "22"
      },
      "pic": 5,
      "state": 3002,
      "centerx": 54,
      "centery": 23
    },
    "22": {
      "id": "22",
      "name": "hit",
      "wait": 3,
      "next": {
        "id": "23"
      },
      "pic": 6,
      "state": 3002,
      "centerx": 51,
      "centery": 21
    },
    "23": {
      "id": "23",
      "name": "hit",
      "wait": 3,
      "next": {
        "id": "gone"
      },
      "pic": 7,
      "state": 3002,
      "centerx": 45,
      "centery": 23
    },
    "30": {
      "id": "30",
      "name": "rebounding",
      "wait": 3,
      "next": {
        "id": "31"
      },
      "pic": 42,
      "state": 3003,
      "centerx": 56,
      "centery": 22
    },
    "31": {
      "id": "31",
      "name": "rebounding",
      "wait": 3,
      "next": {
        "id": "32"
      },
      "opoint": [
        {
          "kind": 1,
          "x": 19,
          "y": 23,
          "oid": 205,
          "action": {},
          "multi": 1,
          "facing": 2
        }
      ],
      "pic": 5,
      "state": 3003,
      "centerx": 51,
      "centery": 23
    },
    "32": {
      "id": "32",
      "name": "rebounding",
      "wait": 3,
      "next": {
        "id": "33"
      },
      "pic": 6,
      "state": 3003,
      "centerx": 52,
      "centery": 22
    },
    "33": {
      "id": "33",
      "name": "rebounding",
      "wait": 3,
      "next": {
        "id": "gone"
      },
      "pic": 7,
      "state": 3003,
      "centerx": 45,
      "centery": 24
    },
    "40": {
      "id": "40",
      "name": "disappearing",
      "wait": 3,
      "next": {
        "id": "41"
      },
      "pic": 4,
      "state": 3004,
      "centerx": 54,
      "centery": 24
    },
    "41": {
      "id": "41",
      "name": "disappearing",
      "wait": 3,
      "next": {
        "id": "42"
      },
      "pic": 5,
      "state": 3004,
      "centerx": 56,
      "centery": 22
    },
    "42": {
      "id": "42",
      "name": "disappearing",
      "wait": 3,
      "next": {
        "id": "gone"
      },
      "pic": 6,
      "state": 3004,
      "centerx": 46,
      "centery": 22
    },
    "50": {
      "id": "50",
      "name": "dflying",
      "wait": 3,
      "next": {
        "id": "51"
      },
      "bdy": [
        {
          "kind": 0,
          "x": 26,
          "y": 12,
          "w": 45,
          "h": 24
        }
      ],
      "itr": [
        {
          "kind": 0,
          "x": 26,
          "y": 12,
          "w": 45,
          "h": 24,
          "fall": 20,
          "bdefend": 10,
          "injury": 30,
          "arest": 10,
          "dvx": 3.8500000000000005
        }
      ],
      "pic": 8,
      "state": 3000,
      "centerx": 56,
      "centery": 24,
      "dvx": 7.5,
      "dvz": 1,
      "speedz": 2,
      "on_hitting": {
        "id": "10"
      },
      "on_be_hit": {
        "id": "20"
      },
      "on_rebounding": {
        "id": "30"
      },
      "on_disappearing": {
        "id": "40"
      }
    },
    "51": {
      "id": "51",
      "name": "dflying",
      "wait": 3,
      "next": {
        "id": "52"
      },
      "bdy": [
        {
          "kind": 0,
          "x": 26,
          "y": 12,
          "w": 45,
          "h": 24
        }
      ],
      "itr": [
        {
          "kind": 0,
          "x": 26,
          "y": 12,
          "w": 45,
          "h": 24,
          "fall": 20,
          "bdefend": 10,
          "injury": 30,
          "arest": 10,
          "dvx": 3.8500000000000005
        }
      ],
      "pic": 9,
      "state": 3000,
      "centerx": 57,
      "centery": 23,
      "dvx": 7.5,
      "dvz": 1,
      "speedz": 2,
      "on_hitting": {
        "id": "10"
      },
      "on_be_hit": {
        "id": "20"
      },
      "on_rebounding": {
        "id": "30"
      },
      "on_disappearing": {
        "id": "40"
      }
    },
    "52": {
      "id": "52",
      "name": "dflying",
      "wait": 3,
      "next": {
        "id": "53"
      },
      "bdy": [
        {
          "kind": 0,
          "x": 26,
          "y": 12,
          "w": 45,
          "h": 24
        }
      ],
      "itr": [
        {
          "kind": 0,
          "x": 26,
          "y": 12,
          "w": 45,
          "h": 24,
          "fall": 20,
          "bdefend": 10,
          "injury": 30,
          "arest": 10,
          "dvx": 3.8500000000000005
        }
      ],
      "pic": 10,
      "state": 3000,
      "centerx": 54,
      "centery": 23,
      "dvx": 7.5,
      "dvz": 1,
      "speedz": 2,
      "on_hitting": {
        "id": "10"
      },
      "on_be_hit": {
        "id": "20"
      },
      "on_rebounding": {
        "id": "30"
      },
      "on_disappearing": {
        "id": "40"
      }
    },
    "53": {
      "id": "53",
      "name": "dflying",
      "wait": 3,
      "next": {
        "id": "54"
      },
      "bdy": [
        {
          "kind": 0,
          "x": 26,
          "y": 12,
          "w": 45,
          "h": 24
        }
      ],
      "itr": [
        {
          "kind": 0,
          "x": 26,
          "y": 12,
          "w": 45,
          "h": 24,
          "fall": 20,
          "bdefend": 10,
          "injury": 30,
          "arest": 10,
          "dvx": 3.8500000000000005
        }
      ],
      "pic": 11,
      "state": 3000,
      "centerx": 52,
      "centery": 21,
      "dvx": 7.5,
      "dvz": 1,
      "speedz": 2,
      "on_hitting": {
        "id": "10"
      },
      "on_be_hit": {
        "id": "20"
      },
      "on_rebounding": {
        "id": "30"
      },
      "on_disappearing": {
        "id": "40"
      }
    },
    "54": {
      "id": "54",
      "name": "dflying",
      "wait": 3,
      "next": {
        "id": "55"
      },
      "bdy": [
        {
          "kind": 0,
          "x": 26,
          "y": 12,
          "w": 45,
          "h": 24
        }
      ],
      "itr": [
        {
          "kind": 0,
          "x": 26,
          "y": 12,
          "w": 45,
          "h": 24,
          "fall": 20,
          "bdefend": 10,
          "injury": 30,
          "arest": 10,
          "dvx": 3.8500000000000005
        }
      ],
      "pic": 10,
      "state": 3000,
      "centerx": 55,
      "centery": 23,
      "dvx": 7.5,
      "dvz": 1,
      "speedz": 2,
      "on_hitting": {
        "id": "10"
      },
      "on_be_hit": {
        "id": "20"
      },
      "on_rebounding": {
        "id": "30"
      },
      "on_disappearing": {
        "id": "40"
      }
    },
    "55": {
      "id": "55",
      "name": "dflying",
      "wait": 3,
      "next": {
        "id": "50"
      },
      "bdy": [
        {
          "kind": 0,
          "x": 26,
          "y": 12,
          "w": 45,
          "h": 24
        }
      ],
      "itr": [
        {
          "kind": 0,
          "x": 26,
          "y": 12,
          "w": 45,
          "h": 24,
          "fall": 20,
          "bdefend": 10,
          "injury": 30,
          "arest": 10,
          "dvx": 3.8500000000000005
        }
      ],
      "pic": 8,
      "state": 3000,
      "centerx": 55,
      "centery": 23,
      "dvx": 7.5,
      "dvz": 1,
      "speedz": 2,
      "on_hitting": {
        "id": "10"
      },
      "on_be_hit": {
        "id": "20"
      },
      "on_rebounding": {
        "id": "30"
      },
      "on_disappearing": {
        "id": "40"
      }
    },
    "60": {
      "id": "60",
      "name": "uflying",
      "wait": 3,
      "next": {
        "id": "61"
      },
      "bdy": [
        {
          "kind": 0,
          "x": 26,
          "y": 12,
          "w": 45,
          "h": 24
        }
      ],
      "itr": [
        {
          "kind": 0,
          "x": 26,
          "y": 12,
          "w": 45,
          "h": 24,
          "fall": 20,
          "bdefend": 10,
          "injury": 30,
          "arest": 10,
          "dvx": 3.8500000000000005
        }
      ],
      "pic": 12,
      "state": 3000,
      "centerx": 56,
      "centery": 24,
      "dvx": 7.5,
      "dvz": -1,
      "speedz": 2,
      "on_hitting": {
        "id": "10"
      },
      "on_be_hit": {
        "id": "20"
      },
      "on_rebounding": {
        "id": "30"
      },
      "on_disappearing": {
        "id": "40"
      }
    },
    "61": {
      "id": "61",
      "name": "uflying",
      "wait": 3,
      "next": {
        "id": "62"
      },
      "bdy": [
        {
          "kind": 0,
          "x": 26,
          "y": 12,
          "w": 45,
          "h": 24
        }
      ],
      "itr": [
        {
          "kind": 0,
          "x": 26,
          "y": 12,
          "w": 45,
          "h": 24,
          "fall": 20,
          "bdefend": 10,
          "injury": 30,
          "arest": 10,
          "dvx": 3.8500000000000005
        }
      ],
      "pic": 13,
      "state": 3000,
      "centerx": 57,
      "centery": 23,
      "dvx": 7.5,
      "dvz": -1,
      "speedz": 2,
      "on_hitting": {
        "id": "10"
      },
      "on_be_hit": {
        "id": "20"
      },
      "on_rebounding": {
        "id": "30"
      },
      "on_disappearing": {
        "id": "40"
      }
    },
    "62": {
      "id": "62",
      "name": "uflying",
      "wait": 3,
      "next": {
        "id": "63"
      },
      "bdy": [
        {
          "kind": 0,
          "x": 26,
          "y": 12,
          "w": 45,
          "h": 24
        }
      ],
      "itr": [
        {
          "kind": 0,
          "x": 26,
          "y": 12,
          "w": 45,
          "h": 24,
          "fall": 20,
          "bdefend": 10,
          "injury": 30,
          "arest": 10,
          "dvx": 3.8500000000000005
        }
      ],
      "pic": 14,
      "state": 3000,
      "centerx": 54,
      "centery": 23,
      "dvx": 7.5,
      "dvz": -1,
      "speedz": 2,
      "on_hitting": {
        "id": "10"
      },
      "on_be_hit": {
        "id": "20"
      },
      "on_rebounding": {
        "id": "30"
      },
      "on_disappearing": {
        "id": "40"
      }
    },
    "63": {
      "id": "63",
      "name": "uflying",
      "wait": 3,
      "next": {
        "id": "64"
      },
      "bdy": [
        {
          "kind": 0,
          "x": 26,
          "y": 12,
          "w": 45,
          "h": 24
        }
      ],
      "itr": [
        {
          "kind": 0,
          "x": 26,
          "y": 12,
          "w": 45,
          "h": 24,
          "fall": 20,
          "bdefend": 10,
          "injury": 30,
          "arest": 10,
          "dvx": 3.8500000000000005
        }
      ],
      "pic": 15,
      "state": 3000,
      "centerx": 52,
      "centery": 21,
      "dvx": 7.5,
      "dvz": -1,
      "speedz": 2,
      "on_hitting": {
        "id": "10"
      },
      "on_be_hit": {
        "id": "20"
      },
      "on_rebounding": {
        "id": "30"
      },
      "on_disappearing": {
        "id": "40"
      }
    },
    "64": {
      "id": "64",
      "name": "uflying",
      "wait": 3,
      "next": {
        "id": "65"
      },
      "bdy": [
        {
          "kind": 0,
          "x": 26,
          "y": 12,
          "w": 45,
          "h": 24
        }
      ],
      "itr": [
        {
          "kind": 0,
          "x": 26,
          "y": 12,
          "w": 45,
          "h": 24,
          "fall": 20,
          "bdefend": 10,
          "injury": 30,
          "arest": 10,
          "dvx": 3.8500000000000005
        }
      ],
      "pic": 14,
      "state": 3000,
      "centerx": 55,
      "centery": 23,
      "dvx": 7.5,
      "dvz": -1,
      "speedz": 2,
      "on_hitting": {
        "id": "10"
      },
      "on_be_hit": {
        "id": "20"
      },
      "on_rebounding": {
        "id": "30"
      },
      "on_disappearing": {
        "id": "40"
      }
    },
    "65": {
      "id": "65",
      "name": "uflying",
      "wait": 3,
      "next": {
        "id": "60"
      },
      "bdy": [
        {
          "kind": 0,
          "x": 26,
          "y": 12,
          "w": 45,
          "h": 24
        }
      ],
      "itr": [
        {
          "kind": 0,
          "x": 26,
          "y": 12,
          "w": 45,
          "h": 24,
          "fall": 20,
          "bdefend": 10,
          "injury": 30,
          "arest": 10,
          "dvx": 3.8500000000000005
        }
      ],
      "pic": 13,
      "state": 3000,
      "centerx": 55,
      "centery": 23,
      "dvx": 7.5,
      "dvz": -1,
      "speedz": 2,
      "on_hitting": {
        "id": "10"
      },
      "on_be_hit": {
        "id": "20"
      },
      "on_rebounding": {
        "id": "30"
      },
      "on_disappearing": {
        "id": "40"
      }
    }
  }
}