{
  "id": "998",
  "type": "entity",
  "base": {
    "files": {
      "0": {
        "id": 0,
        "path": "sprite/sys/etc.bmp",
        "begin": 0,
        "end": 69,
        "w": 79,
        "h": 79,
        "row": 10,
        "col": 7
      }
    }
  },
  "frames": {
    "0": {
      "id": "0",
      "name": "come_here",
      "wait": 3,
      "next": {
        "id": "1"
      },
      "pic": 0,
      "state": 9997,
      "centerx": 38,
      "centery": 105,
      "hit_a": 0,
      "hit_d": 0,
      "hit_j": 0
    },
    "1": {
      "id": "1",
      "name": "come_here",
      "wait": 121,
      "next": {
        "id": "gone"
      },
      "pic": 0,
      "state": 9997,
      "centerx": 38,
      "centery": 105,
      "hit_a": 0,
      "hit_d": 0,
      "hit_j": 0,
      "sound": "data/080.wav.ogg"
    },
    "2": {
      "id": "2",
      "name": "stay",
      "wait": 3,
      "next": {
        "id": "3"
      },
      "pic": 1,
      "state": 9997,
      "centerx": 38,
      "centery": 105,
      "hit_a": 0,
      "hit_d": 0,
      "hit_j": 0
    },
    "3": {
      "id": "3",
      "name": "stay",
      "wait": 121,
      "next": {
        "id": "gone"
      },
      "pic": 1,
      "state": 9997,
      "centerx": 38,
      "centery": 105,
      "hit_a": 0,
      "hit_d": 0,
      "hit_j": 0,
      "sound": "data/081.wav.ogg"
    },
    "4": {
      "id": "4",
      "name": "move",
      "wait": 3,
      "next": {
        "id": "5"
      },
      "pic": 2,
      "state": 9997,
      "centerx": 38,
      "centery": 105,
      "hit_a": 0,
      "hit_d": 0,
      "hit_j": 0
    },
    "5": {
      "id": "5",
      "name": "move",
      "wait": 121,
      "next": {
        "id": "gone"
      },
      "pic": 2,
      "state": 9997,
      "centerx": 38,
      "centery": 105,
      "hit_a": 0,
      "hit_d": 0,
      "hit_j": 0,
      "sound": "data/082.wav.ogg"
    },
    "6": {
      "id": "6",
      "name": "join",
      "wait": 3,
      "next": {
        "id": "7"
      },
      "pic": 3,
      "state": 9997,
      "centerx": 38,
      "centery": 105,
      "hit_a": 0,
      "hit_d": 0,
      "hit_j": 0
    },
    "7": {
      "id": "7",
      "name": "join",
      "wait": 121,
      "next": {
        "id": "gone"
      },
      "pic": 3,
      "state": 9997,
      "centerx": 38,
      "centery": 105,
      "hit_a": 0,
      "hit_d": 0,
      "hit_j": 0,
      "sound": "data/093.wav.ogg"
    },
    "399": {
      "id": "399",
      "name": "come_here",
      "wait": 121,
      "next": {
        "id": "gone"
      },
      "pic": 0,
      "state": 9997,
      "centerx": 38,
      "centery": 105,
      "hit_a": 0,
      "hit_d": 0,
      "hit_j": 0
    }
  }
}