{
  "id": "221",
  "type": "ball",
  "base": {
    "files": {
      "0": {
        "id": 0,
        "path": "sprite/sys/firzen_chasef.bmp",
        "begin": 0,
        "end": 7,
        "w": 81,
        "h": 82,
        "row": 4,
        "col": 2
      },
      "1": {
        "id": 1,
        "path": "sprite/sys/firzen_up.bmp",
        "begin": 8,
        "end": 19,
        "w": 35,
        "h": 49,
        "row": 4,
        "col": 3
      },
      "2": {
        "id": 2,
        "path": "sprite/sys/firzen_up3.bmp",
        "begin": 20,
        "end": 23,
        "w": 81,
        "h": 82,
        "row": 4,
        "col": 1
      }
    },
    "": "",
    "hp": 500,
    "weapon_broken_sound": "data/020.wav.ogg",
    "weapon_drop_sound": "data/020.wav.ogg",
    "weapon_hit_sound": "data/020.wav.ogg"
  },
  "frames": {
    "0": {
      "id": "0",
      "name": "flying",
      "wait": 11,
      "next": {
        "id": "1"
      },
      "bdy": [
        {
          "x": 33,
          "y": 21,
          "w": 23,
          "h": 28
        }
      ],
      "pic": 0,
      "state": 3000,
      "centerx": 46,
      "centery": 26,
      "hit_Fa": 7,
      "hp": 3.5,
      "on_dead": {
        "id": "1"
      },
      "speedz": 2,
      "on_hitting": {
        "id": "10"
      },
      "on_be_hit": {
        "id": "20"
      },
      "on_rebounding": {
        "id": "30"
      },
      "on_disappearing": {
        "id": "40"
      }
    },
    "1": {
      "id": "1",
      "name": "flying",
      "wait": 11,
      "next": {
        "id": "2"
      },
      "bdy": [
        {
          "x": 21,
          "y": 22,
          "w": 40,
          "h": 39
        }
      ],
      "itr": [
        {
          "kind": 0,
          "x": 22,
          "y": 22,
          "w": 39,
          "h": 38,
          "fall": 70,
          "bdefend": 20,
          "injury": 40,
          "effect": 2,
          "vrest": 28,
          "dvx": 1.5
        }
      ],
      "pic": 1,
      "state": 3000,
      "centerx": 42,
      "centery": 36,
      "hit_Fa": 7,
      "hp": 3.5,
      "on_dead": {
        "id": "1"
      },
      "speedz": 2,
      "on_hitting": {
        "id": "10"
      },
      "on_be_hit": {
        "id": "20"
      },
      "on_rebounding": {
        "id": "30"
      },
      "on_disappearing": {
        "id": "40"
      }
    },
    "2": {
      "id": "2",
      "name": "flying",
      "wait": 11,
      "next": {
        "id": "3"
      },
      "bdy": [
        {
          "x": 30,
          "y": 28,
          "w": 34,
          "h": 36
        }
      ],
      "itr": [
        {
          "kind": 0,
          "x": 29,
          "y": 27,
          "w": 36,
          "h": 39,
          "fall": 70,
          "bdefend": 20,
          "injury": 40,
          "effect": 2,
          "vrest": 28,
          "dvx": 1.5
        }
      ],
      "pic": 2,
      "state": 3000,
      "centerx": 50,
      "centery": 48,
      "hit_Fa": 7,
      "hp": 3.5,
      "on_dead": {
        "id": "2"
      },
      "speedz": 2,
      "on_hitting": {
        "id": "10"
      },
      "on_be_hit": {
        "id": "20"
      },
      "on_rebounding": {
        "id": "30"
      },
      "on_disappearing": {
        "id": "40"
      }
    },
    "3": {
      "id": "3",
      "name": "flying",
      "wait": 3,
      "next": {},
      "bdy": [
        {
          "x": 21,
          "y": 22,
          "w": 40,
          "h": 39
        }
      ],
      "itr": [
        {
          "kind": 0,
          "x": 22,
          "y": 22,
          "w": 39,
          "h": 38,
          "fall": 70,
          "bdefend": 20,
          "injury": 40,
          "effect": 2,
          "vrest": 28,
          "dvx": 1.5
        }
      ],
      "pic": 3,
      "state": 3000,
      "centerx": 44,
      "centery": 45,
      "hit_Fa": 7,
      "hp": 3.5,
      "on_dead": {
        "id": "3"
      },
      "speedz": 2,
      "on_hitting": {
        "id": "10"
      },
      "on_be_hit": {
        "id": "20"
      },
      "on_rebounding": {
        "id": "30"
      },
      "on_disappearing": {
        "id": "40"
      }
    },
    "10": {
      "id": "10",
      "name": "hiting",
      "wait": 3,
      "next": {
        "id": "11"
      },
      "pic": 4,
      "state": 3001,
      "centerx": 42,
      "centery": 42
    },
    "11": {
      "id": "11",
      "name": "hiting",
      "wait": 3,
      "next": {
        "id": "12"
      },
      "pic": 5,
      "state": 3001,
      "centerx": 40,
      "centery": 41
    },
    "12": {
      "id": "12",
      "name": "hiting",
      "wait": 3,
      "next": {
        "id": "13"
      },
      "pic": 6,
      "state": 3001,
      "centerx": 43,
      "centery": 41
    },
    "13": {
      "id": "13",
      "name": "hiting",
      "wait": 3,
      "next": {
        "id": "gone"
      },
      "pic": 7,
      "state": 3001,
      "centerx": 42,
      "centery": 41
    },
    "20": {
      "id": "20",
      "name": "hit",
      "wait": 3,
      "next": {
        "id": "21"
      },
      "pic": 4,
      "state": 3002,
      "centerx": 42,
      "centery": 44
    },
    "21": {
      "id": "21",
      "name": "hit",
      "wait": 3,
      "next": {
        "id": "22"
      },
      "pic": 5,
      "state": 3002,
      "centerx": 41,
      "centery": 41
    },
    "22": {
      "id": "22",
      "name": "hit",
      "wait": 3,
      "next": {
        "id": "23"
      },
      "pic": 6,
      "state": 3002,
      "centerx": 41,
      "centery": 42
    },
    "23": {
      "id": "23",
      "name": "hit",
      "wait": 3,
      "next": {
        "id": "gone"
      },
      "pic": 7,
      "state": 3002,
      "centerx": 42,
      "centery": 41
    },
    "30": {
      "id": "30",
      "name": "rebounding",
      "wait": 3,
      "next": {
        "id": "21"
      },
      "pic": 4,
      "state": 3002,
      "centerx": 42,
      "centery": 44
    },
    "40": {
      "id": "40",
      "name": "tail",
      "wait": 1,
      "next": {
        "id": "41"
      },
      "pic": 12,
      "state": 3005,
      "centerx": 19,
      "centery": 25,
      "speedz": 0
    },
    "41": {
      "id": "41",
      "name": "tail",
      "wait": 1,
      "next": {
        "id": "42"
      },
      "pic": 13,
      "state": 3005,
      "centerx": 19,
      "centery": 25,
      "speedz": 0
    },
    "42": {
      "id": "42",
      "name": "tail",
      "wait": 1,
      "next": {
        "id": "43"
      },
      "pic": 14,
      "state": 3005,
      "centerx": 19,
      "centery": 25,
      "speedz": 0
    },
    "43": {
      "id": "43",
      "name": "tail",
      "wait": 3,
      "next": {
        "id": "44"
      },
      "pic": 15,
      "state": 3005,
      "centerx": 17,
      "centery": 25,
      "speedz": 0
    },
    "44": {
      "id": "44",
      "name": "tail",
      "wait": 3,
      "next": {
        "id": "45"
      },
      "pic": 16,
      "state": 3005,
      "centerx": 18,
      "centery": 25,
      "speedz": 0
    },
    "45": {
      "id": "45",
      "name": "tail",
      "wait": 3,
      "next": {
        "id": "gone"
      },
      "pic": 17,
      "state": 3005,
      "centerx": 19,
      "centery": 25,
      "speedz": 0
    },
    "50": {
      "id": "50",
      "name": "start",
      "wait": 3,
      "next": {
        "id": "51"
      },
      "opoint": [
        {
          "kind": 1,
          "x": 20,
          "y": 40,
          "oid": 219,
          "action": {
            "id": "70"
          },
          "multi": 1,
          "facing": 0
        }
      ],
      "pic": 8,
      "state": 3005,
      "centerx": 17,
      "centery": 25,
      "speedz": 0
    },
    "51": {
      "id": "51",
      "name": "start",
      "wait": 3,
      "next": {
        "id": "52"
      },
      "pic": 9,
      "state": 3005,
      "centerx": 17,
      "centery": 25,
      "speedz": 0
    },
    "52": {
      "id": "52",
      "name": "start",
      "wait": 3,
      "next": {
        "id": "53"
      },
      "opoint": [
        {
          "kind": 1,
          "x": 20,
          "y": 40,
          "oid": 219,
          "action": {
            "id": "70"
          },
          "multi": 1,
          "facing": 2
        }
      ],
      "pic": 10,
      "state": 3005,
      "centerx": 17,
      "centery": 25,
      "speedz": 0
    },
    "53": {
      "id": "53",
      "name": "start",
      "wait": 1,
      "next": {
        "id": "54"
      },
      "pic": 9,
      "state": 3005,
      "centerx": 17,
      "centery": 25,
      "speedz": 0
    },
    "54": {
      "id": "54",
      "name": "start",
      "wait": 1,
      "next": {
        "id": "55"
      },
      "opoint": [
        {
          "kind": 1,
          "x": 20,
          "y": 40,
          "oid": 219,
          "action": {
            "id": "70"
          },
          "multi": 1,
          "facing": 0
        }
      ],
      "pic": 10,
      "state": 3005,
      "centerx": 17,
      "centery": 25,
      "speedz": 0
    },
    "55": {
      "id": "55",
      "name": "start",
      "wait": 1,
      "next": {
        "id": "56"
      },
      "pic": 11,
      "state": 3005,
      "centerx": 17,
      "centery": 25,
      "speedz": 0
    },
    "56": {
      "id": "56",
      "name": "start",
      "wait": 1,
      "next": {
        "id": "57"
      },
      "opoint": [
        {
          "kind": 1,
          "x": 20,
          "y": 40,
          "oid": 219,
          "action": {
            "id": "70"
          },
          "multi": 1,
          "facing": 2
        }
      ],
      "pic": 10,
      "state": 3005,
      "centerx": 17,
      "centery": 25,
      "speedz": 0
    },
    "57": {
      "id": "57",
      "name": "start",
      "wait": 1,
      "next": {
        "id": "58"
      },
      "pic": 11,
      "state": 3005,
      "centerx": 17,
      "centery": 25,
      "speedz": 0
    },
    "58": {
      "id": "58",
      "name": "start",
      "wait": 1,
      "next": {
        "id": "59"
      },
      "opoint": [
        {
          "kind": 1,
          "x": 17,
          "y": 10,
          "oid": 221,
          "action": {
            "id": "70"
          },
          "multi": 1,
          "facing": 2
        }
      ],
      "pic": 11,
      "state": 3005,
      "centerx": 15,
      "centery": 25,
      "sound": "data/020.wav.ogg",
      "speedz": 0
    },
    "59": {
      "id": "59",
      "name": "start",
      "wait": 5,
      "next": {
        "id": "gone"
      },
      "pic": 50,
      "state": 3005,
      "centerx": 15,
      "centery": 25,
      "hit_Fa": 9,
      "speedz": 0
    },
    "60": {
      "id": "60",
      "name": "hiting_ground",
      "wait": 3,
      "next": {
        "id": "61"
      },
      "pic": 4,
      "state": 3001,
      "centerx": 41,
      "centery": 42
    },
    "61": {
      "id": "61",
      "name": "hiting_ground",
      "wait": 3,
      "next": {
        "id": "62"
      },
      "pic": 5,
      "state": 3001,
      "centerx": 39,
      "centery": 40,
      "sound": "data/020.wav.ogg"
    },
    "62": {
      "id": "62",
      "name": "hiting_ground",
      "wait": 3,
      "next": {
        "id": "63"
      },
      "opoint": [
        {
          "kind": 1,
          "x": 41,
          "y": 61,
          "oid": 211,
          "action": {
            "id": "50"
          },
          "multi": 1,
          "facing": 2
        }
      ],
      "pic": 6,
      "state": 3001,
      "centerx": 41,
      "centery": 40
    },
    "63": {
      "id": "63",
      "name": "hiting_ground",
      "wait": 3,
      "next": {
        "id": "gone"
      },
      "pic": 7,
      "state": 3001,
      "centerx": 41,
      "centery": 41
    },
    "70": {
      "id": "70",
      "name": "explosion",
      "wait": 3,
      "next": {
        "id": "71"
      },
      "pic": 20,
      "state": 3005,
      "centerx": 42,
      "centery": 27,
      "speedz": 0
    },
    "71": {
      "id": "71",
      "name": "explosion",
      "wait": 3,
      "next": {
        "id": "72"
      },
      "pic": 21,
      "state": 3005,
      "centerx": 42,
      "centery": 27,
      "speedz": 0
    },
    "72": {
      "id": "72",
      "name": "explosion",
      "wait": 3,
      "next": {
        "id": "73"
      },
      "pic": 22,
      "state": 3005,
      "centerx": 42,
      "centery": 27,
      "speedz": 0
    },
    "73": {
      "id": "73",
      "name": "explosion",
      "wait": 3,
      "next": {
        "id": "gone"
      },
      "pic": 23,
      "state": 3005,
      "centerx": 42,
      "centery": 27,
      "speedz": 0
    },
    "80": {
      "id": "80",
      "name": "disaster1",
      "wait": 21,
      "next": {
        "id": "gone"
      },
      "pic": 50,
      "state": 3005,
      "centerx": 42,
      "centery": 27,
      "hit_Fa": 11,
      "speedz": 0
    },
    "81": {
      "id": "81",
      "name": "disaster2",
      "wait": 21,
      "next": {
        "id": "gone"
      },
      "pic": 50,
      "state": 3005,
      "centerx": 42,
      "centery": 27,
      "hit_Fa": 9,
      "speedz": 0
    }
  }
}