{
  "id": "223",
  "type": "ball",
  "base": {
    "files": {
      "0": {
        "id": 0,
        "path": "sprite/sys/firzen_ball.bmp",
        "begin": 0,
        "end": 11,
        "w": 129,
        "h": 82,
        "row": 4,
        "col": 2
      }
    },
    "hp": 500,
    "weapon_broken_sound": "data/020.wav.ogg",
    "weapon_drop_sound": "data/020.wav.ogg",
    "weapon_hit_sound": "data/020.wav.ogg"
  },
  "frames": {
    "0": {
      "id": "0",
      "name": "flying",
      "wait": 3,
      "next": {
        "id": "1"
      },
      "bdy": [
        {
          "x": 22,
          "y": 27,
          "w": 55,
          "h": 27
        }
      ],
      "itr": [
        {
          "kind": 0,
          "x": 22,
          "y": 27,
          "w": 55,
          "h": 27,
          "fall": 70,
          "bdefend": 16,
          "injury": 135,
          "vrest": 18,
          "dvx": 10,
          "dvy": 5
        }
      ],
      "pic": 0,
      "state": 3000,
      "centerx": 90,
      "centery": 41,
      "dvx": 7.5,
      "speedz": 0,
      "on_hitting": {
        "id": "10"
      },
      "on_be_hit": {
        "id": "20"
      },
      "on_rebounding": {
        "id": "30"
      },
      "no_shadow": 1
    },
    "1": {
      "id": "1",
      "name": "flying",
      "wait": 3,
      "next": {
        "id": "auto"
      },
      "bdy": [
        {
          "x": 22,
          "y": 27,
          "w": 55,
          "h": 27
        }
      ],
      "itr": [
        {
          "kind": 0,
          "x": 22,
          "y": 27,
          "w": 55,
          "h": 27,
          "fall": 70,
          "bdefend": 16,
          "injury": 135,
          "vrest": 18,
          "dvx": 10,
          "dvy": 5
        }
      ],
      "pic": 1,
      "state": 3000,
      "centerx": 90,
      "centery": 41,
      "dvx": 7.5,
      "speedz": 0,
      "on_hitting": {
        "id": "10"
      },
      "on_be_hit": {
        "id": "20"
      },
      "on_rebounding": {
        "id": "30"
      },
      "no_shadow": 1
    },
    "2": {
      "id": "2",
      "name": "flying",
      "wait": 3,
      "next": {
        "id": "3"
      },
      "bdy": [
        {
          "x": 22,
          "y": 27,
          "w": 55,
          "h": 27
        }
      ],
      "itr": [
        {
          "kind": 0,
          "x": 22,
          "y": 27,
          "w": 55,
          "h": 27,
          "fall": 20,
          "bdefend": 16,
          "injury": 26,
          "vrest": 18,
          "dvx": 6.5,
          "dvy": 4
        }
      ],
      "pic": 2,
      "state": 3000,
      "centerx": 90,
      "centery": 41,
      "dvx": 7.5,
      "speedz": 0,
      "on_hitting": {
        "id": "10"
      },
      "on_be_hit": {
        "id": "20"
      },
      "on_rebounding": {
        "id": "30"
      },
      "no_shadow": 1
    },
    "3": {
      "id": "3",
      "name": "flying",
      "wait": 3,
      "next": {
        "id": "2"
      },
      "bdy": [
        {
          "x": 22,
          "y": 27,
          "w": 55,
          "h": 27
        }
      ],
      "itr": [
        {
          "kind": 0,
          "x": 22,
          "y": 27,
          "w": 55,
          "h": 27,
          "fall": 20,
          "bdefend": 16,
          "injury": 26,
          "vrest": 18,
          "dvx": 6.5,
          "dvy": 4
        }
      ],
      "pic": 3,
      "state": 3000,
      "centerx": 90,
      "centery": 41,
      "dvx": 7.5,
      "speedz": 0,
      "on_hitting": {
        "id": "10"
      },
      "on_be_hit": {
        "id": "20"
      },
      "on_rebounding": {
        "id": "30"
      },
      "no_shadow": 1
    },
    "10": {
      "id": "10",
      "name": "hiting",
      "wait": 3,
      "next": {
        "id": "11"
      },
      "pic": 4,
      "state": 3001,
      "centerx": 94,
      "centery": 41,
      "speedz": 0,
      "no_shadow": 1
    },
    "11": {
      "id": "11",
      "name": "hiting",
      "wait": 3,
      "next": {
        "id": "12"
      },
      "pic": 5,
      "state": 3001,
      "centerx": 94,
      "centery": 41,
      "speedz": 0,
      "no_shadow": 1
    },
    "12": {
      "id": "12",
      "name": "hiting",
      "wait": 3,
      "next": {
        "id": "13"
      },
      "pic": 6,
      "state": 3001,
      "centerx": 94,
      "centery": 41,
      "speedz": 0,
      "no_shadow": 1
    },
    "13": {
      "id": "13",
      "name": "hiting",
      "wait": 3,
      "next": {
        "id": "gone"
      },
      "pic": 7,
      "state": 3001,
      "centerx": 94,
      "centery": 41,
      "speedz": 0,
      "no_shadow": 1
    },
    "20": {
      "id": "20",
      "name": "hit",
      "wait": 3,
      "next": {
        "id": "21"
      },
      "pic": 4,
      "state": 3002,
      "centerx": 96,
      "centery": 41,
      "speedz": 0,
      "no_shadow": 1
    },
    "21": {
      "id": "21",
      "name": "hit",
      "wait": 3,
      "next": {
        "id": "22"
      },
      "pic": 5,
      "state": 3002,
      "centerx": 96,
      "centery": 41,
      "speedz": 0,
      "no_shadow": 1
    },
    "22": {
      "id": "22",
      "name": "hit",
      "wait": 3,
      "next": {
        "id": "23"
      },
      "pic": 6,
      "state": 3002,
      "centerx": 96,
      "centery": 41,
      "speedz": 0,
      "no_shadow": 1
    },
    "23": {
      "id": "23",
      "name": "hit",
      "wait": 3,
      "next": {
        "id": "gone"
      },
      "pic": 7,
      "state": 3002,
      "centerx": 96,
      "centery": 41,
      "speedz": 0,
      "no_shadow": 1
    },
    "30": {
      "id": "30",
      "name": "rebounding",
      "wait": 3,
      "next": {
        "id": "31"
      },
      "pic": 4,
      "state": 3003,
      "centerx": 93,
      "centery": 41,
      "speedz": 0,
      "no_shadow": 1
    },
    "31": {
      "id": "31",
      "name": "rebounding",
      "wait": 3,
      "next": {
        "id": "32"
      },
      "pic": 5,
      "state": 3003,
      "centerx": 93,
      "centery": 41,
      "speedz": 0,
      "no_shadow": 1
    },
    "32": {
      "id": "32",
      "name": "rebounding",
      "wait": 3,
      "next": {
        "id": "33"
      },
      "pic": 6,
      "state": 3003,
      "centerx": 93,
      "centery": 41,
      "speedz": 0,
      "no_shadow": 1
    },
    "33": {
      "id": "33",
      "name": "rebounding",
      "wait": 3,
      "next": {
        "id": "gone"
      },
      "pic": 7,
      "state": 3003,
      "centerx": 93,
      "centery": 41,
      "speedz": 0,
      "no_shadow": 1
    }
  }
}