{
  "id": "222",
  "type": "ball",
  "base": {
    "files": {
      "0": {
        "id": 0,
        "path": "sprite/sys/firzen_chasei.bmp",
        "begin": 0,
        "end": 7,
        "w": 81,
        "h": 82,
        "row": 4,
        "col": 2
      },
      "1": {
        "id": 1,
        "path": "sprite/sys/firzen_up2.bmp",
        "begin": 8,
        "end": 19,
        "w": 35,
        "h": 49,
        "row": 4,
        "col": 3
      }
    },
    "hp": 500,
    "weapon_broken_sound": "data/020.wav.ogg",
    "weapon_drop_sound": "data/020.wav.ogg",
    "weapon_hit_sound": "data/020.wav.ogg"
  },
  "frames": {
    "0": {
      "id": "0",
      "name": "flying",
      "wait": 11,
      "next": {
        "id": "1"
      },
      "bdy": [
        {
          "x": 29,
          "y": 33,
          "w": 23,
          "h": 21
        }
      ],
      "pic": 0,
      "state": 3000,
      "centerx": 41,
      "centery": 43,
      "hit_Fa": 7,
      "hp": 3.5,
      "on_dead": {
        "id": "1"
      },
      "speedz": 2,
      "on_hitting": {
        "id": "10"
      },
      "on_be_hit": {
        "id": "20"
      },
      "on_rebounding": {
        "id": "30"
      },
      "on_disappearing": {
        "id": "40"
      }
    },
    "1": {
      "id": "1",
      "name": "flying",
      "wait": 11,
      "next": {
        "id": "2"
      },
      "bdy": [
        {
          "x": 26,
          "y": 27,
          "w": 36,
          "h": 30
        }
      ],
      "itr": [
        {
          "kind": 0,
          "x": 22,
          "y": 22,
          "w": 39,
          "h": 38,
          "fall": 70,
          "bdefend": 20,
          "injury": 40,
          "effect": 3,
          "vrest": 28,
          "dvx": 1.5
        }
      ],
      "pic": 1,
      "state": 3000,
      "centerx": 44,
      "centery": 42,
      "hit_Fa": 7,
      "hp": 3.5,
      "on_dead": {
        "id": "1"
      },
      "speedz": 2,
      "on_hitting": {
        "id": "10"
      },
      "on_be_hit": {
        "id": "20"
      },
      "on_rebounding": {
        "id": "30"
      },
      "on_disappearing": {
        "id": "40"
      }
    },
    "2": {
      "id": "2",
      "name": "flying",
      "wait": 11,
      "next": {
        "id": "3"
      },
      "bdy": [
        {
          "x": 30,
          "y": 28,
          "w": 34,
          "h": 36
        }
      ],
      "itr": [
        {
          "kind": 0,
          "x": 29,
          "y": 27,
          "w": 36,
          "h": 39,
          "fall": 70,
          "bdefend": 20,
          "injury": 40,
          "effect": 3,
          "vrest": 28,
          "dvx": 1.5
        }
      ],
      "pic": 2,
      "state": 3000,
      "centerx": 41,
      "centery": 43,
      "hit_Fa": 7,
      "hp": 3.5,
      "on_dead": {
        "id": "2"
      },
      "speedz": 2,
      "on_hitting": {
        "id": "10"
      },
      "on_be_hit": {
        "id": "20"
      },
      "on_rebounding": {
        "id": "30"
      },
      "on_disappearing": {
        "id": "40"
      }
    },
    "3": {
      "id": "3",
      "name": "flying",
      "wait": 1,
      "next": {
        "id": "4"
      },
      "bdy": [
        {
          "x": 21,
          "y": 22,
          "w": 40,
          "h": 39
        }
      ],
      "itr": [
        {
          "kind": 0,
          "x": 22,
          "y": 22,
          "w": 39,
          "h": 38,
          "fall": 70,
          "bdefend": 20,
          "injury": 40,
          "effect": 3,
          "vrest": 28,
          "dvx": 1.5
        }
      ],
      "pic": 3,
      "state": 3000,
      "centerx": 41,
      "centery": 43,
      "hit_Fa": 7,
      "hp": 3.5,
      "on_dead": {
        "id": "4"
      },
      "speedz": 2,
      "on_hitting": {
        "id": "10"
      },
      "on_be_hit": {
        "id": "20"
      },
      "on_rebounding": {
        "id": "30"
      },
      "on_disappearing": {
        "id": "40"
      }
    },
    "4": {
      "id": "4",
      "name": "flying",
      "wait": 1,
      "next": {
        "id": "3"
      },
      "bdy": [
        {
          "x": 30,
          "y": 28,
          "w": 34,
          "h": 36
        }
      ],
      "itr": [
        {
          "kind": 0,
          "x": 29,
          "y": 27,
          "w": 36,
          "h": 39,
          "fall": 70,
          "bdefend": 20,
          "injury": 40,
          "effect": 3,
          "vrest": 28,
          "dvx": 1.5
        }
      ],
      "pic": 2,
      "state": 3000,
      "centerx": 41,
      "centery": 43,
      "hit_Fa": 7,
      "hp": 3.5,
      "on_dead": {
        "id": "3"
      },
      "speedz": 2,
      "on_hitting": {
        "id": "10"
      },
      "on_be_hit": {
        "id": "20"
      },
      "on_rebounding": {
        "id": "30"
      },
      "on_disappearing": {
        "id": "40"
      }
    },
    "10": {
      "id": "10",
      "name": "hiting",
      "wait": 3,
      "next": {
        "id": "11"
      },
      "pic": 4,
      "state": 3001,
      "centerx": 42,
      "centery": 45
    },
    "11": {
      "id": "11",
      "name": "hiting",
      "wait": 3,
      "next": {
        "id": "12"
      },
      "pic": 5,
      "state": 3001,
      "centerx": 44,
      "centery": 46
    },
    "12": {
      "id": "12",
      "name": "hiting",
      "wait": 3,
      "next": {
        "id": "13"
      },
      "pic": 6,
      "state": 3001,
      "centerx": 44,
      "centery": 46
    },
    "13": {
      "id": "13",
      "name": "hiting",
      "wait": 3,
      "next": {
        "id": "gone"
      },
      "pic": 7,
      "state": 3001,
      "centerx": 45,
      "centery": 50
    },
    "20": {
      "id": "20",
      "name": "hit",
      "wait": 3,
      "next": {
        "id": "21"
      },
      "pic": 4,
      "state": 3002,
      "centerx": 42,
      "centery": 48
    },
    "21": {
      "id": "21",
      "name": "hit",
      "wait": 3,
      "next": {
        "id": "22"
      },
      "pic": 5,
      "state": 3002,
      "centerx": 45,
      "centery": 47
    },
    "22": {
      "id": "22",
      "name": "hit",
      "wait": 3,
      "next": {
        "id": "23"
      },
      "pic": 6,
      "state": 3002,
      "centerx": 44,
      "centery": 48
    },
    "23": {
      "id": "23",
      "name": "hit",
      "wait": 3,
      "next": {
        "id": "gone"
      },
      "pic": 7,
      "state": 3002,
      "centerx": 46,
      "centery": 52
    },
    "30": {
      "id": "30",
      "name": "rebounding",
      "wait": 3,
      "next": {
        "id": "21"
      },
      "pic": 4,
      "state": 3002,
      "centerx": 43,
      "centery": 49
    },
    "40": {
      "id": "40",
      "name": "tail",
      "wait": 1,
      "next": {
        "id": "41"
      },
      "pic": 10,
      "state": 3005,
      "centerx": 19,
      "centery": 25,
      "speedz": 0
    },
    "41": {
      "id": "41",
      "name": "tail",
      "wait": 1,
      "next": {
        "id": "42"
      },
      "pic": 11,
      "state": 3005,
      "centerx": 19,
      "centery": 25,
      "speedz": 0
    },
    "42": {
      "id": "42",
      "name": "tail",
      "wait": 1,
      "next": {
        "id": "43"
      },
      "pic": 12,
      "state": 3005,
      "centerx": 19,
      "centery": 25,
      "speedz": 0
    },
    "43": {
      "id": "43",
      "name": "tail",
      "wait": 1,
      "next": {
        "id": "gone"
      },
      "pic": 13,
      "state": 3005,
      "centerx": 17,
      "centery": 25,
      "speedz": 0
    },
    "44": {
      "id": "44",
      "name": "tail",
      "wait": 3,
      "next": {
        "id": "45"
      },
      "pic": 12,
      "state": 3005,
      "centerx": 18,
      "centery": 25,
      "speedz": 0
    },
    "45": {
      "id": "45",
      "name": "tail",
      "wait": 3,
      "next": {
        "id": "gone"
      },
      "pic": 13,
      "state": 3005,
      "centerx": 19,
      "centery": 25,
      "speedz": 0
    },
    "60": {
      "id": "60",
      "name": "hiting_ground",
      "wait": 3,
      "next": {
        "id": "61"
      },
      "pic": 4,
      "state": 3001,
      "centerx": 42,
      "centery": 51
    },
    "61": {
      "id": "61",
      "name": "hiting_ground",
      "wait": 3,
      "next": {
        "id": "62"
      },
      "pic": 5,
      "state": 3001,
      "centerx": 45,
      "centery": 50,
      "sound": "data/020.wav.ogg"
    },
    "62": {
      "id": "62",
      "name": "hiting_ground",
      "wait": 3,
      "next": {
        "id": "63"
      },
      "opoint": [
        {
          "kind": 1,
          "x": 41,
          "y": 73,
          "oid": 212,
          "action": {
            "id": "70"
          },
          "multi": 1,
          "facing": 0
        }
      ],
      "pic": 6,
      "state": 3001,
      "centerx": 44,
      "centery": 50
    },
    "63": {
      "id": "63",
      "name": "hiting_ground",
      "wait": 3,
      "next": {
        "id": "gone"
      },
      "pic": 7,
      "state": 3001,
      "centerx": 45,
      "centery": 54
    }
  }
}