{
  "id": "212",
  "type": "ball",
  "base": {
    "files": {
      "0": {
        "id": 0,
        "path": "sprite/sys/freeze_col.bmp",
        "begin": 0,
        "end": 27,
        "w": 109,
        "h": 109,
        "row": 7,
        "col": 4
      },
      "1": {
        "id": 1,
        "path": "sprite/sys/freeze_ww.bmp",
        "begin": 28,
        "end": 37,
        "w": 159,
        "h": 159,
        "row": 5,
        "col": 2
      }
    },
    "hp": 500,
    "weapon_broken_sound": "data/072.wav.ogg",
    "weapon_drop_sound": "data/072.wav.ogg",
    "weapon_hit_sound": "data/072.wav.ogg"
  },
  "frames": {
    "0": {
      "id": "0",
      "name": "column",
      "wait": 3,
      "next": {
        "id": "1"
      },
      "bdy": [
        {
          "kind": 0,
          "x": 3,
          "y": 59,
          "w": 42,
          "h": 51
        }
      ],
      "itr": [
        {
          "kind": 0,
          "x": 3,
          "y": 59,
          "w": 42,
          "h": 51,
          "fall": 20,
          "bdefend": 16,
          "injury": 60,
          "effect": 30,
          "vrest": 98,
          "dvx": 3.8500000000000005,
          "dvy": 5.5
        }
      ],
      "pic": 0,
      "state": 15,
      "centerx": 44,
      "centery": 111
    },
    "1": {
      "id": "1",
      "name": "column",
      "wait": 5,
      "next": {
        "id": "2"
      },
      "bdy": [
        {
          "kind": 0,
          "x": 14,
          "y": 7,
          "w": 66,
          "h": 101
        }
      ],
      "itr": [
        {
          "kind": 0,
          "x": 14,
          "y": 7,
          "w": 66,
          "h": 101,
          "fall": 20,
          "bdefend": 16,
          "injury": 60,
          "effect": 30,
          "vrest": 98,
          "dvx": 3.8500000000000005,
          "dvy": 5.5
        }
      ],
      "pic": 1,
      "state": 15,
      "centerx": 48,
      "centery": 111,
      "sound": "data/072.wav.ogg"
    },
    "2": {
      "id": "2",
      "name": "column",
      "wait": 5,
      "next": {
        "id": "3"
      },
      "bdy": [
        {
          "kind": 0,
          "x": 14,
          "y": 15,
          "w": 70,
          "h": 95
        }
      ],
      "itr": [
        {
          "kind": 0,
          "x": 14,
          "y": 15,
          "w": 70,
          "h": 95,
          "fall": 20,
          "bdefend": 16,
          "injury": 60,
          "effect": 30,
          "vrest": 98,
          "dvx": 3.8500000000000005,
          "dvy": 5.5
        }
      ],
      "pic": 2,
      "state": 15,
      "centerx": 51,
      "centery": 112
    },
    "3": {
      "id": "3",
      "name": "column",
      "wait": 9,
      "next": {
        "id": "4"
      },
      "bdy": [
        {
          "kind": 0,
          "x": 18,
          "y": 12,
          "w": 66,
          "h": 98
        }
      ],
      "itr": [
        {
          "kind": 0,
          "x": 14,
          "y": 15,
          "w": 70,
          "h": 95,
          "fall": 20,
          "bdefend": 16,
          "injury": 60,
          "effect": 30,
          "vrest": 98,
          "dvx": 3.8500000000000005,
          "dvy": 5.5
        }
      ],
      "pic": 3,
      "state": 15,
      "centerx": 52,
      "centery": 112
    },
    "4": {
      "id": "4",
      "name": "column",
      "wait": 7,
      "next": {
        "id": "5"
      },
      "bdy": [
        {
          "kind": 0,
          "x": 6,
          "y": 7,
          "w": 74,
          "h": 98
        }
      ],
      "itr": [
        {
          "kind": 14,
          "x": 6,
          "y": 7,
          "w": 74,
          "h": 98,
          "vrest": 2
        }
      ],
      "pic": 4,
      "state": 3000,
      "centerx": 52,
      "centery": 112,
      "speedz": 2,
      "on_hitting": {
        "id": "10"
      },
      "on_be_hit": {
        "id": "20"
      },
      "on_rebounding": {
        "id": "30"
      },
      "on_disappearing": {
        "id": "40"
      }
    },
    "5": {
      "id": "5",
      "name": "column",
      "wait": 351,
      "next": {
        "id": "6"
      },
      "bdy": [
        {
          "kind": 0,
          "x": 4,
          "y": 13,
          "w": 62,
          "h": 95
        }
      ],
      "itr": [
        {
          "kind": 14,
          "x": 4,
          "y": 13,
          "w": 62,
          "h": 95,
          "vrest": 2
        }
      ],
      "pic": 5,
      "state": 3000,
      "centerx": 52,
      "centery": 112,
      "speedz": 2,
      "on_hitting": {
        "id": "10"
      },
      "on_be_hit": {
        "id": "20"
      },
      "on_rebounding": {
        "id": "30"
      },
      "on_disappearing": {
        "id": "40"
      }
    },
    "6": {
      "id": "6",
      "name": "column",
      "wait": 3,
      "next": {
        "id": "40"
      },
      "pic": 5,
      "state": 13,
      "centerx": 52,
      "centery": 112
    },
    "10": {
      "id": "10",
      "name": "hitting",
      "wait": 3,
      "next": {
        "id": "40"
      },
      "pic": 6,
      "state": 13,
      "centerx": 52,
      "centery": 112
    },
    "20": {
      "id": "20",
      "name": "hit",
      "wait": 3,
      "next": {
        "id": "40"
      },
      "pic": 6,
      "state": 13,
      "centerx": 52,
      "centery": 112
    },
    "30": {
      "id": "30",
      "name": "rebounding",
      "wait": 3,
      "next": {
        "id": "40"
      },
      "pic": 6,
      "state": 13,
      "centerx": 52,
      "centery": 112
    },
    "40": {
      "id": "40",
      "name": "disappear",
      "wait": 3,
      "next": {
        "id": "gone"
      },
      "pic": 6,
      "state": 15,
      "centerx": 38,
      "centery": 107
    },
    "50": {
      "id": "50",
      "name": "column",
      "wait": 3,
      "next": {
        "id": "51"
      },
      "bdy": [
        {
          "kind": 0,
          "x": 3,
          "y": 59,
          "w": 42,
          "h": 51
        }
      ],
      "itr": [
        {
          "kind": 0,
          "x": 3,
          "y": 59,
          "w": 42,
          "h": 51,
          "fall": 20,
          "bdefend": 16,
          "injury": 60,
          "effect": 30,
          "vrest": 98,
          "dvx": 3.8500000000000005,
          "dvy": 5.5
        }
      ],
      "pic": 7,
      "state": 15,
      "centerx": 35,
      "centery": 111
    },
    "51": {
      "id": "51",
      "name": "column",
      "wait": 5,
      "next": {
        "id": "52"
      },
      "bdy": [
        {
          "kind": 0,
          "x": 12,
          "y": 20,
          "w": 57,
          "h": 87
        }
      ],
      "itr": [
        {
          "kind": 0,
          "x": 12,
          "y": 20,
          "w": 57,
          "h": 87,
          "fall": 20,
          "bdefend": 16,
          "injury": 60,
          "effect": 30,
          "vrest": 98,
          "dvx": 3.8500000000000005,
          "dvy": 5.5
        }
      ],
      "pic": 8,
      "state": 15,
      "centerx": 38,
      "centery": 111,
      "sound": "data/072.wav.ogg"
    },
    "52": {
      "id": "52",
      "name": "column",
      "wait": 5,
      "next": {
        "id": "53"
      },
      "bdy": [
        {
          "kind": 0,
          "x": 14,
          "y": 26,
          "w": 65,
          "h": 84
        }
      ],
      "itr": [
        {
          "kind": 0,
          "x": 14,
          "y": 26,
          "w": 65,
          "h": 84,
          "fall": 20,
          "bdefend": 16,
          "injury": 60,
          "effect": 30,
          "vrest": 98,
          "dvx": 3.8500000000000005,
          "dvy": 5.5
        }
      ],
      "pic": 9,
      "state": 15,
      "centerx": 40,
      "centery": 112
    },
    "53": {
      "id": "53",
      "name": "column",
      "wait": 9,
      "next": {
        "id": "54"
      },
      "bdy": [
        {
          "kind": 0,
          "x": 4,
          "y": 20,
          "w": 68,
          "h": 90
        }
      ],
      "itr": [
        {
          "kind": 0,
          "x": 5,
          "y": 23,
          "w": 65,
          "h": 84,
          "fall": 20,
          "bdefend": 16,
          "injury": 60,
          "effect": 30,
          "vrest": 98,
          "dvx": 3.8500000000000005,
          "dvy": 5.5
        }
      ],
      "pic": 10,
      "state": 15,
      "centerx": 34,
      "centery": 112
    },
    "54": {
      "id": "54",
      "name": "column",
      "wait": 7,
      "next": {
        "id": "55"
      },
      "bdy": [
        {
          "kind": 0,
          "x": 11,
          "y": 19,
          "w": 66,
          "h": 91
        }
      ],
      "itr": [
        {
          "kind": 14,
          "x": 11,
          "y": 19,
          "w": 66,
          "h": 91,
          "vrest": 2
        }
      ],
      "pic": 11,
      "state": 3000,
      "centerx": 39,
      "centery": 112,
      "speedz": 2,
      "on_hitting": {
        "id": "10"
      },
      "on_be_hit": {
        "id": "20"
      },
      "on_rebounding": {
        "id": "30"
      },
      "on_disappearing": {
        "id": "40"
      }
    },
    "55": {
      "id": "55",
      "name": "column",
      "wait": 351,
      "next": {
        "id": "56"
      },
      "bdy": [
        {
          "kind": 0,
          "x": 13,
          "y": 19,
          "w": 64,
          "h": 89
        }
      ],
      "itr": [
        {
          "kind": 14,
          "x": 13,
          "y": 19,
          "w": 64,
          "h": 89,
          "vrest": 2
        }
      ],
      "pic": 12,
      "state": 3000,
      "centerx": 41,
      "centery": 112,
      "speedz": 2,
      "on_hitting": {
        "id": "10"
      },
      "on_be_hit": {
        "id": "20"
      },
      "on_rebounding": {
        "id": "30"
      },
      "on_disappearing": {
        "id": "40"
      }
    },
    "56": {
      "id": "56",
      "name": "column",
      "wait": 3,
      "next": {
        "id": "40"
      },
      "pic": 13,
      "state": 13,
      "centerx": 52,
      "centery": 112
    },
    "60": {
      "id": "60",
      "name": "column",
      "wait": 3,
      "next": {
        "id": "61"
      },
      "bdy": [
        {
          "kind": 0,
          "x": 16,
          "y": 83,
          "w": 26,
          "h": 25
        }
      ],
      "itr": [
        {
          "kind": 0,
          "x": 16,
          "y": 83,
          "w": 26,
          "h": 25,
          "fall": 20,
          "bdefend": 16,
          "injury": 60,
          "effect": 30,
          "vrest": 98,
          "dvx": 3.8500000000000005,
          "dvy": 5.5
        }
      ],
      "pic": 14,
      "state": 15,
      "centerx": 25,
      "centery": 111
    },
    "61": {
      "id": "61",
      "name": "column",
      "wait": 5,
      "next": {
        "id": "62"
      },
      "bdy": [
        {
          "kind": 0,
          "x": 23,
          "y": 44,
          "w": 41,
          "h": 64
        }
      ],
      "itr": [
        {
          "kind": 0,
          "x": 23,
          "y": 44,
          "w": 41,
          "h": 64,
          "fall": 20,
          "bdefend": 16,
          "injury": 60,
          "effect": 30,
          "vrest": 98,
          "dvx": 3.8500000000000005,
          "dvy": 5.5
        }
      ],
      "pic": 15,
      "state": 15,
      "centerx": 35,
      "centery": 111,
      "sound": "data/072.wav.ogg"
    },
    "62": {
      "id": "62",
      "name": "column",
      "wait": 5,
      "next": {
        "id": "63"
      },
      "bdy": [
        {
          "kind": 0,
          "x": 17,
          "y": 44,
          "w": 54,
          "h": 58
        }
      ],
      "itr": [
        {
          "kind": 0,
          "x": 17,
          "y": 44,
          "w": 54,
          "h": 58,
          "fall": 20,
          "bdefend": 16,
          "injury": 60,
          "effect": 30,
          "vrest": 98,
          "dvx": 3.8500000000000005,
          "dvy": 5.5
        }
      ],
      "pic": 16,
      "state": 15,
      "centerx": 38,
      "centery": 112
    },
    "63": {
      "id": "63",
      "name": "column",
      "wait": 9,
      "next": {
        "id": "64"
      },
      "bdy": [
        {
          "kind": 0,
          "x": 10,
          "y": 28,
          "w": 54,
          "h": 79
        }
      ],
      "itr": [
        {
          "kind": 0,
          "x": 11,
          "y": 27,
          "w": 51,
          "h": 79,
          "fall": 20,
          "bdefend": 16,
          "injury": 60,
          "effect": 30,
          "vrest": 98,
          "dvx": 3.8500000000000005,
          "dvy": 5.5
        }
      ],
      "pic": 17,
      "state": 15,
      "centerx": 35,
      "centery": 112
    },
    "64": {
      "id": "64",
      "name": "column",
      "wait": 7,
      "next": {
        "id": "65"
      },
      "bdy": [
        {
          "kind": 0,
          "x": 6,
          "y": 29,
          "w": 56,
          "h": 78
        }
      ],
      "itr": [
        {
          "kind": 14,
          "x": 6,
          "y": 29,
          "w": 56,
          "h": 78,
          "vrest": 2
        }
      ],
      "pic": 18,
      "state": 3000,
      "centerx": 33,
      "centery": 112,
      "speedz": 2,
      "on_hitting": {
        "id": "10"
      },
      "on_be_hit": {
        "id": "20"
      },
      "on_rebounding": {
        "id": "30"
      },
      "on_disappearing": {
        "id": "40"
      }
    },
    "65": {
      "id": "65",
      "name": "column",
      "wait": 351,
      "next": {
        "id": "66"
      },
      "bdy": [
        {
          "kind": 0,
          "x": 13,
          "y": 30,
          "w": 50,
          "h": 75
        }
      ],
      "itr": [
        {
          "kind": 14,
          "x": 13,
          "y": 30,
          "w": 50,
          "h": 75,
          "vrest": 2
        }
      ],
      "pic": 19,
      "state": 3000,
      "centerx": 37,
      "centery": 112,
      "speedz": 2,
      "on_hitting": {
        "id": "10"
      },
      "on_be_hit": {
        "id": "20"
      },
      "on_rebounding": {
        "id": "30"
      },
      "on_disappearing": {
        "id": "40"
      }
    },
    "66": {
      "id": "66",
      "name": "column",
      "wait": 3,
      "next": {
        "id": "40"
      },
      "pic": 20,
      "state": 13,
      "centerx": 52,
      "centery": 112
    },
    "70": {
      "id": "70",
      "name": "column",
      "wait": 3,
      "next": {
        "id": "71"
      },
      "bdy": [
        {
          "kind": 0,
          "x": 16,
          "y": 83,
          "w": 26,
          "h": 25
        }
      ],
      "itr": [
        {
          "kind": 0,
          "x": 16,
          "y": 83,
          "w": 26,
          "h": 25,
          "fall": 20,
          "bdefend": 16,
          "injury": 40,
          "effect": 30,
          "vrest": 98,
          "dvx": 3.8500000000000005,
          "dvy": 5.5
        }
      ],
      "pic": 21,
      "state": 15,
      "centerx": 30,
      "centery": 111
    },
    "71": {
      "id": "71",
      "name": "column",
      "wait": 5,
      "next": {
        "id": "72"
      },
      "bdy": [
        {
          "kind": 0,
          "x": 21,
          "y": 63,
          "w": 26,
          "h": 47
        }
      ],
      "itr": [
        {
          "kind": 0,
          "x": 21,
          "y": 62,
          "w": 28,
          "h": 48,
          "fall": 20,
          "bdefend": 16,
          "injury": 40,
          "effect": 30,
          "vrest": 98,
          "dvx": 3.8500000000000005,
          "dvy": 5.5
        }
      ],
      "pic": 22,
      "state": 15,
      "centerx": 35,
      "centery": 111,
      "sound": "data/072.wav.ogg"
    },
    "72": {
      "id": "72",
      "name": "column",
      "wait": 5,
      "next": {
        "id": "73"
      },
      "bdy": [
        {
          "kind": 0,
          "x": 25,
          "y": 55,
          "w": 30,
          "h": 56
        }
      ],
      "itr": [
        {
          "kind": 0,
          "x": 26,
          "y": 55,
          "w": 28,
          "h": 57,
          "fall": 20,
          "bdefend": 16,
          "injury": 40,
          "effect": 30,
          "vrest": 98,
          "dvx": 3.8500000000000005,
          "dvy": 5.5
        }
      ],
      "pic": 23,
      "state": 15,
      "centerx": 38,
      "centery": 112
    },
    "73": {
      "id": "73",
      "name": "column",
      "wait": 9,
      "next": {
        "id": "74"
      },
      "bdy": [
        {
          "kind": 0,
          "x": 19,
          "y": 53,
          "w": 38,
          "h": 57
        }
      ],
      "itr": [
        {
          "kind": 0,
          "x": 18,
          "y": 51,
          "w": 38,
          "h": 58,
          "fall": 20,
          "bdefend": 16,
          "injury": 40,
          "effect": 30,
          "vrest": 98,
          "dvx": 3.8500000000000005,
          "dvy": 5.5
        }
      ],
      "pic": 24,
      "state": 15,
      "centerx": 36,
      "centery": 112
    },
    "74": {
      "id": "74",
      "name": "column",
      "wait": 7,
      "next": {
        "id": "75"
      },
      "bdy": [
        {
          "kind": 0,
          "x": 19,
          "y": 49,
          "w": 36,
          "h": 57
        }
      ],
      "itr": [
        {
          "kind": 14,
          "x": 20,
          "y": 51,
          "w": 35,
          "h": 57,
          "vrest": 2
        }
      ],
      "pic": 25,
      "state": 3000,
      "centerx": 36,
      "centery": 112,
      "speedz": 2,
      "on_hitting": {
        "id": "10"
      },
      "on_be_hit": {
        "id": "20"
      },
      "on_rebounding": {
        "id": "30"
      },
      "on_disappearing": {
        "id": "40"
      }
    },
    "75": {
      "id": "75",
      "name": "column",
      "wait": 351,
      "next": {
        "id": "76"
      },
      "bdy": [
        {
          "kind": 0,
          "x": 18,
          "y": 51,
          "w": 38,
          "h": 58
        }
      ],
      "itr": [
        {
          "kind": 14,
          "x": 18,
          "y": 51,
          "w": 38,
          "h": 58,
          "vrest": 2
        }
      ],
      "pic": 26,
      "state": 3000,
      "centerx": 36,
      "centery": 112,
      "speedz": 2,
      "on_hitting": {
        "id": "10"
      },
      "on_be_hit": {
        "id": "20"
      },
      "on_rebounding": {
        "id": "30"
      },
      "on_disappearing": {
        "id": "40"
      }
    },
    "76": {
      "id": "76",
      "name": "column",
      "wait": 3,
      "next": {
        "id": "40"
      },
      "pic": 27,
      "state": 13,
      "centerx": 52,
      "centery": 112
    },
    "100": {
      "id": "100",
      "name": "column_mother",
      "wait": 3,
      "next": {
        "id": "101"
      },
      "pic": 6,
      "state": 3000,
      "centerx": 1,
      "centery": 0,
      "dvx": 2,
      "speedz": 2,
      "on_hitting": {
        "id": "10"
      },
      "on_be_hit": {
        "id": "20"
      },
      "on_rebounding": {
        "id": "30"
      },
      "on_disappearing": {
        "id": "40"
      }
    },
    "101": {
      "id": "101",
      "name": "column_mother",
      "wait": 11,
      "next": {
        "id": "102"
      },
      "opoint": [
        {
          "kind": 1,
          "x": -13,
          "y": 5,
          "oid": 212,
          "action": {
            "id": "60"
          },
          "multi": 1,
          "facing": 0
        }
      ],
      "pic": 6,
      "state": 3005,
      "centerx": 1,
      "centery": 0,
      "dvx": 3,
      "speedz": 0
    },
    "102": {
      "id": "102",
      "name": "column_mother",
      "wait": 11,
      "next": {
        "id": "103"
      },
      "opoint": [
        {
          "kind": 1,
          "x": -5,
          "y": 5,
          "oid": 212,
          "action": {
            "id": "50"
          },
          "multi": 1,
          "facing": 0
        }
      ],
      "pic": 6,
      "state": 3005,
      "centerx": 1,
      "centery": 0,
      "dvx": 3,
      "speedz": 0
    },
    "103": {
      "id": "103",
      "name": "column_mother",
      "wait": 3,
      "next": {
        "id": "gone"
      },
      "opoint": [
        {
          "kind": 1,
          "x": 29,
          "y": 5,
          "oid": 212,
          "action": {},
          "multi": 1,
          "facing": 0
        }
      ],
      "pic": 6,
      "state": 3005,
      "centerx": 1,
      "centery": 0,
      "dvx": 3,
      "speedz": 0
    },
    "150": {
      "id": "150",
      "name": "whirlwind",
      "wait": 5,
      "next": {
        "id": "151"
      },
      "pic": 28,
      "state": 15,
      "centerx": 82,
      "centery": 144,
      "sound": "data/073.wav.ogg",
      "dvx": -1
    },
    "151": {
      "id": "151",
      "name": "whirlwind",
      "wait": 5,
      "next": {
        "id": "152"
      },
      "opoint": [
        {
          "kind": 1,
          "x": 82,
          "y": 144,
          "oid": 212,
          "action": {
            "id": "170"
          },
          "multi": 1,
          "facing": 0
        }
      ],
      "pic": 29,
      "state": 15,
      "centerx": 82,
      "centery": 144,
      "dvx": -1
    },
    "152": {
      "id": "152",
      "name": "whirlwind",
      "wait": 3,
      "next": {
        "id": "153"
      },
      "pic": 30,
      "state": 15,
      "centerx": 82,
      "centery": 144,
      "dvx": -1
    },
    "153": {
      "id": "153",
      "name": "whirlwind",
      "wait": 3,
      "next": {
        "id": "154"
      },
      "itr": [
        {
          "kind": 15,
          "x": 15,
          "y": 21,
          "w": 128,
          "h": 170,
          "fall": 70,
          "bdefend": 16,
          "injury": 75,
          "zwidth": 30,
          "vrest": 398,
          "dvx": -6.6000000000000005,
          "dvy": 9.9
        }
      ],
      "pic": 31,
      "state": 15,
      "centerx": 82,
      "centery": 144,
      "dvx": -1
    },
    "154": {
      "id": "154",
      "name": "whirlwind",
      "wait": 3,
      "next": {
        "id": "155"
      },
      "itr": [
        {
          "kind": 15,
          "x": 15,
          "y": 21,
          "w": 128,
          "h": 170,
          "fall": 70,
          "bdefend": 16,
          "injury": 75,
          "zwidth": 30,
          "vrest": 398,
          "dvx": -6.6000000000000005,
          "dvy": 9.9
        }
      ],
      "pic": 32,
      "state": 15,
      "centerx": 82,
      "centery": 144,
      "dvx": -1
    },
    "155": {
      "id": "155",
      "name": "whirlwind",
      "wait": 3,
      "next": {
        "id": "156"
      },
      "itr": [
        {
          "kind": 15,
          "x": 15,
          "y": 21,
          "w": 128,
          "h": 170,
          "fall": 70,
          "bdefend": 16,
          "injury": 75,
          "zwidth": 30,
          "vrest": 398,
          "dvx": -6.6000000000000005,
          "dvy": 9.9
        }
      ],
      "pic": 33,
      "state": 15,
      "centerx": 82,
      "centery": 144,
      "dvx": -1
    },
    "156": {
      "id": "156",
      "name": "whirlwind",
      "wait": 3,
      "next": {
        "id": "157"
      },
      "itr": [
        {
          "kind": 15,
          "x": 15,
          "y": 21,
          "w": 128,
          "h": 170,
          "fall": 70,
          "bdefend": 16,
          "injury": 75,
          "zwidth": 30,
          "vrest": 398,
          "dvx": -6.6000000000000005,
          "dvy": 9.9
        }
      ],
      "pic": 34,
      "state": 15,
      "centerx": 82,
      "centery": 144,
      "dvx": -1
    },
    "157": {
      "id": "157",
      "name": "whirlwind",
      "wait": 3,
      "next": {
        "id": "154"
      },
      "itr": [
        {
          "kind": 15,
          "x": 15,
          "y": 21,
          "w": 128,
          "h": 170,
          "fall": 70,
          "bdefend": 16,
          "injury": 75,
          "zwidth": 30,
          "vrest": 398,
          "dvx": -6.6000000000000005,
          "dvy": 9.9
        }
      ],
      "pic": 35,
      "state": 15,
      "centerx": 82,
      "centery": 144,
      "dvx": -1,
      "hp": 25,
      "on_dead": {
        "id": "158"
      }
    },
    "158": {
      "id": "158",
      "name": "whirlwind",
      "wait": 5,
      "next": {
        "id": "159"
      },
      "pic": 36,
      "state": 15,
      "centerx": 82,
      "centery": 144,
      "dvx": -1
    },
    "159": {
      "id": "159",
      "name": "whirlwind",
      "wait": 5,
      "next": {
        "id": "gone"
      },
      "pic": 37,
      "state": 15,
      "centerx": 82,
      "centery": 144,
      "dvx": -1
    },
    "170": {
      "id": "170",
      "name": "whirlwind",
      "wait": 101,
      "next": {
        "id": "gone"
      },
      "itr": [
        {
          "kind": 16,
          "x": 15,
          "y": 21,
          "w": 128,
          "h": 170,
          "fall": 70,
          "bdefend": 16,
          "injury": 75,
          "zwidth": 30,
          "vrest": 198,
          "dvx": -6.6000000000000005,
          "dvy": 9.9
        }
      ],
      "pic": 6,
      "state": 15,
      "centerx": 82,
      "centery": 144,
      "dvx": -1
    },
    "399": {
      "id": "399",
      "name": "dummy",
      "wait": 1,
      "next": {},
      "bdy": [
        {
          "kind": 0,
          "x": 21,
          "y": 18,
          "w": 43,
          "h": 62
        }
      ],
      "pic": 0,
      "state": 0,
      "centerx": 39,
      "centery": 79
    }
  }
}