{
  "id": "208",
  "type": "ball",
  "base": {
    "files": {
      "0": {
        "id": 0,
        "path": "sprite/sys/henry_arrow2.bmp",
        "begin": 0,
        "end": 23,
        "w": 48,
        "h": 47,
        "row": 6,
        "col": 2
      }
    },
    "hp": 500,
    "weapon_broken_sound": "data/020.wav.ogg",
    "weapon_drop_sound": "data/020.wav.ogg",
    "weapon_hit_sound": "data/020.wav.ogg"
  },
  "frames": {
    "0": {
      "id": "0",
      "name": "flying",
      "wait": 3,
      "next": {
        "id": "1"
      },
      "bdy": [
        {
          "kind": 0,
          "x": -1,
          "y": 12,
          "w": 51,
          "h": 24
        }
      ],
      "itr": [
        {
          "kind": 0,
          "x": -1,
          "y": 12,
          "w": 51,
          "h": 24,
          "fall": 70,
          "bdefend": 60,
          "injury": 50,
          "effect": 1,
          "vrest": 28,
          "dvx": 11
        }
      ],
      "pic": 0,
      "state": 3006,
      "centerx": 19,
      "centery": 24,
      "dvx": 11,
      "speedz": 2
    },
    "1": {
      "id": "1",
      "name": "flying",
      "wait": 3,
      "next": {
        "id": "2"
      },
      "bdy": [
        {
          "kind": 0,
          "x": -1,
          "y": 12,
          "w": 51,
          "h": 24
        }
      ],
      "itr": [
        {
          "kind": 0,
          "x": -1,
          "y": 12,
          "w": 51,
          "h": 24,
          "fall": 70,
          "bdefend": 60,
          "injury": 50,
          "effect": 1,
          "vrest": 28,
          "dvx": 11
        }
      ],
      "pic": 1,
      "state": 3006,
      "centerx": 19,
      "centery": 24,
      "dvx": 11,
      "speedz": 2
    },
    "2": {
      "id": "2",
      "name": "flying",
      "wait": 3,
      "next": {
        "id": "3"
      },
      "bdy": [
        {
          "kind": 0,
          "x": -1,
          "y": 12,
          "w": 51,
          "h": 24
        }
      ],
      "itr": [
        {
          "kind": 0,
          "x": -1,
          "y": 12,
          "w": 51,
          "h": 24,
          "fall": 70,
          "bdefend": 60,
          "injury": 50,
          "effect": 1,
          "vrest": 28,
          "dvx": 11
        }
      ],
      "pic": 2,
      "state": 3006,
      "centerx": 19,
      "centery": 24,
      "dvx": 11,
      "speedz": 2
    },
    "3": {
      "id": "3",
      "name": "flying",
      "wait": 3,
      "next": {
        "id": "4"
      },
      "bdy": [
        {
          "kind": 0,
          "x": -1,
          "y": 12,
          "w": 51,
          "h": 24
        }
      ],
      "itr": [
        {
          "kind": 0,
          "x": -1,
          "y": 12,
          "w": 51,
          "h": 24,
          "fall": 70,
          "bdefend": 60,
          "injury": 50,
          "effect": 1,
          "vrest": 28,
          "dvx": 11
        }
      ],
      "pic": 3,
      "state": 3006,
      "centerx": 19,
      "centery": 24,
      "dvx": 11,
      "speedz": 2
    },
    "4": {
      "id": "4",
      "name": "flying",
      "wait": 3,
      "next": {
        "id": "5"
      },
      "bdy": [
        {
          "kind": 0,
          "x": -1,
          "y": 12,
          "w": 51,
          "h": 24
        }
      ],
      "itr": [
        {
          "kind": 0,
          "x": -1,
          "y": 12,
          "w": 51,
          "h": 24,
          "fall": 70,
          "bdefend": 60,
          "injury": 50,
          "effect": 1,
          "vrest": 28,
          "dvx": 11
        }
      ],
      "pic": 4,
      "state": 3006,
      "centerx": 19,
      "centery": 24,
      "dvx": 11,
      "speedz": 2
    },
    "5": {
      "id": "5",
      "name": "flying",
      "wait": 3,
      "next": {
        "id": "auto"
      },
      "bdy": [
        {
          "kind": 0,
          "x": -1,
          "y": 12,
          "w": 51,
          "h": 24
        }
      ],
      "itr": [
        {
          "kind": 0,
          "x": -1,
          "y": 12,
          "w": 51,
          "h": 24,
          "fall": 70,
          "bdefend": 60,
          "injury": 50,
          "effect": 1,
          "vrest": 28,
          "dvx": 11
        }
      ],
      "pic": 5,
      "state": 3006,
      "centerx": 19,
      "centery": 24,
      "dvx": 11,
      "speedz": 2
    },
    "10": {
      "id": "10",
      "name": "hiting",
      "wait": 3,
      "next": {
        "id": "11"
      },
      "pic": 6,
      "state": 3001,
      "centerx": 19,
      "centery": 24
    },
    "11": {
      "id": "11",
      "name": "hiting",
      "wait": 3,
      "next": {
        "id": "12"
      },
      "pic": 7,
      "state": 3001,
      "centerx": 19,
      "centery": 24
    },
    "12": {
      "id": "12",
      "name": "hiting",
      "wait": 3,
      "next": {
        "id": "13"
      },
      "pic": 8,
      "state": 3001,
      "centerx": 19,
      "centery": 24
    },
    "13": {
      "id": "13",
      "name": "hiting",
      "wait": 3,
      "next": {
        "id": "gone"
      },
      "pic": 9,
      "state": 3001,
      "centerx": 19,
      "centery": 24
    },
    "20": {
      "id": "20",
      "name": "hit",
      "wait": 3,
      "next": {
        "id": "21"
      },
      "pic": 6,
      "state": 3002,
      "centerx": 19,
      "centery": 24
    },
    "21": {
      "id": "21",
      "name": "hit",
      "wait": 3,
      "next": {
        "id": "22"
      },
      "pic": 7,
      "state": 3002,
      "centerx": 19,
      "centery": 24
    },
    "22": {
      "id": "22",
      "name": "hit",
      "wait": 3,
      "next": {
        "id": "23"
      },
      "pic": 8,
      "state": 3002,
      "centerx": 19,
      "centery": 24
    },
    "23": {
      "id": "23",
      "name": "hit",
      "wait": 3,
      "next": {
        "id": "gone"
      },
      "pic": 9,
      "state": 3002,
      "centerx": 19,
      "centery": 24
    },
    "30": {
      "id": "30",
      "name": "rebounding",
      "wait": 3,
      "next": {
        "id": "31"
      },
      "pic": 62,
      "state": 3003,
      "centerx": 19,
      "centery": 24
    },
    "31": {
      "id": "31",
      "name": "rebounding",
      "wait": 3,
      "next": {
        "id": "32"
      },
      "pic": 7,
      "state": 3003,
      "centerx": 19,
      "centery": 24
    },
    "32": {
      "id": "32",
      "name": "rebounding",
      "wait": 3,
      "next": {
        "id": "33"
      },
      "pic": 8,
      "state": 3003,
      "centerx": 19,
      "centery": 24
    },
    "33": {
      "id": "33",
      "name": "rebounding",
      "wait": 3,
      "next": {
        "id": "gone"
      },
      "pic": 9,
      "state": 3003,
      "centerx": 19,
      "centery": 24
    }
  }
}