{
  "id": "201",
  "type": "weapon",
  "base": {
    "files": {
      "0": {
        "id": 0,
        "path": "sprite/sys/henry_arrow1.bmp",
        "begin": 0,
        "end": 99,
        "w": 48,
        "h": 48,
        "row": 10,
        "col": 10
      }
    },
    "weapon_hp": 1000,
    "weapon_drop_hurt": 70,
    "type": 1,
    "bounce": 0.2,
    "name": "henry_arrow",
    "weapon_drop_sound": "data/025.wav.ogg",
    "weapon_hit_sound": "data/025.wav.ogg"
  },
  "weapon_strength": {
    "1": {
      "id": "1",
      "name": "normal",
      "fall": 60,
      "bdefend": 16,
      "injury": 30,
      "effect": 1,
      "vrest": 18,
      "dvx": 1.1
    },
    "2": {
      "id": "2",
      "name": "jump",
      "fall": 60,
      "bdefend": 16,
      "injury": 30,
      "effect": 1,
      "vrest": 18,
      "dvx": 3.8500000000000005
    },
    "3": {
      "id": "3",
      "name": "run",
      "fall": 60,
      "bdefend": 16,
      "injury": 30,
      "effect": 1,
      "vrest": 18,
      "dvx": 5.5
    },
    "4": {
      "id": "4",
      "name": "dash",
      "fall": 60,
      "bdefend": 60,
      "injury": 30,
      "effect": 1,
      "vrest": 38,
      "dvx": 6.6000000000000005
    }
  },
  "frames": {
    "0": {
      "id": "0",
      "name": "in_the_sky",
      "wait": 1,
      "next": {
        "id": "1"
      },
      "pic": 10,
      "state": 1000,
      "centerx": 24,
      "centery": 40
    },
    "1": {
      "id": "1",
      "name": "in_the_sky",
      "wait": 1,
      "next": {
        "id": "2"
      },
      "pic": 11,
      "state": 1000,
      "centerx": 24,
      "centery": 40
    },
    "2": {
      "id": "2",
      "name": "in_the_sky",
      "wait": 1,
      "next": {
        "id": "3"
      },
      "pic": 11,
      "state": 1000,
      "centerx": 24,
      "centery": 40
    },
    "3": {
      "id": "3",
      "name": "in_the_sky",
      "wait": 1,
      "next": {
        "id": "4"
      },
      "pic": 12,
      "state": 1000,
      "centerx": 24,
      "centery": 40
    },
    "4": {
      "id": "4",
      "name": "in_the_sky",
      "wait": 1,
      "next": {
        "id": "5"
      },
      "pic": 12,
      "state": 1000,
      "centerx": 24,
      "centery": 40
    },
    "5": {
      "id": "5",
      "name": "in_the_sky",
      "wait": 1,
      "next": {
        "id": "6"
      },
      "pic": 13,
      "state": 1000,
      "centerx": 24,
      "centery": 40
    },
    "6": {
      "id": "6",
      "name": "in_the_sky",
      "wait": 1,
      "next": {
        "id": "7"
      },
      "pic": 13,
      "state": 1000,
      "centerx": 24,
      "centery": 40
    },
    "7": {
      "id": "7",
      "name": "in_the_sky",
      "wait": 1,
      "next": {
        "id": "8"
      },
      "pic": 14,
      "state": 1000,
      "centerx": 24,
      "centery": 40
    },
    "8": {
      "id": "8",
      "name": "in_the_sky",
      "wait": 1,
      "next": {
        "id": "9"
      },
      "pic": 14,
      "state": 1000,
      "centerx": 24,
      "centery": 40
    },
    "9": {
      "id": "9",
      "name": "in_the_sky",
      "wait": 1,
      "next": {
        "id": "10"
      },
      "pic": 15,
      "state": 1000,
      "centerx": 24,
      "centery": 40
    },
    "10": {
      "id": "10",
      "name": "in_the_sky",
      "wait": 1,
      "next": {
        "id": "11"
      },
      "pic": 16,
      "state": 1000,
      "centerx": 24,
      "centery": 40
    },
    "11": {
      "id": "11",
      "name": "in_the_sky",
      "wait": 1,
      "next": {
        "id": "12"
      },
      "pic": 16,
      "state": 1000,
      "centerx": 24,
      "centery": 40
    },
    "12": {
      "id": "12",
      "name": "in_the_sky",
      "wait": 1,
      "next": {
        "id": "13"
      },
      "pic": 17,
      "state": 1000,
      "centerx": 24,
      "centery": 40
    },
    "13": {
      "id": "13",
      "name": "in_the_sky",
      "wait": 1,
      "next": {
        "id": "14"
      },
      "pic": 17,
      "state": 1000,
      "centerx": 24,
      "centery": 40
    },
    "14": {
      "id": "14",
      "name": "in_the_sky",
      "wait": 1,
      "next": {
        "id": "15"
      },
      "pic": 18,
      "state": 1000,
      "centerx": 24,
      "centery": 40
    },
    "15": {
      "id": "15",
      "name": "in_the_sky",
      "wait": 1,
      "next": {
        "id": "auto"
      },
      "pic": 19,
      "state": 1000,
      "centerx": 24,
      "centery": 40
    },
    "20": {
      "id": "20",
      "name": "on_hand",
      "wait": 1,
      "next": {},
      "itr": [
        {
          "kind": 5,
          "x": 17,
          "y": 2,
          "w": 13,
          "h": 44,
          "fall": 20,
          "bdefend": 16,
          "injury": 789
        }
      ],
      "wpoint": {
        "kind": 2,
        "x": 24,
        "y": 40
      },
      "pic": 20,
      "state": 1001,
      "centerx": 24,
      "centery": 40
    },
    "21": {
      "id": "21",
      "name": "on_hand",
      "wait": 1,
      "next": {},
      "itr": [
        {
          "kind": 5,
          "x": 23,
          "y": 2,
          "w": 13,
          "h": 23,
          "fall": 20,
          "bdefend": 16,
          "injury": 789,
          "dvx": 4.95
        },
        {
          "kind": 5,
          "x": 15,
          "y": 20,
          "w": 12,
          "h": 23,
          "fall": 20,
          "bdefend": 16,
          "injury": 789,
          "dvx": 4.95
        }
      ],
      "wpoint": {
        "kind": 2,
        "x": 17,
        "y": 41
      },
      "pic": 21,
      "state": 1001,
      "centerx": 24,
      "centery": 40
    },
    "22": {
      "id": "22",
      "name": "on_hand",
      "wait": 1,
      "next": {},
      "itr": [
        {
          "kind": 5,
          "x": 13,
          "y": 29,
          "w": 9,
          "h": 13,
          "fall": 20,
          "bdefend": 16,
          "injury": 789,
          "dvx": 4.95
        },
        {
          "kind": 5,
          "x": 28,
          "y": 5,
          "w": 14,
          "h": 19,
          "fall": 20,
          "bdefend": 16,
          "injury": 789,
          "dvx": 4.95
        },
        {
          "kind": 5,
          "x": 19,
          "y": 18,
          "w": 14,
          "h": 16,
          "fall": 20,
          "bdefend": 16,
          "injury": 789,
          "dvx": 4.95
        }
      ],
      "wpoint": {
        "kind": 2,
        "x": 12,
        "y": 37
      },
      "pic": 22,
      "state": 1001,
      "centerx": 24,
      "centery": 40
    },
    "23": {
      "id": "23",
      "name": "on_hand",
      "wait": 1,
      "next": {},
      "itr": [
        {
          "kind": 5,
          "x": 33,
          "y": 15,
          "w": 13,
          "h": 11,
          "fall": 20,
          "bdefend": 16,
          "injury": 789,
          "dvx": 4.95
        },
        {
          "kind": 5,
          "x": 19,
          "y": 18,
          "w": 15,
          "h": 13,
          "fall": 20,
          "bdefend": 16,
          "injury": 789,
          "dvx": 4.95
        },
        {
          "kind": 5,
          "x": 9,
          "y": 25,
          "w": 14,
          "h": 13,
          "fall": 20,
          "bdefend": 16,
          "injury": 789,
          "dvx": 4.95
        }
      ],
      "wpoint": {
        "kind": 2,
        "x": 9,
        "y": 33
      },
      "pic": 23,
      "state": 1001,
      "centerx": 24,
      "centery": 40
    },
    "24": {
      "id": "24",
      "name": "on_hand",
      "wait": 1,
      "next": {},
      "itr": [
        {
          "kind": 5,
          "x": 7,
          "y": 23,
          "w": 42,
          "h": 14,
          "fall": 20,
          "bdefend": 16,
          "injury": 789,
          "dvx": 4.95
        }
      ],
      "wpoint": {
        "kind": 2,
        "x": 10,
        "y": 29
      },
      "pic": 24,
      "state": 1001,
      "centerx": 24,
      "centery": 40
    },
    "25": {
      "id": "25",
      "name": "on_hand",
      "wait": 1,
      "next": {},
      "itr": [
        {
          "kind": 5,
          "x": 6,
          "y": 18,
          "w": 24,
          "h": 15,
          "fall": 20,
          "bdefend": 16,
          "injury": 789,
          "dvx": 4.95
        },
        {
          "kind": 5,
          "x": 22,
          "y": 25,
          "w": 23,
          "h": 16,
          "fall": 20,
          "bdefend": 16,
          "injury": 789,
          "dvx": 4.95
        }
      ],
      "wpoint": {
        "kind": 2,
        "x": 12,
        "y": 23
      },
      "pic": 25,
      "state": 1001,
      "centerx": 24,
      "centery": 40
    },
    "26": {
      "id": "26",
      "name": "on_hand",
      "wait": 1,
      "next": {},
      "itr": [
        {
          "kind": 5,
          "x": 26,
          "y": 27,
          "w": 16,
          "h": 16,
          "fall": 20,
          "bdefend": 16,
          "injury": 789,
          "dvx": 4.95
        },
        {
          "kind": 5,
          "x": 9,
          "y": 10,
          "w": 15,
          "h": 14,
          "fall": 20,
          "bdefend": 16,
          "injury": 789,
          "dvx": 4.95
        },
        {
          "kind": 5,
          "x": 17,
          "y": 20,
          "w": 16,
          "h": 13,
          "fall": 20,
          "bdefend": 16,
          "injury": 789,
          "dvx": 4.95
        }
      ],
      "wpoint": {
        "kind": 2,
        "x": 14,
        "y": 15
      },
      "pic": 26,
      "state": 1001,
      "centerx": 24,
      "centery": 40
    },
    "27": {
      "id": "27",
      "name": "on_hand",
      "wait": 1,
      "next": {},
      "itr": [
        {
          "kind": 5,
          "x": 12,
          "y": 8,
          "w": 14,
          "h": 19,
          "fall": 20,
          "bdefend": 16,
          "injury": 789,
          "dvx": 4.95
        },
        {
          "kind": 5,
          "x": 19,
          "y": 22,
          "w": 15,
          "h": 23,
          "fall": 20,
          "bdefend": 16,
          "injury": 789,
          "dvx": 4.95
        }
      ],
      "wpoint": {
        "kind": 2,
        "x": 17,
        "y": 13
      },
      "pic": 27,
      "state": 1001,
      "centerx": 24,
      "centery": 40
    },
    "28": {
      "id": "28",
      "name": "on_hand",
      "wait": 1,
      "next": {},
      "itr": [
        {
          "kind": 5,
          "x": 18,
          "y": 8,
          "w": 13,
          "h": 39,
          "fall": 20,
          "bdefend": 16,
          "injury": 789,
          "dvx": 4.95
        }
      ],
      "wpoint": {
        "kind": 2,
        "x": 24,
        "y": 11
      },
      "pic": 28,
      "state": 1001,
      "centerx": 24,
      "centery": 40
    },
    "29": {
      "id": "29",
      "name": "on_hand",
      "wait": 1,
      "next": {},
      "itr": [
        {
          "kind": 5,
          "x": 18,
          "y": 6,
          "w": 14,
          "h": 24,
          "fall": 20,
          "bdefend": 16,
          "injury": 789,
          "dvx": 4.95
        },
        {
          "kind": 5,
          "x": 11,
          "y": 25,
          "w": 16,
          "h": 22,
          "fall": 20,
          "bdefend": 16,
          "injury": 789,
          "dvx": 4.95
        }
      ],
      "wpoint": {
        "kind": 2,
        "x": 29,
        "y": 13
      },
      "pic": 29,
      "state": 1001,
      "centerx": 24,
      "centery": 40
    },
    "30": {
      "id": "30",
      "name": "on_hand",
      "wait": 1,
      "next": {},
      "itr": [
        {
          "kind": 5,
          "x": 8,
          "y": 32,
          "w": 18,
          "h": 13,
          "fall": 20,
          "bdefend": 16,
          "injury": 789,
          "dvx": 4.95
        },
        {
          "kind": 5,
          "x": 27,
          "y": 11,
          "w": 12,
          "h": 15,
          "fall": 20,
          "bdefend": 16,
          "injury": 789,
          "dvx": 4.95
        },
        {
          "kind": 5,
          "x": 16,
          "y": 22,
          "w": 16,
          "h": 12,
          "fall": 20,
          "bdefend": 16,
          "injury": 789,
          "dvx": 4.95
        }
      ],
      "wpoint": {
        "kind": 2,
        "x": 36,
        "y": 16
      },
      "pic": 30,
      "state": 1001,
      "centerx": 24,
      "centery": 40
    },
    "31": {
      "id": "31",
      "name": "on_hand",
      "wait": 1,
      "next": {},
      "itr": [
        {
          "kind": 5,
          "x": 19,
          "y": 15,
          "w": 22,
          "h": 14,
          "fall": 20,
          "bdefend": 16,
          "injury": 789,
          "dvx": 4.95
        },
        {
          "kind": 5,
          "x": 0,
          "y": 25,
          "w": 28,
          "h": 13,
          "fall": 20,
          "bdefend": 16,
          "injury": 789,
          "dvx": 4.95
        }
      ],
      "wpoint": {
        "kind": 2,
        "x": 37,
        "y": 19
      },
      "pic": 31,
      "state": 1001,
      "centerx": 24,
      "centery": 40
    },
    "32": {
      "id": "32",
      "name": "on_hand",
      "wait": 1,
      "next": {},
      "itr": [
        {
          "kind": 5,
          "x": 0,
          "y": 19,
          "w": 42,
          "h": 16
        }
      ],
      "wpoint": {
        "kind": 2,
        "x": 37,
        "y": 26
      },
      "pic": 32,
      "state": 1001,
      "centerx": 24,
      "centery": 40
    },
    "33": {
      "id": "33",
      "name": "on_hand",
      "wait": 1,
      "next": {},
      "itr": [
        {
          "kind": 5,
          "x": 3,
          "y": 15,
          "w": 22,
          "h": 16,
          "fall": 20,
          "bdefend": 16,
          "injury": 789,
          "dvx": 4.95
        },
        {
          "kind": 5,
          "x": 19,
          "y": 22,
          "w": 21,
          "h": 16,
          "fall": 20,
          "bdefend": 16,
          "injury": 789,
          "dvx": 4.95
        }
      ],
      "wpoint": {
        "kind": 2,
        "x": 38,
        "y": 33
      },
      "pic": 33,
      "state": 1001,
      "centerx": 24,
      "centery": 40
    },
    "34": {
      "id": "34",
      "name": "on_hand",
      "wait": 1,
      "next": {},
      "itr": [
        {
          "kind": 5,
          "x": 26,
          "y": 27,
          "w": 11,
          "h": 12,
          "fall": 20,
          "bdefend": 16,
          "injury": 789,
          "dvx": 4.95
        },
        {
          "kind": 5,
          "x": 5,
          "y": 5,
          "w": 17,
          "h": 19,
          "fall": 20,
          "bdefend": 16,
          "injury": 789,
          "dvx": 4.95
        },
        {
          "kind": 5,
          "x": 14,
          "y": 18,
          "w": 17,
          "h": 14,
          "fall": 20,
          "bdefend": 16,
          "injury": 789,
          "dvx": 4.95
        }
      ],
      "wpoint": {
        "kind": 2,
        "x": 34,
        "y": 36
      },
      "pic": 34,
      "state": 1001,
      "centerx": 24,
      "centery": 40
    },
    "35": {
      "id": "35",
      "name": "on_hand",
      "wait": 1,
      "next": {},
      "itr": [
        {
          "kind": 5,
          "x": 9,
          "y": 1,
          "w": 14,
          "h": 22,
          "fall": 20,
          "bdefend": 16,
          "injury": 789,
          "dvx": 4.95
        },
        {
          "kind": 5,
          "x": 18,
          "y": 17,
          "w": 14,
          "h": 22,
          "fall": 20,
          "bdefend": 16,
          "injury": 789,
          "dvx": 4.95
        }
      ],
      "wpoint": {
        "kind": 2,
        "x": 29,
        "y": 40
      },
      "pic": 35,
      "state": 1001,
      "centerx": 24,
      "centery": 40
    },
    "40": {
      "id": "40",
      "name": "throwing",
      "wait": 7,
      "next": {
        "id": "41"
      },
      "bdy": [
        {
          "kind": 0,
          "x": 3,
          "y": 4,
          "w": 40,
          "h": 39
        }
      ],
      "itr": [
        {
          "kind": 0,
          "x": 3,
          "y": 4,
          "w": 40,
          "h": 39,
          "fall": 60,
          "bdefend": 16,
          "injury": 40,
          "effect": 1,
          "dvx": 4.95
        }
      ],
      "pic": 0,
      "state": 1002,
      "centerx": 24,
      "centery": 40
    },
    "41": {
      "id": "41",
      "name": "throwing",
      "wait": 11,
      "next": {
        "id": "42"
      },
      "bdy": [
        {
          "kind": 0,
          "x": 3,
          "y": 4,
          "w": 40,
          "h": 39
        }
      ],
      "itr": [
        {
          "kind": 0,
          "x": 3,
          "y": 4,
          "w": 40,
          "h": 39,
          "fall": 60,
          "bdefend": 16,
          "injury": 40,
          "effect": 1,
          "dvx": 4.95
        }
      ],
      "pic": 1,
      "state": 1002,
      "centerx": 24,
      "centery": 40
    },
    "42": {
      "id": "42",
      "name": "throwing",
      "wait": 9,
      "next": {
        "id": "43"
      },
      "bdy": [
        {
          "kind": 0,
          "x": 3,
          "y": 4,
          "w": 40,
          "h": 39
        }
      ],
      "itr": [
        {
          "kind": 0,
          "x": 3,
          "y": 4,
          "w": 40,
          "h": 39,
          "fall": 60,
          "bdefend": 16,
          "injury": 40,
          "effect": 1,
          "dvx": 4.95
        }
      ],
      "pic": 2,
      "state": 1002,
      "centerx": 24,
      "centery": 40
    },
    "43": {
      "id": "43",
      "name": "throwing",
      "wait": 7,
      "next": {
        "id": "44"
      },
      "bdy": [
        {
          "kind": 0,
          "x": 3,
          "y": 4,
          "w": 40,
          "h": 39
        }
      ],
      "itr": [
        {
          "kind": 0,
          "x": 3,
          "y": 4,
          "w": 40,
          "h": 39,
          "fall": 60,
          "bdefend": 16,
          "injury": 40,
          "effect": 1,
          "dvx": 4.95
        }
      ],
      "pic": 3,
      "state": 1002,
      "centerx": 24,
      "centery": 40
    },
    "44": {
      "id": "44",
      "name": "throwing",
      "wait": 7,
      "next": {
        "id": "45"
      },
      "bdy": [
        {
          "kind": 0,
          "x": 3,
          "y": 4,
          "w": 40,
          "h": 39
        }
      ],
      "itr": [
        {
          "kind": 0,
          "x": 3,
          "y": 4,
          "w": 40,
          "h": 39,
          "fall": 60,
          "bdefend": 16,
          "injury": 40,
          "effect": 1,
          "dvx": 4.95
        }
      ],
      "pic": 4,
      "state": 1002,
      "centerx": 24,
      "centery": 40
    },
    "45": {
      "id": "45",
      "name": "throwing",
      "wait": 7,
      "next": {
        "id": "46"
      },
      "bdy": [
        {
          "kind": 0,
          "x": 3,
          "y": 4,
          "w": 40,
          "h": 39
        }
      ],
      "itr": [
        {
          "kind": 0,
          "x": 3,
          "y": 4,
          "w": 40,
          "h": 39,
          "fall": 60,
          "bdefend": 16,
          "injury": 40,
          "effect": 1,
          "dvx": 4.95
        }
      ],
      "pic": 5,
      "state": 1002,
      "centerx": 24,
      "centery": 40
    },
    "46": {
      "id": "46",
      "name": "throwing",
      "wait": 1,
      "next": {
        "id": "47"
      },
      "bdy": [
        {
          "kind": 0,
          "x": 3,
          "y": 4,
          "w": 40,
          "h": 39
        }
      ],
      "itr": [
        {
          "kind": 0,
          "x": 3,
          "y": 4,
          "w": 40,
          "h": 39,
          "fall": 60,
          "bdefend": 16,
          "injury": 40,
          "effect": 1,
          "dvx": 4.95
        }
      ],
      "pic": 6,
      "state": 1002,
      "centerx": 24,
      "centery": 40
    },
    "47": {
      "id": "47",
      "name": "throwing",
      "wait": 1,
      "next": {
        "id": "46"
      },
      "bdy": [
        {
          "kind": 0,
          "x": 3,
          "y": 4,
          "w": 40,
          "h": 39
        }
      ],
      "itr": [
        {
          "kind": 0,
          "x": 3,
          "y": 4,
          "w": 40,
          "h": 39,
          "fall": 60,
          "bdefend": 16,
          "injury": 40,
          "effect": 1,
          "dvx": 4.95
        }
      ],
      "pic": 6,
      "state": 1002,
      "centerx": 24,
      "centery": 40
    },
    "48": {
      "id": "48",
      "name": "throwing",
      "wait": 1,
      "next": {
        "id": "49"
      },
      "bdy": [
        {
          "kind": 0,
          "x": 3,
          "y": 4,
          "w": 40,
          "h": 39
        }
      ],
      "itr": [
        {
          "kind": 0,
          "x": 3,
          "y": 4,
          "w": 40,
          "h": 39,
          "fall": 60,
          "bdefend": 16,
          "injury": 40,
          "effect": 1,
          "dvx": 4.95
        }
      ],
      "pic": 8,
      "state": 1002,
      "centerx": 24,
      "centery": 40
    },
    "49": {
      "id": "49",
      "name": "throwing",
      "wait": 1,
      "next": {
        "id": "50"
      },
      "bdy": [
        {
          "kind": 0,
          "x": 3,
          "y": 4,
          "w": 40,
          "h": 39
        }
      ],
      "itr": [
        {
          "kind": 0,
          "x": 3,
          "y": 4,
          "w": 40,
          "h": 39,
          "fall": 60,
          "bdefend": 16,
          "injury": 40,
          "effect": 1,
          "dvx": 4.95
        }
      ],
      "pic": 9,
      "state": 1002,
      "centerx": 24,
      "centery": 40
    },
    "50": {
      "id": "50",
      "name": "throwing",
      "wait": 1,
      "next": {
        "id": "51"
      },
      "bdy": [
        {
          "kind": 0,
          "x": 3,
          "y": 4,
          "w": 40,
          "h": 39
        }
      ],
      "itr": [
        {
          "kind": 0,
          "x": 3,
          "y": 4,
          "w": 40,
          "h": 39,
          "fall": 60,
          "bdefend": 16,
          "injury": 40,
          "effect": 1,
          "dvx": 4.95
        }
      ],
      "pic": 10,
      "state": 1002,
      "centerx": 24,
      "centery": 40
    },
    "51": {
      "id": "51",
      "name": "throwing",
      "wait": 1,
      "next": {
        "id": "52"
      },
      "bdy": [
        {
          "kind": 0,
          "x": 3,
          "y": 4,
          "w": 40,
          "h": 39
        }
      ],
      "itr": [
        {
          "kind": 0,
          "x": 3,
          "y": 4,
          "w": 40,
          "h": 39,
          "fall": 60,
          "bdefend": 16,
          "injury": 40,
          "effect": 1,
          "dvx": 4.95
        }
      ],
      "pic": 11,
      "state": 1002,
      "centerx": 24,
      "centery": 40
    },
    "52": {
      "id": "52",
      "name": "throwing",
      "wait": 1,
      "next": {
        "id": "53"
      },
      "bdy": [
        {
          "kind": 0,
          "x": 3,
          "y": 4,
          "w": 40,
          "h": 39
        }
      ],
      "itr": [
        {
          "kind": 0,
          "x": 3,
          "y": 4,
          "w": 40,
          "h": 39,
          "fall": 60,
          "bdefend": 16,
          "injury": 40,
          "effect": 1,
          "dvx": 4.95
        }
      ],
      "pic": 12,
      "state": 1002,
      "centerx": 24,
      "centery": 40
    },
    "53": {
      "id": "53",
      "name": "throwing",
      "wait": 1,
      "next": {
        "id": "54"
      },
      "bdy": [
        {
          "kind": 0,
          "x": 3,
          "y": 4,
          "w": 40,
          "h": 39
        }
      ],
      "itr": [
        {
          "kind": 0,
          "x": 3,
          "y": 4,
          "w": 40,
          "h": 39,
          "fall": 60,
          "bdefend": 16,
          "injury": 40,
          "effect": 1,
          "dvx": 4.95
        }
      ],
      "pic": 13,
      "state": 1002,
      "centerx": 24,
      "centery": 40
    },
    "54": {
      "id": "54",
      "name": "throwing",
      "wait": 1,
      "next": {
        "id": "55"
      },
      "bdy": [
        {
          "kind": 0,
          "x": 3,
          "y": 4,
          "w": 40,
          "h": 39
        }
      ],
      "itr": [
        {
          "kind": 0,
          "x": 3,
          "y": 4,
          "w": 40,
          "h": 39,
          "fall": 60,
          "bdefend": 16,
          "injury": 40,
          "effect": 1,
          "dvx": 4.95
        }
      ],
      "pic": 14,
      "state": 1002,
      "centerx": 24,
      "centery": 40
    },
    "55": {
      "id": "55",
      "name": "throwing",
      "wait": 1,
      "next": {
        "id": "40"
      },
      "bdy": [
        {
          "kind": 0,
          "x": 3,
          "y": 4,
          "w": 40,
          "h": 39
        }
      ],
      "itr": [
        {
          "kind": 0,
          "x": 3,
          "y": 4,
          "w": 40,
          "h": 39,
          "fall": 60,
          "bdefend": 16,
          "injury": 40,
          "effect": 1,
          "dvx": 4.95
        }
      ],
      "pic": 15,
      "state": 1002,
      "centerx": 24,
      "centery": 40
    },
    "60": {
      "id": "60",
      "name": "on_ground",
      "wait": 1,
      "next": {
        "id": "61"
      },
      "pic": 7,
      "state": 1003,
      "centerx": 24,
      "centery": 40,
      "sound": "data/025.wav.ogg"
    },
    "61": {
      "id": "61",
      "name": "on_ground",
      "wait": 1,
      "next": {
        "id": "62"
      },
      "pic": 7,
      "state": 9998,
      "centerx": 24,
      "centery": 36
    },
    "62": {
      "id": "62",
      "name": "on_ground",
      "wait": 5,
      "next": {
        "id": "63"
      },
      "pic": 3,
      "state": 1003,
      "centerx": 24,
      "centery": 34,
      "sound": "data/025.wav.ogg"
    },
    "63": {
      "id": "63",
      "name": "on_ground",
      "wait": 3,
      "next": {
        "id": "64"
      },
      "pic": 5,
      "state": 1003,
      "centerx": 24,
      "centery": 35
    },
    "64": {
      "id": "64",
      "name": "on_ground",
      "wait": 1,
      "next": {},
      "bdy": [
        {
          "kind": 0,
          "x": 1,
          "y": 19,
          "w": 46,
          "h": 15
        }
      ],
      "pic": 4,
      "state": 9998,
      "centerx": 24,
      "centery": 29
    },
    "70": {
      "id": "70",
      "name": "just_on_ground",
      "wait": 1,
      "next": {
        "id": "71"
      },
      "itr": [
        {
          "kind": 0,
          "x": 1,
          "y": 19,
          "w": 46,
          "h": 15,
          "fall": 40,
          "bdefend": 16,
          "arest": 30,
          "dvx": 1.1
        }
      ],
      "pic": 7,
      "state": 1003,
      "centerx": 24,
      "centery": 40,
      "sound": "data/025.wav.ogg"
    },
    "71": {
      "id": "71",
      "name": "just_on_on_ground",
      "wait": 5,
      "next": {
        "id": "72"
      },
      "itr": [
        {
          "kind": 0,
          "x": 1,
          "y": 19,
          "w": 46,
          "h": 15,
          "fall": 40,
          "bdefend": 16,
          "arest": 30,
          "dvx": 1.1
        }
      ],
      "pic": 7,
      "state": 9998,
      "centerx": 24,
      "centery": 36
    },
    "72": {
      "id": "72",
      "name": "just_on_on_ground",
      "wait": 5,
      "next": {
        "id": "64"
      },
      "itr": [
        {
          "kind": 0,
          "x": 1,
          "y": 19,
          "w": 46,
          "h": 15,
          "fall": 40,
          "bdefend": 16,
          "arest": 30,
          "dvx": 1.1
        }
      ],
      "pic": 3,
      "state": 1003,
      "centerx": 24,
      "centery": 34
    },
    "80": {
      "id": "80",
      "name": "super_arrow",
      "wait": 3,
      "next": {
        "id": "81"
      },
      "bdy": [
        {
          "kind": 0,
          "x": 3,
          "y": 4,
          "w": 40,
          "h": 39
        }
      ],
      "itr": [
        {
          "kind": 0,
          "x": 3,
          "y": 4,
          "w": 40,
          "h": 39,
          "fall": 70,
          "bdefend": 60,
          "injury": 70,
          "effect": 1,
          "vrest": 28,
          "dvx": 6.6000000000000005
        }
      ],
      "pic": 20,
      "state": 3006,
      "centerx": 24,
      "centery": 40
    },
    "81": {
      "id": "81",
      "name": "super_arrow",
      "wait": 3,
      "next": {
        "id": "82"
      },
      "bdy": [
        {
          "kind": 0,
          "x": 3,
          "y": 4,
          "w": 40,
          "h": 39
        }
      ],
      "itr": [
        {
          "kind": 0,
          "x": 3,
          "y": 4,
          "w": 40,
          "h": 39,
          "fall": 70,
          "bdefend": 60,
          "injury": 70,
          "effect": 1,
          "vrest": 28,
          "dvx": 6.6000000000000005
        }
      ],
      "pic": 21,
      "state": 3006,
      "centerx": 24,
      "centery": 40
    },
    "82": {
      "id": "82",
      "name": "super_arrow",
      "wait": 3,
      "next": {
        "id": "83"
      },
      "bdy": [
        {
          "kind": 0,
          "x": 3,
          "y": 4,
          "w": 40,
          "h": 39
        }
      ],
      "itr": [
        {
          "kind": 0,
          "x": 3,
          "y": 4,
          "w": 40,
          "h": 39,
          "fall": 70,
          "bdefend": 60,
          "injury": 70,
          "effect": 1,
          "vrest": 28,
          "dvx": 6.6000000000000005
        }
      ],
      "pic": 22,
      "state": 3006,
      "centerx": 24,
      "centery": 40
    },
    "83": {
      "id": "83",
      "name": "super_arrow",
      "wait": 3,
      "next": {
        "id": "84"
      },
      "bdy": [
        {
          "kind": 0,
          "x": 3,
          "y": 4,
          "w": 40,
          "h": 39
        }
      ],
      "itr": [
        {
          "kind": 0,
          "x": 3,
          "y": 4,
          "w": 40,
          "h": 39,
          "fall": 70,
          "bdefend": 60,
          "injury": 70,
          "effect": 1,
          "vrest": 28,
          "dvx": 6.6000000000000005
        }
      ],
      "pic": 23,
      "state": 3006,
      "centerx": 24,
      "centery": 40
    },
    "84": {
      "id": "84",
      "name": "super_arrow",
      "wait": 3,
      "next": {
        "id": "85"
      },
      "bdy": [
        {
          "kind": 0,
          "x": 3,
          "y": 4,
          "w": 40,
          "h": 39
        }
      ],
      "itr": [
        {
          "kind": 0,
          "x": 3,
          "y": 4,
          "w": 40,
          "h": 39,
          "fall": 70,
          "bdefend": 60,
          "injury": 70,
          "effect": 1,
          "vrest": 28,
          "dvx": 6.6000000000000005
        }
      ],
      "pic": 24,
      "state": 3006,
      "centerx": 24,
      "centery": 40
    },
    "85": {
      "id": "85",
      "name": "super_arrow",
      "wait": 3,
      "next": {
        "id": "80"
      },
      "bdy": [
        {
          "kind": 0,
          "x": 3,
          "y": 4,
          "w": 40,
          "h": 39
        }
      ],
      "itr": [
        {
          "kind": 0,
          "x": 3,
          "y": 4,
          "w": 40,
          "h": 39,
          "fall": 70,
          "bdefend": 60,
          "injury": 70,
          "effect": 1,
          "vrest": 28,
          "dvx": 6.6000000000000005
        }
      ],
      "pic": 25,
      "state": 3006,
      "centerx": 24,
      "centery": 40
    },
    "140": {
      "id": "140",
      "name": "throwing",
      "wait": 5,
      "next": {
        "id": "141"
      },
      "bdy": [
        {
          "kind": 0,
          "x": 3,
          "y": 4,
          "w": 40,
          "h": 39
        }
      ],
      "itr": [
        {
          "kind": 0,
          "x": 3,
          "y": 4,
          "w": 40,
          "h": 39,
          "fall": 60,
          "bdefend": 16,
          "injury": 25,
          "effect": 1,
          "dvx": 4.95
        }
      ],
      "pic": 0,
      "state": 1002,
      "centerx": 24,
      "centery": 40
    },
    "141": {
      "id": "141",
      "name": "throwing",
      "wait": 9,
      "next": {
        "id": "142"
      },
      "bdy": [
        {
          "kind": 0,
          "x": 3,
          "y": 4,
          "w": 40,
          "h": 39
        }
      ],
      "itr": [
        {
          "kind": 0,
          "x": 3,
          "y": 4,
          "w": 40,
          "h": 39,
          "fall": 60,
          "bdefend": 16,
          "injury": 25,
          "effect": 1,
          "dvx": 4.95
        }
      ],
      "pic": 1,
      "state": 1002,
      "centerx": 24,
      "centery": 40
    },
    "142": {
      "id": "142",
      "name": "throwing",
      "wait": 13,
      "next": {
        "id": "143"
      },
      "bdy": [
        {
          "kind": 0,
          "x": 3,
          "y": 4,
          "w": 40,
          "h": 39
        }
      ],
      "itr": [
        {
          "kind": 0,
          "x": 3,
          "y": 4,
          "w": 40,
          "h": 39,
          "fall": 60,
          "bdefend": 16,
          "injury": 25,
          "effect": 1,
          "dvx": 4.95
        }
      ],
      "pic": 2,
      "state": 1002,
      "centerx": 24,
      "centery": 40
    },
    "143": {
      "id": "143",
      "name": "throwing",
      "wait": 15,
      "next": {
        "id": "144"
      },
      "bdy": [
        {
          "kind": 0,
          "x": 3,
          "y": 4,
          "w": 40,
          "h": 39
        }
      ],
      "itr": [
        {
          "kind": 0,
          "x": 3,
          "y": 4,
          "w": 40,
          "h": 39,
          "fall": 60,
          "bdefend": 16,
          "injury": 25,
          "effect": 1,
          "dvx": 4.95
        }
      ],
      "pic": 3,
      "state": 1002,
      "centerx": 24,
      "centery": 40
    },
    "144": {
      "id": "144",
      "name": "throwing",
      "wait": 7,
      "next": {
        "id": "145"
      },
      "bdy": [
        {
          "kind": 0,
          "x": 3,
          "y": 4,
          "w": 40,
          "h": 39
        }
      ],
      "itr": [
        {
          "kind": 0,
          "x": 3,
          "y": 4,
          "w": 40,
          "h": 39,
          "fall": 60,
          "bdefend": 16,
          "injury": 25,
          "effect": 1,
          "dvx": 4.95
        }
      ],
      "pic": 4,
      "state": 1002,
      "centerx": 24,
      "centery": 40
    },
    "145": {
      "id": "145",
      "name": "throwing",
      "wait": 7,
      "next": {
        "id": "146"
      },
      "bdy": [
        {
          "kind": 0,
          "x": 3,
          "y": 4,
          "w": 40,
          "h": 39
        }
      ],
      "itr": [
        {
          "kind": 0,
          "x": 3,
          "y": 4,
          "w": 40,
          "h": 39,
          "fall": 60,
          "bdefend": 16,
          "injury": 25,
          "effect": 1,
          "dvx": 4.95
        }
      ],
      "pic": 5,
      "state": 1002,
      "centerx": 24,
      "centery": 40
    },
    "146": {
      "id": "146",
      "name": "throwing",
      "wait": 1,
      "next": {
        "id": "147"
      },
      "bdy": [
        {
          "kind": 0,
          "x": 3,
          "y": 4,
          "w": 40,
          "h": 39
        }
      ],
      "itr": [
        {
          "kind": 0,
          "x": 3,
          "y": 4,
          "w": 40,
          "h": 39,
          "fall": 60,
          "bdefend": 16,
          "injury": 25,
          "effect": 1,
          "dvx": 4.95
        }
      ],
      "pic": 6,
      "state": 1002,
      "centerx": 24,
      "centery": 40
    },
    "147": {
      "id": "147",
      "name": "throwing",
      "wait": 1,
      "next": {
        "id": "146"
      },
      "bdy": [
        {
          "kind": 0,
          "x": 3,
          "y": 4,
          "w": 40,
          "h": 39
        }
      ],
      "itr": [
        {
          "kind": 0,
          "x": 3,
          "y": 4,
          "w": 40,
          "h": 39,
          "fall": 60,
          "bdefend": 16,
          "injury": 25,
          "effect": 1,
          "dvx": 4.95
        }
      ],
      "pic": 6,
      "state": 1002,
      "centerx": 24,
      "centery": 40
    },
    "148": {
      "id": "148",
      "name": "throwing",
      "wait": 1,
      "next": {
        "id": "149"
      },
      "bdy": [
        {
          "kind": 0,
          "x": 3,
          "y": 4,
          "w": 40,
          "h": 39
        }
      ],
      "itr": [
        {
          "kind": 0,
          "x": 3,
          "y": 4,
          "w": 40,
          "h": 39,
          "fall": 60,
          "bdefend": 16,
          "injury": 25,
          "effect": 1,
          "dvx": 4.95
        }
      ],
      "pic": 8,
      "state": 1002,
      "centerx": 24,
      "centery": 40
    },
    "149": {
      "id": "149",
      "name": "throwing",
      "wait": 1,
      "next": {
        "id": "150"
      },
      "bdy": [
        {
          "kind": 0,
          "x": 3,
          "y": 4,
          "w": 40,
          "h": 39
        }
      ],
      "itr": [
        {
          "kind": 0,
          "x": 3,
          "y": 4,
          "w": 40,
          "h": 39,
          "fall": 60,
          "bdefend": 16,
          "injury": 25,
          "effect": 1,
          "dvx": 4.95
        }
      ],
      "pic": 9,
      "state": 1002,
      "centerx": 24,
      "centery": 40
    },
    "150": {
      "id": "150",
      "name": "throwing",
      "wait": 1,
      "next": {
        "id": "151"
      },
      "bdy": [
        {
          "kind": 0,
          "x": 3,
          "y": 4,
          "w": 40,
          "h": 39
        }
      ],
      "itr": [
        {
          "kind": 0,
          "x": 3,
          "y": 4,
          "w": 40,
          "h": 39,
          "fall": 60,
          "bdefend": 16,
          "injury": 25,
          "effect": 1,
          "dvx": 4.95
        }
      ],
      "pic": 10,
      "state": 1002,
      "centerx": 24,
      "centery": 40
    },
    "151": {
      "id": "151",
      "name": "throwing",
      "wait": 1,
      "next": {
        "id": "152"
      },
      "bdy": [
        {
          "kind": 0,
          "x": 3,
          "y": 4,
          "w": 40,
          "h": 39
        }
      ],
      "itr": [
        {
          "kind": 0,
          "x": 3,
          "y": 4,
          "w": 40,
          "h": 39,
          "fall": 60,
          "bdefend": 16,
          "injury": 25,
          "effect": 1,
          "dvx": 4.95
        }
      ],
      "pic": 11,
      "state": 1002,
      "centerx": 24,
      "centery": 40
    },
    "152": {
      "id": "152",
      "name": "throwing",
      "wait": 1,
      "next": {
        "id": "153"
      },
      "bdy": [
        {
          "kind": 0,
          "x": 3,
          "y": 4,
          "w": 40,
          "h": 39
        }
      ],
      "itr": [
        {
          "kind": 0,
          "x": 3,
          "y": 4,
          "w": 40,
          "h": 39,
          "fall": 60,
          "bdefend": 16,
          "injury": 25,
          "effect": 1,
          "dvx": 4.95
        }
      ],
      "pic": 12,
      "state": 1002,
      "centerx": 24,
      "centery": 40
    },
    "153": {
      "id": "153",
      "name": "throwing",
      "wait": 1,
      "next": {
        "id": "154"
      },
      "bdy": [
        {
          "kind": 0,
          "x": 3,
          "y": 4,
          "w": 40,
          "h": 39
        }
      ],
      "itr": [
        {
          "kind": 0,
          "x": 3,
          "y": 4,
          "w": 40,
          "h": 39,
          "fall": 60,
          "bdefend": 16,
          "injury": 25,
          "effect": 1,
          "dvx": 4.95
        }
      ],
      "pic": 13,
      "state": 1002,
      "centerx": 24,
      "centery": 40
    },
    "154": {
      "id": "154",
      "name": "throwing",
      "wait": 1,
      "next": {
        "id": "155"
      },
      "bdy": [
        {
          "kind": 0,
          "x": 3,
          "y": 4,
          "w": 40,
          "h": 39
        }
      ],
      "itr": [
        {
          "kind": 0,
          "x": 3,
          "y": 4,
          "w": 40,
          "h": 39,
          "fall": 60,
          "bdefend": 16,
          "injury": 25,
          "effect": 1,
          "dvx": 4.95
        }
      ],
      "pic": 14,
      "state": 1002,
      "centerx": 24,
      "centery": 40
    },
    "155": {
      "id": "155",
      "name": "throwing",
      "wait": 1,
      "next": {
        "id": "140"
      },
      "bdy": [
        {
          "kind": 0,
          "x": 3,
          "y": 4,
          "w": 40,
          "h": 39
        }
      ],
      "itr": [
        {
          "kind": 0,
          "x": 3,
          "y": 4,
          "w": 40,
          "h": 39,
          "fall": 60,
          "bdefend": 16,
          "injury": 25,
          "effect": 1,
          "dvx": 4.95
        }
      ],
      "pic": 15,
      "state": 1002,
      "centerx": 24,
      "centery": 40
    },
    "399": {
      "id": "399",
      "name": "dummy",
      "wait": 1,
      "next": {},
      "bdy": [
        {
          "kind": 0,
          "x": 1,
          "y": 19,
          "w": 46,
          "h": 15
        }
      ],
      "pic": 4,
      "state": 0,
      "centerx": 24,
      "centery": 29
    }
  },
  "indexes": {
    "in_the_sky": "0",
    "on_ground": "60",
    "just_on_ground": "70",
    "throwing": "40"
  }
}