{
  "id": "220",
  "type": "ball",
  "base": {
    "files": {
      "0": {
        "id": 0,
        "path": "sprite/sys/jan_chase.bmp",
        "begin": 0,
        "end": 7,
        "w": 81,
        "h": 82,
        "row": 4,
        "col": 2
      },
      "1": {
        "id": 1,
        "path": "sprite/sys/jan_chaseb.bmp",
        "begin": 8,
        "end": 11,
        "w": 25,
        "h": 25,
        "row": 4,
        "col": 1
      }
    },
    "hp": 500,
    "weapon_broken_sound": "data/020.wav.ogg",
    "weapon_drop_sound": "data/020.wav.ogg",
    "weapon_hit_sound": "data/020.wav.ogg"
  },
  "frames": {
    "0": {
      "id": "0",
      "name": "flying",
      "wait": 11,
      "next": {
        "id": "1"
      },
      "bdy": [
        {
          "kind": 0,
          "x": 28,
          "y": 30,
          "w": 27,
          "h": 26
        }
      ],
      "pic": 0,
      "state": 3000,
      "centerx": 45,
      "centery": 38,
      "hit_Fa": 7,
      "hp": 3.5,
      "on_dead": {
        "id": "1"
      },
      "speedz": 2,
      "on_hitting": {
        "id": "10"
      },
      "on_be_hit": {
        "id": "20"
      },
      "on_rebounding": {
        "id": "30"
      },
      "on_disappearing": {
        "id": "40"
      }
    },
    "1": {
      "id": "1",
      "name": "flying",
      "wait": 11,
      "next": {
        "id": "2"
      },
      "bdy": [
        {
          "kind": 0,
          "x": 21,
          "y": 22,
          "w": 40,
          "h": 39
        }
      ],
      "itr": [
        {
          "kind": 0,
          "x": 22,
          "y": 22,
          "w": 39,
          "h": 38,
          "fall": 70,
          "bdefend": 60,
          "injury": 40,
          "vrest": 28,
          "dvx": 1.6500000000000001
        }
      ],
      "pic": 1,
      "state": 3000,
      "centerx": 41,
      "centery": 41,
      "hit_Fa": 7,
      "hp": 3.5,
      "on_dead": {
        "id": "1"
      },
      "speedz": 2,
      "on_hitting": {
        "id": "10"
      },
      "on_be_hit": {
        "id": "20"
      },
      "on_rebounding": {
        "id": "30"
      },
      "on_disappearing": {
        "id": "40"
      }
    },
    "2": {
      "id": "2",
      "name": "flying",
      "wait": 11,
      "next": {
        "id": "3"
      },
      "bdy": [
        {
          "kind": 0,
          "x": 21,
          "y": 22,
          "w": 40,
          "h": 39
        }
      ],
      "itr": [
        {
          "kind": 0,
          "x": 22,
          "y": 22,
          "w": 39,
          "h": 38,
          "fall": 70,
          "bdefend": 60,
          "injury": 40,
          "vrest": 28,
          "dvx": 1.6500000000000001
        }
      ],
      "pic": 2,
      "state": 3000,
      "centerx": 41,
      "centery": 41,
      "hit_Fa": 7,
      "hp": 3.5,
      "on_dead": {
        "id": "2"
      },
      "speedz": 2,
      "on_hitting": {
        "id": "10"
      },
      "on_be_hit": {
        "id": "20"
      },
      "on_rebounding": {
        "id": "30"
      },
      "on_disappearing": {
        "id": "40"
      }
    },
    "3": {
      "id": "3",
      "name": "flying",
      "wait": 3,
      "next": {},
      "bdy": [
        {
          "kind": 0,
          "x": 21,
          "y": 22,
          "w": 40,
          "h": 39
        }
      ],
      "itr": [
        {
          "kind": 0,
          "x": 22,
          "y": 22,
          "w": 39,
          "h": 38,
          "fall": 70,
          "bdefend": 60,
          "injury": 40,
          "vrest": 28,
          "dvx": 1.6500000000000001
        }
      ],
      "pic": 3,
      "state": 3000,
      "centerx": 41,
      "centery": 40,
      "hit_Fa": 7,
      "hp": 3.5,
      "on_dead": {
        "id": "3"
      },
      "speedz": 2,
      "on_hitting": {
        "id": "10"
      },
      "on_be_hit": {
        "id": "20"
      },
      "on_rebounding": {
        "id": "30"
      },
      "on_disappearing": {
        "id": "40"
      }
    },
    "10": {
      "id": "10",
      "name": "hiting",
      "wait": 3,
      "next": {
        "id": "11"
      },
      "pic": 4,
      "state": 3001,
      "centerx": 55,
      "centery": 39
    },
    "11": {
      "id": "11",
      "name": "hiting",
      "wait": 3,
      "next": {
        "id": "12"
      },
      "pic": 5,
      "state": 3001,
      "centerx": 51,
      "centery": 40
    },
    "12": {
      "id": "12",
      "name": "hiting",
      "wait": 3,
      "next": {
        "id": "13"
      },
      "pic": 6,
      "state": 3001,
      "centerx": 53,
      "centery": 40
    },
    "13": {
      "id": "13",
      "name": "hiting",
      "wait": 3,
      "next": {
        "id": "gone"
      },
      "pic": 7,
      "state": 3001,
      "centerx": 56,
      "centery": 41
    },
    "20": {
      "id": "20",
      "name": "hit",
      "wait": 3,
      "next": {
        "id": "21"
      },
      "pic": 4,
      "state": 3002,
      "centerx": 55,
      "centery": 40
    },
    "21": {
      "id": "21",
      "name": "hit",
      "wait": 3,
      "next": {
        "id": "22"
      },
      "pic": 5,
      "state": 3002,
      "centerx": 52,
      "centery": 40
    },
    "22": {
      "id": "22",
      "name": "hit",
      "wait": 3,
      "next": {
        "id": "23"
      },
      "pic": 6,
      "state": 3002,
      "centerx": 55,
      "centery": 40
    },
    "23": {
      "id": "23",
      "name": "hit",
      "wait": 3,
      "next": {
        "id": "gone"
      },
      "pic": 7,
      "state": 3002,
      "centerx": 58,
      "centery": 41
    },
    "30": {
      "id": "30",
      "name": "rebounding",
      "wait": 3,
      "next": {
        "id": "21"
      },
      "pic": 4,
      "state": 3002,
      "centerx": 55,
      "centery": 40
    },
    "40": {
      "id": "40",
      "name": "tail",
      "wait": 5,
      "next": {
        "id": "41"
      },
      "pic": 8,
      "state": 3005,
      "centerx": 13,
      "centery": 13,
      "speedz": 0
    },
    "41": {
      "id": "41",
      "name": "tail",
      "wait": 3,
      "next": {
        "id": "42"
      },
      "pic": 9,
      "state": 3005,
      "centerx": 13,
      "centery": 13,
      "speedz": 0
    },
    "42": {
      "id": "42",
      "name": "tail",
      "wait": 3,
      "next": {
        "id": "43"
      },
      "pic": 10,
      "state": 3005,
      "centerx": 13,
      "centery": 13,
      "speedz": 0
    },
    "43": {
      "id": "43",
      "name": "tail",
      "wait": 3,
      "next": {
        "id": "gone"
      },
      "pic": 11,
      "state": 3005,
      "centerx": 13,
      "centery": 13,
      "speedz": 0
    },
    "50": {
      "id": "50",
      "name": "start",
      "wait": 3,
      "next": {
        "id": "51"
      },
      "pic": 100,
      "state": 3005,
      "centerx": 45,
      "centery": 38,
      "speedz": 0
    },
    "51": {
      "id": "51",
      "name": "start",
      "wait": 3,
      "next": {
        "id": "52"
      },
      "pic": 100,
      "state": 3005,
      "centerx": 45,
      "centery": 38,
      "hit_Fa": 6,
      "speedz": 0
    },
    "52": {
      "id": "52",
      "name": "start",
      "wait": 3,
      "next": {
        "id": "gone"
      },
      "pic": 100,
      "state": 3005,
      "centerx": 45,
      "centery": 38,
      "speedz": 0
    },
    "60": {
      "id": "60",
      "name": "hiting_ground",
      "wait": 3,
      "next": {
        "id": "61"
      },
      "pic": 4,
      "state": 3001,
      "centerx": 55,
      "centery": 39
    },
    "61": {
      "id": "61",
      "name": "hiting_ground",
      "wait": 3,
      "next": {
        "id": "62"
      },
      "pic": 5,
      "state": 3001,
      "centerx": 51,
      "centery": 40,
      "sound": "data/020.wav.ogg"
    },
    "62": {
      "id": "62",
      "name": "hiting_ground",
      "wait": 3,
      "next": {
        "id": "63"
      },
      "pic": 6,
      "state": 3001,
      "centerx": 53,
      "centery": 40
    },
    "63": {
      "id": "63",
      "name": "hiting_ground",
      "wait": 3,
      "next": {
        "id": "gone"
      },
      "pic": 7,
      "state": 3001,
      "centerx": 56,
      "centery": 41
    }
  }
}