{
  "id": "219",
  "type": "ball",
  "base": {
    "files": {
      "0": {
        "id": 0,
        "path": "sprite/sys/jan_chaseh.bmp",
        "begin": 0,
        "end": 23,
        "w": 81,
        "h": 82,
        "row": 4,
        "col": 3
      }
    },
    "hp": 500,
    "weapon_broken_sound": "data/020.wav.ogg",
    "weapon_drop_sound": "data/020.wav.ogg",
    "weapon_hit_sound": "data/020.wav.ogg"
  },
  "frames": {
    "0": {
      "id": "0",
      "name": "flying",
      "wait": 5,
      "next": {
        "id": "1"
      },
      "pic": 0,
      "state": 3000,
      "centerx": 45,
      "centery": 38,
      "hit_Fa": 4,
      "hp": 1.5,
      "on_dead": {
        "id": "1"
      },
      "speedz": 2,
      "on_hitting": {
        "id": "10"
      },
      "on_be_hit": {
        "id": "20"
      },
      "on_rebounding": {
        "id": "30"
      },
      "on_disappearing": {
        "id": "40"
      }
    },
    "1": {
      "id": "1",
      "name": "flying",
      "wait": 5,
      "next": {
        "id": "2"
      },
      "pic": 1,
      "state": 3000,
      "centerx": 49,
      "centery": 40,
      "hit_Fa": 4,
      "hp": 1.5,
      "on_dead": {
        "id": "1"
      },
      "speedz": 2,
      "on_hitting": {
        "id": "10"
      },
      "on_be_hit": {
        "id": "20"
      },
      "on_rebounding": {
        "id": "30"
      },
      "on_disappearing": {
        "id": "40"
      }
    },
    "2": {
      "id": "2",
      "name": "flying",
      "wait": 5,
      "next": {
        "id": "3"
      },
      "pic": 2,
      "state": 3000,
      "centerx": 43,
      "centery": 43,
      "hit_Fa": 4,
      "hp": 1.5,
      "on_dead": {
        "id": "2"
      },
      "speedz": 2,
      "on_hitting": {
        "id": "10"
      },
      "on_be_hit": {
        "id": "20"
      },
      "on_rebounding": {
        "id": "30"
      },
      "on_disappearing": {
        "id": "40"
      }
    },
    "3": {
      "id": "3",
      "name": "flying",
      "wait": 5,
      "next": {
        "id": "2"
      },
      "pic": 3,
      "state": 3000,
      "centerx": 43,
      "centery": 45,
      "hit_Fa": 4,
      "hp": 1.5,
      "on_dead": {
        "id": "3"
      },
      "speedz": 2,
      "on_hitting": {
        "id": "10"
      },
      "on_be_hit": {
        "id": "20"
      },
      "on_rebounding": {
        "id": "30"
      },
      "on_disappearing": {
        "id": "40"
      }
    },
    "10": {
      "id": "10",
      "name": "hiting",
      "wait": 3,
      "next": {
        "id": "11"
      },
      "pic": 4,
      "state": 3001,
      "centerx": 55,
      "centery": 39
    },
    "11": {
      "id": "11",
      "name": "hiting",
      "wait": 3,
      "next": {
        "id": "12"
      },
      "pic": 5,
      "state": 3001,
      "centerx": 51,
      "centery": 40
    },
    "12": {
      "id": "12",
      "name": "hiting",
      "wait": 3,
      "next": {
        "id": "13"
      },
      "pic": 6,
      "state": 3001,
      "centerx": 53,
      "centery": 40
    },
    "13": {
      "id": "13",
      "name": "hiting",
      "wait": 3,
      "next": {
        "id": "gone"
      },
      "pic": 7,
      "state": 3001,
      "centerx": 56,
      "centery": 41
    },
    "20": {
      "id": "20",
      "name": "hit",
      "wait": 3,
      "next": {
        "id": "21"
      },
      "pic": 50,
      "state": 3002,
      "centerx": 55,
      "centery": 40
    },
    "21": {
      "id": "21",
      "name": "hit",
      "wait": 3,
      "next": {
        "id": "22"
      },
      "pic": 50,
      "state": 3002,
      "centerx": 52,
      "centery": 40
    },
    "22": {
      "id": "22",
      "name": "hit",
      "wait": 3,
      "next": {
        "id": "23"
      },
      "pic": 50,
      "state": 3002,
      "centerx": 55,
      "centery": 40
    },
    "23": {
      "id": "23",
      "name": "hit",
      "wait": 3,
      "next": {
        "id": "gone"
      },
      "pic": 50,
      "state": 3002,
      "centerx": 58,
      "centery": 41
    },
    "30": {
      "id": "30",
      "name": "rebounding",
      "wait": 7,
      "next": {
        "id": "31"
      },
      "pic": 1,
      "state": 3000,
      "centerx": 41,
      "centery": 41,
      "dvx": -7,
      "speedz": 2,
      "on_hitting": {
        "id": "10"
      },
      "on_be_hit": {
        "id": "20"
      },
      "on_rebounding": {
        "id": "30"
      },
      "on_disappearing": {
        "id": "40"
      }
    },
    "31": {
      "id": "31",
      "name": "rebounding",
      "wait": 7,
      "next": {
        "id": "1"
      },
      "opoint": [
        {
          "kind": 1,
          "x": 41,
          "y": 41,
          "oid": 219,
          "action": {
            "id": "20"
          },
          "multi": 1,
          "facing": 2
        }
      ],
      "pic": 2,
      "state": 3000,
      "centerx": 41,
      "centery": 41,
      "dvx": -7,
      "speedz": 2,
      "on_hitting": {
        "id": "10"
      },
      "on_be_hit": {
        "id": "20"
      },
      "on_rebounding": {
        "id": "30"
      },
      "on_disappearing": {
        "id": "40"
      }
    },
    "40": {
      "id": "40",
      "name": "star",
      "wait": 5,
      "next": {
        "id": "41"
      },
      "pic": 8,
      "state": 3005,
      "centerx": 40,
      "centery": 40,
      "dvx": 1.5,
      "speedz": 0
    },
    "41": {
      "id": "41",
      "name": "star",
      "wait": 5,
      "next": {
        "id": "42"
      },
      "pic": 9,
      "state": 3005,
      "centerx": 40,
      "centery": 40,
      "speedz": 0
    },
    "42": {
      "id": "42",
      "name": "star",
      "wait": 5,
      "next": {
        "id": "43"
      },
      "pic": 10,
      "state": 3005,
      "centerx": 40,
      "centery": 40,
      "speedz": 0
    },
    "43": {
      "id": "43",
      "name": "star",
      "wait": 5,
      "next": {
        "id": "gone"
      },
      "pic": 11,
      "state": 3005,
      "centerx": 40,
      "centery": 40,
      "speedz": 0
    },
    "50": {
      "id": "50",
      "name": "start",
      "wait": 3,
      "next": {
        "id": "51"
      },
      "pic": 50,
      "state": 3005,
      "centerx": 45,
      "centery": 38,
      "speedz": 0
    },
    "51": {
      "id": "51",
      "name": "start",
      "wait": 3,
      "next": {
        "id": "52"
      },
      "pic": 50,
      "state": 3005,
      "centerx": 45,
      "centery": 38,
      "hit_Fa": 5,
      "speedz": 0
    },
    "52": {
      "id": "52",
      "name": "start",
      "wait": 3,
      "next": {
        "id": "gone"
      },
      "pic": 50,
      "state": 3005,
      "centerx": 45,
      "centery": 38,
      "speedz": 0
    },
    "60": {
      "id": "60",
      "name": "star",
      "wait": 5,
      "next": {
        "id": "61"
      },
      "pic": 8,
      "state": 3005,
      "centerx": 40,
      "centery": 40,
      "speedz": 0
    },
    "61": {
      "id": "61",
      "name": "star",
      "wait": 5,
      "next": {
        "id": "62"
      },
      "pic": 9,
      "state": 3005,
      "centerx": 40,
      "centery": 40,
      "sound": "data/049.wav.ogg",
      "speedz": 0
    },
    "62": {
      "id": "62",
      "name": "star",
      "wait": 5,
      "next": {
        "id": "63"
      },
      "pic": 10,
      "state": 3005,
      "centerx": 40,
      "centery": 40,
      "speedz": 0
    },
    "63": {
      "id": "63",
      "name": "star",
      "wait": 5,
      "next": {
        "id": "gone"
      },
      "pic": 11,
      "state": 3005,
      "centerx": 40,
      "centery": 40,
      "speedz": 0
    },
    "70": {
      "id": "70",
      "name": "star2",
      "wait": 3,
      "next": {
        "id": "71"
      },
      "pic": 4,
      "state": 3005,
      "centerx": 40,
      "centery": 40,
      "speedz": 0
    },
    "71": {
      "id": "71",
      "name": "star2",
      "wait": 1,
      "next": {
        "id": "72"
      },
      "pic": 5,
      "state": 3005,
      "centerx": 40,
      "centery": 40,
      "speedz": 0
    },
    "72": {
      "id": "72",
      "name": "star2",
      "wait": 1,
      "next": {
        "id": "73"
      },
      "pic": 6,
      "state": 3005,
      "centerx": 40,
      "centery": 40,
      "speedz": 0
    },
    "73": {
      "id": "73",
      "name": "star2",
      "wait": 1,
      "next": {
        "id": "gone"
      },
      "pic": 7,
      "state": 3005,
      "centerx": 40,
      "centery": 40,
      "speedz": 0
    }
  }
}