{
  "id": "214",
  "type": "ball",
  "base": {
    "files": {
      "0": {
        "id": 0,
        "path": "sprite/sys/john_biscuit.bmp",
        "begin": 0,
        "end": 12,
        "w": 90,
        "h": 20,
        "row": 4,
        "col": 3
      }
    },
    "hp": 500,
    "weapon_broken_sound": "data/020.wav.ogg",
    "weapon_drop_sound": "data/020.wav.ogg",
    "weapon_hit_sound": "data/020.wav.ogg"
  },
  "frames": {
    "0": {
      "id": "0",
      "name": "flying",
      "wait": 3,
      "next": {
        "id": "1"
      },
      "bdy": [
        {
          "x": 8,
          "y": 1,
          "w": 74,
          "h": 19
        }
      ],
      "itr": [
        {
          "kind": 0,
          "x": 8,
          "y": 1,
          "w": 74,
          "h": 19,
          "fall": 70,
          "bdefend": 20,
          "injury": 50,
          "effect": 1,
          "vrest": 48,
          "dvx": 7
        }
      ],
      "pic": 0,
      "state": 3006,
      "centerx": 45,
      "centery": 38,
      "hit_Fa": 1,
      "sound": "data/076.wav.ogg",
      "hp": 3.5,
      "on_dead": {
        "id": "4"
      },
      "speedz": 2
    },
    "1": {
      "id": "1",
      "name": "flying",
      "wait": 3,
      "next": {
        "id": "2"
      },
      "bdy": [
        {
          "x": 8,
          "y": 1,
          "w": 74,
          "h": 19
        }
      ],
      "itr": [
        {
          "kind": 0,
          "x": 8,
          "y": 1,
          "w": 74,
          "h": 19,
          "fall": 70,
          "bdefend": 20,
          "injury": 50,
          "effect": 1,
          "vrest": 48,
          "dvx": 7
        }
      ],
      "pic": 1,
      "state": 3006,
      "centerx": 45,
      "centery": 38,
      "hit_Fa": 1,
      "hp": 3.5,
      "on_dead": {
        "id": "4"
      },
      "speedz": 2
    },
    "2": {
      "id": "2",
      "name": "flying",
      "wait": 3,
      "next": {
        "id": "3"
      },
      "bdy": [
        {
          "x": 8,
          "y": 1,
          "w": 74,
          "h": 19
        }
      ],
      "itr": [
        {
          "kind": 0,
          "x": 8,
          "y": 1,
          "w": 74,
          "h": 19,
          "fall": 70,
          "bdefend": 20,
          "injury": 50,
          "effect": 1,
          "vrest": 48,
          "dvx": 7
        }
      ],
      "pic": 2,
      "state": 3006,
      "centerx": 45,
      "centery": 38,
      "hit_Fa": 1,
      "hp": 3.5,
      "on_dead": {
        "id": "4"
      },
      "speedz": 2
    },
    "3": {
      "id": "3",
      "name": "flying",
      "wait": 3,
      "next": {
        "id": "auto"
      },
      "bdy": [
        {
          "x": 8,
          "y": 1,
          "w": 74,
          "h": 19
        }
      ],
      "itr": [
        {
          "kind": 0,
          "x": 8,
          "y": 1,
          "w": 74,
          "h": 19,
          "fall": 70,
          "bdefend": 20,
          "injury": 50,
          "effect": 1,
          "vrest": 48,
          "dvx": 7
        }
      ],
      "pic": 3,
      "state": 3006,
      "centerx": 45,
      "centery": 38,
      "hit_Fa": 1,
      "hp": 3.5,
      "on_dead": {
        "id": "4"
      },
      "speedz": 2
    },
    "4": {
      "id": "4",
      "name": "flying",
      "wait": 3,
      "next": {
        "id": "5"
      },
      "bdy": [
        {
          "x": 8,
          "y": 1,
          "w": 74,
          "h": 19
        }
      ],
      "itr": [
        {
          "kind": 0,
          "x": 8,
          "y": 1,
          "w": 74,
          "h": 19,
          "fall": 70,
          "bdefend": 20,
          "injury": 50,
          "effect": 1,
          "vrest": 48,
          "dvx": 7
        }
      ],
      "pic": 0,
      "state": 3006,
      "centerx": 45,
      "centery": 38,
      "hit_Fa": 10,
      "sound": "data/076.wav.ogg",
      "speedz": 2
    },
    "5": {
      "id": "5",
      "name": "flying",
      "wait": 3,
      "next": {
        "id": "6"
      },
      "bdy": [
        {
          "x": 8,
          "y": 1,
          "w": 74,
          "h": 19
        }
      ],
      "itr": [
        {
          "kind": 0,
          "x": 8,
          "y": 1,
          "w": 74,
          "h": 19,
          "fall": 70,
          "bdefend": 20,
          "injury": 50,
          "effect": 1,
          "vrest": 48,
          "dvx": 7
        }
      ],
      "pic": 1,
      "state": 3006,
      "centerx": 45,
      "centery": 38,
      "hit_Fa": 10,
      "speedz": 2
    },
    "6": {
      "id": "6",
      "name": "flying",
      "wait": 3,
      "next": {
        "id": "7"
      },
      "bdy": [
        {
          "x": 8,
          "y": 1,
          "w": 74,
          "h": 19
        }
      ],
      "itr": [
        {
          "kind": 0,
          "x": 8,
          "y": 1,
          "w": 74,
          "h": 19,
          "fall": 70,
          "bdefend": 20,
          "injury": 50,
          "effect": 1,
          "vrest": 48,
          "dvx": 7
        }
      ],
      "pic": 2,
      "state": 3006,
      "centerx": 45,
      "centery": 38,
      "hit_Fa": 10,
      "speedz": 2
    },
    "7": {
      "id": "7",
      "name": "flying",
      "wait": 3,
      "next": {
        "id": "4"
      },
      "bdy": [
        {
          "x": 8,
          "y": 1,
          "w": 74,
          "h": 19
        }
      ],
      "itr": [
        {
          "kind": 0,
          "x": 8,
          "y": 1,
          "w": 74,
          "h": 19,
          "fall": 70,
          "bdefend": 20,
          "injury": 50,
          "effect": 1,
          "vrest": 48,
          "dvx": 7
        }
      ],
      "pic": 3,
      "state": 3006,
      "centerx": 45,
      "centery": 38,
      "hit_Fa": 10,
      "speedz": 2
    },
    "10": {
      "id": "10",
      "name": "hiting",
      "wait": 3,
      "next": {
        "id": "11"
      },
      "pic": 8,
      "state": 3001,
      "centerx": 45,
      "centery": 38
    },
    "11": {
      "id": "11",
      "name": "hiting",
      "wait": 3,
      "next": {
        "id": "12"
      },
      "pic": 9,
      "state": 3001,
      "centerx": 45,
      "centery": 38
    },
    "12": {
      "id": "12",
      "name": "hiting",
      "wait": 3,
      "next": {
        "id": "13"
      },
      "pic": 10,
      "state": 3001,
      "centerx": 45,
      "centery": 38
    },
    "13": {
      "id": "13",
      "name": "hiting",
      "wait": 3,
      "next": {
        "id": "gone"
      },
      "pic": 11,
      "state": 3001,
      "centerx": 45,
      "centery": 38
    },
    "20": {
      "id": "20",
      "name": "hit",
      "wait": 3,
      "next": {
        "id": "21"
      },
      "pic": 8,
      "state": 3002,
      "centerx": 45,
      "centery": 38
    },
    "21": {
      "id": "21",
      "name": "hit",
      "wait": 3,
      "next": {
        "id": "22"
      },
      "pic": 9,
      "state": 3002,
      "centerx": 45,
      "centery": 38
    },
    "22": {
      "id": "22",
      "name": "hit",
      "wait": 3,
      "next": {
        "id": "23"
      },
      "pic": 10,
      "state": 3002,
      "centerx": 45,
      "centery": 38
    },
    "23": {
      "id": "23",
      "name": "hit",
      "wait": 3,
      "next": {
        "id": "gone"
      },
      "pic": 11,
      "state": 3002,
      "centerx": 45,
      "centery": 38
    },
    "30": {
      "id": "30",
      "name": "rebounding",
      "wait": 7,
      "next": {
        "id": "1"
      },
      "pic": 0,
      "state": 3006,
      "centerx": 45,
      "centery": 38,
      "dvx": -7,
      "speedz": 2
    },
    "31": {
      "id": "31",
      "name": "rebounding",
      "wait": 3,
      "next": {
        "id": "32"
      },
      "pic": 9,
      "state": 3003,
      "centerx": 45,
      "centery": 38
    },
    "32": {
      "id": "32",
      "name": "rebounding",
      "wait": 3,
      "next": {
        "id": "33"
      },
      "pic": 10,
      "state": 3003,
      "centerx": 45,
      "centery": 38
    },
    "33": {
      "id": "33",
      "name": "rebounding",
      "wait": 3,
      "next": {
        "id": "gone"
      },
      "pic": 11,
      "state": 3003,
      "centerx": 45,
      "centery": 38
    },
    "40": {
      "id": "40",
      "name": "borning",
      "wait": 3,
      "next": {
        "id": "41"
      },
      "pic": 4,
      "state": 3000,
      "centerx": 45,
      "centery": 38,
      "speedz": 2,
      "on_hitting": {
        "id": "10"
      },
      "on_be_hit": {
        "id": "20"
      },
      "on_rebounding": {
        "id": "30"
      },
      "on_disappearing": {
        "id": "40"
      }
    },
    "41": {
      "id": "41",
      "name": "borning",
      "wait": 3,
      "next": {
        "id": "42"
      },
      "pic": 5,
      "state": 3003,
      "centerx": 45,
      "centery": 38
    },
    "42": {
      "id": "42",
      "name": "borning",
      "wait": 3,
      "next": {
        "id": "43"
      },
      "pic": 6,
      "state": 3003,
      "centerx": 45,
      "centery": 38
    },
    "43": {
      "id": "43",
      "name": "borning",
      "wait": 3,
      "next": {
        "id": "44"
      },
      "pic": 7,
      "state": 3003,
      "centerx": 45,
      "centery": 38,
      "dvx": 5
    },
    "44": {
      "id": "44",
      "name": "flying",
      "wait": 3,
      "next": {
        "id": "auto"
      },
      "bdy": [
        {
          "x": 8,
          "y": 1,
          "w": 74,
          "h": 19
        }
      ],
      "itr": [
        {
          "kind": 0,
          "x": 8,
          "y": 1,
          "w": 74,
          "h": 19,
          "fall": 70,
          "bdefend": 20,
          "injury": 50,
          "effect": 1,
          "vrest": 48,
          "dvx": 7
        }
      ],
      "pic": 0,
      "state": 3006,
      "centerx": 45,
      "centery": 38,
      "dvx": 9,
      "dvy": -0.75,
      "speedz": 2
    }
  }
}