{
  "id": "228",
  "type": "ball",
  "base": {
    "files": {
      "0": {
        "id": 0,
        "path": "sprite/sys/julian_ball.bmp",
        "begin": 0,
        "end": 7,
        "w": 81,
        "h": 82,
        "row": 4,
        "col": 4
      }
    },
    "hp": 500,
    "weapon_broken_sound": "data/090.wav.ogg",
    "weapon_drop_sound": "data/090.wav.ogg",
    "weapon_hit_sound": "data/090.wav.ogg"
  },
  "frames": {
    "0": {
      "id": "0",
      "name": "flying",
      "wait": 3,
      "next": {
        "id": "1"
      },
      "bdy": [
        {
          "kind": 0,
          "x": 18,
          "y": 19,
          "w": 56,
          "h": 51
        }
      ],
      "itr": [
        {
          "kind": 0,
          "x": 18,
          "y": 19,
          "w": 56,
          "h": 51,
          "fall": 20,
          "bdefend": 10,
          "injury": 40,
          "vrest": 18,
          "dvx": 5.5
        }
      ],
      "pic": 0,
      "state": 3000,
      "centerx": 40,
      "centery": 41,
      "hit_Fa": 14,
      "hp": 7,
      "speedz": 2,
      "on_hitting": {
        "id": "10"
      },
      "on_be_hit": {
        "id": "20"
      },
      "on_rebounding": {
        "id": "30"
      },
      "on_disappearing": {
        "id": "40"
      }
    },
    "1": {
      "id": "1",
      "name": "flying",
      "wait": 3,
      "next": {
        "id": "2"
      },
      "bdy": [
        {
          "kind": 0,
          "x": 10,
          "y": 19,
          "w": 56,
          "h": 51
        }
      ],
      "itr": [
        {
          "kind": 0,
          "x": 10,
          "y": 19,
          "w": 56,
          "h": 51,
          "fall": 20,
          "bdefend": 10,
          "injury": 40,
          "vrest": 18,
          "dvx": 5.5
        }
      ],
      "pic": 1,
      "state": 3000,
      "centerx": 32,
      "centery": 42,
      "hit_Fa": 14,
      "hp": 7,
      "on_dead": {
        "id": "1"
      },
      "speedz": 2,
      "on_hitting": {
        "id": "10"
      },
      "on_be_hit": {
        "id": "20"
      },
      "on_rebounding": {
        "id": "30"
      },
      "on_disappearing": {
        "id": "40"
      }
    },
    "2": {
      "id": "2",
      "name": "flying",
      "wait": 3,
      "next": {
        "id": "3"
      },
      "bdy": [
        {
          "kind": 0,
          "x": 18,
          "y": 19,
          "w": 56,
          "h": 51
        }
      ],
      "itr": [
        {
          "kind": 0,
          "x": 18,
          "y": 19,
          "w": 56,
          "h": 51,
          "fall": 20,
          "bdefend": 10,
          "injury": 40,
          "vrest": 18,
          "dvx": 5.5
        }
      ],
      "pic": 2,
      "state": 3000,
      "centerx": 39,
      "centery": 42,
      "hit_Fa": 14,
      "hp": 7,
      "on_dead": {
        "id": "2"
      },
      "speedz": 2,
      "on_hitting": {
        "id": "10"
      },
      "on_be_hit": {
        "id": "20"
      },
      "on_rebounding": {
        "id": "30"
      },
      "on_disappearing": {
        "id": "40"
      }
    },
    "3": {
      "id": "3",
      "name": "flying",
      "wait": 3,
      "next": {
        "id": "4"
      },
      "bdy": [
        {
          "kind": 0,
          "x": 10,
          "y": 19,
          "w": 56,
          "h": 51
        }
      ],
      "itr": [
        {
          "kind": 0,
          "x": 10,
          "y": 19,
          "w": 56,
          "h": 51,
          "fall": 20,
          "bdefend": 10,
          "injury": 40,
          "vrest": 18,
          "dvx": 5.5
        }
      ],
      "pic": 3,
      "state": 3000,
      "centerx": 33,
      "centery": 41,
      "hit_Fa": 14,
      "hp": 7,
      "on_dead": {
        "id": "3"
      },
      "speedz": 2,
      "on_hitting": {
        "id": "10"
      },
      "on_be_hit": {
        "id": "20"
      },
      "on_rebounding": {
        "id": "30"
      },
      "on_disappearing": {
        "id": "40"
      }
    },
    "4": {
      "id": "4",
      "name": "flying",
      "wait": 3,
      "next": {
        "id": "5"
      },
      "bdy": [
        {
          "kind": 0,
          "x": 18,
          "y": 19,
          "w": 56,
          "h": 51
        }
      ],
      "itr": [
        {
          "kind": 0,
          "x": 18,
          "y": 19,
          "w": 56,
          "h": 51,
          "fall": 20,
          "bdefend": 10,
          "injury": 40,
          "vrest": 18,
          "dvx": 5.5
        }
      ],
      "pic": 2,
      "state": 3000,
      "centerx": 38,
      "centery": 42,
      "hit_Fa": 14,
      "hp": 7,
      "on_dead": {
        "id": "4"
      },
      "speedz": 2,
      "on_hitting": {
        "id": "10"
      },
      "on_be_hit": {
        "id": "20"
      },
      "on_rebounding": {
        "id": "30"
      },
      "on_disappearing": {
        "id": "40"
      }
    },
    "5": {
      "id": "5",
      "name": "flying",
      "wait": 3,
      "next": {
        "id": "auto"
      },
      "bdy": [
        {
          "kind": 0,
          "x": 10,
          "y": 19,
          "w": 56,
          "h": 51
        }
      ],
      "itr": [
        {
          "kind": 0,
          "x": 10,
          "y": 19,
          "w": 56,
          "h": 51,
          "fall": 20,
          "bdefend": 10,
          "injury": 40,
          "vrest": 18,
          "dvx": 5.5
        }
      ],
      "pic": 1,
      "state": 3000,
      "centerx": 31,
      "centery": 41,
      "hit_Fa": 14,
      "hp": 7,
      "on_dead": {
        "id": "5"
      },
      "speedz": 2,
      "on_hitting": {
        "id": "10"
      },
      "on_be_hit": {
        "id": "20"
      },
      "on_rebounding": {
        "id": "30"
      },
      "on_disappearing": {
        "id": "40"
      }
    },
    "10": {
      "id": "10",
      "name": "hiting",
      "wait": 5,
      "next": {
        "id": "11"
      },
      "pic": 4,
      "state": 3001,
      "centerx": 34,
      "centery": 36
    },
    "11": {
      "id": "11",
      "name": "hiting",
      "wait": 5,
      "next": {
        "id": "12"
      },
      "pic": 5,
      "state": 3001,
      "centerx": 33,
      "centery": 36
    },
    "12": {
      "id": "12",
      "name": "hiting",
      "wait": 5,
      "next": {
        "id": "13"
      },
      "pic": 6,
      "state": 3001,
      "centerx": 35,
      "centery": 36
    },
    "13": {
      "id": "13",
      "name": "hiting",
      "wait": 3,
      "next": {
        "id": "gone"
      },
      "pic": 7,
      "state": 3001,
      "centerx": 28,
      "centery": 41
    },
    "20": {
      "id": "20",
      "name": "hit",
      "wait": 3,
      "next": {
        "id": "21"
      },
      "pic": 4,
      "state": 3002,
      "centerx": 38,
      "centery": 41
    },
    "21": {
      "id": "21",
      "name": "hit",
      "wait": 3,
      "next": {
        "id": "22"
      },
      "pic": 5,
      "state": 3002,
      "centerx": 33,
      "centery": 41
    },
    "22": {
      "id": "22",
      "name": "hit",
      "wait": 3,
      "next": {
        "id": "23"
      },
      "pic": 6,
      "state": 3002,
      "centerx": 39,
      "centery": 41
    },
    "23": {
      "id": "23",
      "name": "hit",
      "wait": 3,
      "next": {
        "id": "gone"
      },
      "pic": 7,
      "state": 3002,
      "centerx": 41,
      "centery": 41
    },
    "30": {
      "id": "30",
      "name": "rebounding",
      "wait": 3,
      "next": {
        "id": "31"
      },
      "pic": 4,
      "state": 3003,
      "centerx": 37,
      "centery": 41
    },
    "31": {
      "id": "31",
      "name": "rebounding",
      "wait": 3,
      "next": {
        "id": "32"
      },
      "pic": 5,
      "state": 3003,
      "centerx": 31,
      "centery": 41
    },
    "32": {
      "id": "32",
      "name": "rebounding",
      "wait": 3,
      "next": {
        "id": "33"
      },
      "pic": 6,
      "state": 3003,
      "centerx": 38,
      "centery": 41
    },
    "33": {
      "id": "33",
      "name": "rebounding",
      "wait": 3,
      "next": {
        "id": "gone"
      },
      "pic": 7,
      "state": 3003,
      "centerx": 37,
      "centery": 41
    },
    "40": {
      "id": "40",
      "name": "disappearing",
      "wait": 3,
      "next": {
        "id": "41"
      },
      "pic": 5,
      "state": 3004,
      "centerx": 37,
      "centery": 41
    },
    "41": {
      "id": "41",
      "name": "disappearing",
      "wait": 3,
      "next": {
        "id": "42"
      },
      "pic": 6,
      "state": 3004,
      "centerx": 37,
      "centery": 41
    },
    "42": {
      "id": "42",
      "name": "disappearing",
      "wait": 3,
      "next": {
        "id": "gone"
      },
      "pic": 7,
      "state": 3004,
      "centerx": 28,
      "centery": 41
    },
    "50": {
      "id": "50",
      "name": "flying",
      "wait": 3,
      "next": {
        "id": "51"
      },
      "bdy": [
        {
          "kind": 0,
          "x": 18,
          "y": 19,
          "w": 56,
          "h": 51
        }
      ],
      "itr": [
        {
          "kind": 0,
          "x": 18,
          "y": 19,
          "w": 56,
          "h": 51,
          "fall": 20,
          "bdefend": 10,
          "injury": 40,
          "vrest": 18,
          "dvx": 5.5
        }
      ],
      "pic": 8,
      "state": 3000,
      "centerx": 40,
      "centery": 41,
      "hit_Fa": 14,
      "hp": 7,
      "on_dead": {
        "id": "1"
      },
      "speedz": 2,
      "on_hitting": {
        "id": "10"
      },
      "on_be_hit": {
        "id": "20"
      },
      "on_rebounding": {
        "id": "30"
      },
      "on_disappearing": {
        "id": "40"
      }
    },
    "51": {
      "id": "51",
      "name": "flying",
      "wait": 3,
      "next": {
        "id": "52"
      },
      "bdy": [
        {
          "kind": 0,
          "x": 10,
          "y": 19,
          "w": 56,
          "h": 51
        }
      ],
      "itr": [
        {
          "kind": 0,
          "x": 10,
          "y": 19,
          "w": 56,
          "h": 51,
          "fall": 20,
          "bdefend": 10,
          "injury": 40,
          "vrest": 18,
          "dvx": 5.5
        }
      ],
      "pic": 9,
      "state": 3000,
      "centerx": 32,
      "centery": 42,
      "hit_Fa": 14,
      "hp": 7,
      "on_dead": {
        "id": "1"
      },
      "speedz": 2,
      "on_hitting": {
        "id": "10"
      },
      "on_be_hit": {
        "id": "20"
      },
      "on_rebounding": {
        "id": "30"
      },
      "on_disappearing": {
        "id": "40"
      }
    },
    "52": {
      "id": "52",
      "name": "flying",
      "wait": 3,
      "next": {
        "id": "53"
      },
      "bdy": [
        {
          "kind": 0,
          "x": 18,
          "y": 19,
          "w": 56,
          "h": 51
        }
      ],
      "itr": [
        {
          "kind": 0,
          "x": 18,
          "y": 19,
          "w": 56,
          "h": 51,
          "fall": 20,
          "bdefend": 10,
          "injury": 40,
          "vrest": 18,
          "dvx": 5.5
        }
      ],
      "pic": 10,
      "state": 3000,
      "centerx": 39,
      "centery": 42,
      "hit_Fa": 14,
      "hp": 7,
      "on_dead": {
        "id": "2"
      },
      "speedz": 2,
      "on_hitting": {
        "id": "10"
      },
      "on_be_hit": {
        "id": "20"
      },
      "on_rebounding": {
        "id": "30"
      },
      "on_disappearing": {
        "id": "40"
      }
    },
    "53": {
      "id": "53",
      "name": "flying",
      "wait": 3,
      "next": {
        "id": "54"
      },
      "bdy": [
        {
          "kind": 0,
          "x": 10,
          "y": 19,
          "w": 56,
          "h": 51
        }
      ],
      "itr": [
        {
          "kind": 0,
          "x": 10,
          "y": 19,
          "w": 56,
          "h": 51,
          "fall": 20,
          "bdefend": 10,
          "injury": 40,
          "vrest": 18,
          "dvx": 5.5
        }
      ],
      "pic": 11,
      "state": 3000,
      "centerx": 33,
      "centery": 41,
      "hit_Fa": 14,
      "hp": 7,
      "on_dead": {
        "id": "3"
      },
      "speedz": 2,
      "on_hitting": {
        "id": "10"
      },
      "on_be_hit": {
        "id": "20"
      },
      "on_rebounding": {
        "id": "30"
      },
      "on_disappearing": {
        "id": "40"
      }
    },
    "54": {
      "id": "54",
      "name": "flying",
      "wait": 3,
      "next": {
        "id": "55"
      },
      "bdy": [
        {
          "kind": 0,
          "x": 18,
          "y": 19,
          "w": 56,
          "h": 51
        }
      ],
      "itr": [
        {
          "kind": 0,
          "x": 18,
          "y": 19,
          "w": 56,
          "h": 51,
          "fall": 20,
          "bdefend": 10,
          "injury": 40,
          "vrest": 18,
          "dvx": 5.5
        }
      ],
      "pic": 10,
      "state": 3000,
      "centerx": 38,
      "centery": 42,
      "hit_Fa": 14,
      "hp": 7,
      "on_dead": {
        "id": "4"
      },
      "speedz": 2,
      "on_hitting": {
        "id": "10"
      },
      "on_be_hit": {
        "id": "20"
      },
      "on_rebounding": {
        "id": "30"
      },
      "on_disappearing": {
        "id": "40"
      }
    },
    "55": {
      "id": "55",
      "name": "flying",
      "wait": 3,
      "next": {
        "id": "50"
      },
      "bdy": [
        {
          "kind": 0,
          "x": 10,
          "y": 19,
          "w": 56,
          "h": 51
        }
      ],
      "itr": [
        {
          "kind": 0,
          "x": 10,
          "y": 19,
          "w": 56,
          "h": 51,
          "fall": 60,
          "bdefend": 16,
          "injury": 45,
          "vrest": 18,
          "dvx": 8.8
        }
      ],
      "pic": 9,
      "state": 3000,
      "centerx": 31,
      "centery": 41,
      "hit_Fa": 14,
      "hp": 7,
      "on_dead": {
        "id": "5"
      },
      "speedz": 2,
      "on_hitting": {
        "id": "10"
      },
      "on_be_hit": {
        "id": "20"
      },
      "on_rebounding": {
        "id": "30"
      },
      "on_disappearing": {
        "id": "40"
      }
    },
    "60": {
      "id": "60",
      "name": "disappearing2",
      "wait": 3,
      "next": {
        "id": "61"
      },
      "pic": 13,
      "state": 3004,
      "centerx": 37,
      "centery": 41,
      "sound": "data/020.wav.ogg"
    },
    "61": {
      "id": "61",
      "name": "disappearing2",
      "wait": 3,
      "next": {
        "id": "62"
      },
      "pic": 14,
      "state": 3004,
      "centerx": 37,
      "centery": 41
    },
    "62": {
      "id": "62",
      "name": "disappearing2",
      "wait": 3,
      "next": {
        "id": "gone"
      },
      "pic": 15,
      "state": 3004,
      "centerx": 28,
      "centery": 41
    },
    "100": {
      "id": "100",
      "name": "start",
      "wait": 3,
      "next": {
        "id": "101"
      },
      "pic": 7,
      "state": 3005,
      "centerx": 40,
      "centery": 82,
      "speedz": 0
    },
    "101": {
      "id": "101",
      "name": "start",
      "wait": 3,
      "next": {
        "id": "102"
      },
      "pic": 7,
      "state": 3005,
      "centerx": 0,
      "centery": 0,
      "hit_Fa": 13,
      "speedz": 0
    },
    "102": {
      "id": "102",
      "name": "start",
      "wait": 3,
      "next": {
        "id": "gone"
      },
      "pic": 7,
      "state": 3005,
      "centerx": 40,
      "centery": 82,
      "speedz": 0
    }
  }
}