{
  "id": "229",
  "type": "ball",
  "base": {
    "files": {
      "0": {
        "id": 0,
        "path": "sprite/sys/julian_ball2.bmp",
        "begin": 0,
        "end": 7,
        "w": 109,
        "h": 99,
        "row": 4,
        "col": 2
      },
      "1": {
        "id": 1,
        "path": "sprite/sys/julian_col.bmp",
        "begin": 8,
        "end": 11,
        "w": 199,
        "h": 404,
        "row": 4,
        "col": 1
      },
      "2": {
        "id": 2,
        "path": "sprite/sys/julian_col2.bmp",
        "begin": 12,
        "end": 15,
        "w": 159,
        "h": 404,
        "row": 4,
        "col": 1
      },
      "3": {
        "id": 3,
        "path": "sprite/sys/julian_exp.bmp",
        "begin": 16,
        "end": 30,
        "w": 159,
        "h": 159,
        "row": 5,
        "col": 3
      }
    },
    "hp": 500,
    "weapon_broken_sound": "data/020.wav.ogg",
    "weapon_drop_sound": "data/020.wav.ogg",
    "weapon_hit_sound": "data/020.wav.ogg"
  },
  "frames": {
    "0": {
      "id": "0",
      "name": "flying",
      "wait": 3,
      "next": {
        "id": "1"
      },
      "bdy": [
        {
          "kind": 0,
          "x": -16,
          "y": 8,
          "w": 122,
          "h": 85
        }
      ],
      "itr": [
        {
          "kind": 0,
          "x": -16,
          "y": 8,
          "w": 122,
          "h": 85,
          "fall": 70,
          "bdefend": 100,
          "injury": 75,
          "vrest": 28,
          "dvx": 16.5
        }
      ],
      "pic": 0,
      "state": 3006,
      "centerx": 50,
      "centery": 49,
      "dvx": 9,
      "hp": 3,
      "on_dead": {
        "id": "2"
      },
      "speedz": 2
    },
    "1": {
      "id": "1",
      "name": "flying",
      "wait": 3,
      "next": {
        "id": "auto"
      },
      "bdy": [
        {
          "kind": 0,
          "x": -16,
          "y": 8,
          "w": 122,
          "h": 85
        }
      ],
      "itr": [
        {
          "kind": 0,
          "x": -16,
          "y": 8,
          "w": 122,
          "h": 85,
          "fall": 70,
          "bdefend": 100,
          "injury": 75,
          "vrest": 28,
          "dvx": 16.5
        }
      ],
      "pic": 1,
      "state": 3006,
      "centerx": 50,
      "centery": 49,
      "dvx": 9,
      "hp": 3,
      "on_dead": {
        "id": "3"
      },
      "speedz": 2
    },
    "2": {
      "id": "2",
      "name": "flying",
      "wait": 3,
      "next": {
        "id": "3"
      },
      "bdy": [
        {
          "kind": 0,
          "x": -16,
          "y": 8,
          "w": 122,
          "h": 85
        }
      ],
      "itr": [
        {
          "kind": 0,
          "x": -16,
          "y": 8,
          "w": 122,
          "h": 85,
          "fall": 70,
          "bdefend": 100,
          "injury": 75,
          "vrest": 28,
          "dvx": 16.5
        }
      ],
      "pic": 0,
      "state": 3000,
      "centerx": 50,
      "centery": 49,
      "dvx": 9,
      "hp": 12.5,
      "on_dead": {
        "id": "2"
      },
      "speedz": 2,
      "on_hitting": {
        "id": "10"
      },
      "on_be_hit": {
        "id": "20"
      },
      "on_rebounding": {
        "id": "30"
      },
      "on_disappearing": {
        "id": "40"
      }
    },
    "3": {
      "id": "3",
      "name": "flying",
      "wait": 3,
      "next": {
        "id": "2"
      },
      "bdy": [
        {
          "kind": 0,
          "x": -16,
          "y": 8,
          "w": 122,
          "h": 85
        }
      ],
      "itr": [
        {
          "kind": 0,
          "x": -16,
          "y": 8,
          "w": 122,
          "h": 85,
          "fall": 70,
          "bdefend": 100,
          "injury": 75,
          "vrest": 28,
          "dvx": 16.5
        }
      ],
      "pic": 1,
      "state": 3000,
      "centerx": 50,
      "centery": 49,
      "dvx": 9,
      "hp": 12.5,
      "on_dead": {
        "id": "3"
      },
      "speedz": 2,
      "on_hitting": {
        "id": "10"
      },
      "on_be_hit": {
        "id": "20"
      },
      "on_rebounding": {
        "id": "30"
      },
      "on_disappearing": {
        "id": "40"
      }
    },
    "10": {
      "id": "10",
      "name": "explosion",
      "wait": 3,
      "next": {
        "id": "111"
      },
      "itr": [
        {
          "kind": 0,
          "x": 23,
          "y": 36,
          "w": 112,
          "h": 110,
          "fall": 70,
          "bdefend": 16,
          "injury": 75,
          "zwidth": 37,
          "effect": 23,
          "vrest": 598,
          "dvx": -6.6000000000000005,
          "dvy": 9.9,
          "friendly_fire": 1
        }
      ],
      "pic": 16,
      "state": 18,
      "centerx": 78,
      "centery": 103,
      "sound": "data/089.wav.ogg"
    },
    "11": {
      "id": "11",
      "name": "hiting",
      "wait": 3,
      "next": {
        "id": "12"
      },
      "pic": 5,
      "state": 3001,
      "centerx": 50,
      "centery": 49
    },
    "12": {
      "id": "12",
      "name": "hiting",
      "wait": 3,
      "next": {
        "id": "13"
      },
      "pic": 6,
      "state": 3001,
      "centerx": 50,
      "centery": 49
    },
    "13": {
      "id": "13",
      "name": "hiting",
      "wait": 3,
      "next": {
        "id": "gone"
      },
      "pic": 7,
      "state": 3001,
      "centerx": 50,
      "centery": 49
    },
    "20": {
      "id": "20",
      "name": "explosion",
      "wait": 3,
      "next": {
        "id": "111"
      },
      "itr": [
        {
          "kind": 0,
          "x": 23,
          "y": 36,
          "w": 112,
          "h": 110,
          "fall": 70,
          "bdefend": 16,
          "injury": 75,
          "zwidth": 37,
          "effect": 23,
          "vrest": 598,
          "dvx": -6.6000000000000005,
          "dvy": 9.9,
          "friendly_fire": 1
        }
      ],
      "pic": 16,
      "state": 18,
      "centerx": 78,
      "centery": 103,
      "sound": "data/089.wav.ogg"
    },
    "21": {
      "id": "21",
      "name": "hit",
      "wait": 3,
      "next": {
        "id": "22"
      },
      "pic": 5,
      "state": 3002,
      "centerx": 50,
      "centery": 49
    },
    "22": {
      "id": "22",
      "name": "hit",
      "wait": 3,
      "next": {
        "id": "23"
      },
      "pic": 6,
      "state": 3002,
      "centerx": 50,
      "centery": 49
    },
    "23": {
      "id": "23",
      "name": "hit",
      "wait": 3,
      "next": {
        "id": "gone"
      },
      "pic": 7,
      "state": 3002,
      "centerx": 50,
      "centery": 49
    },
    "30": {
      "id": "30",
      "name": "explosion",
      "wait": 3,
      "next": {
        "id": "111"
      },
      "itr": [
        {
          "kind": 0,
          "x": 23,
          "y": 36,
          "w": 112,
          "h": 110,
          "fall": 70,
          "bdefend": 16,
          "injury": 75,
          "zwidth": 37,
          "effect": 23,
          "vrest": 598,
          "dvx": -6.6000000000000005,
          "dvy": 9.9,
          "friendly_fire": 1
        }
      ],
      "pic": 16,
      "state": 18,
      "centerx": 78,
      "centery": 103,
      "sound": "data/089.wav.ogg"
    },
    "31": {
      "id": "31",
      "name": "rebounding",
      "wait": 3,
      "next": {
        "id": "32"
      },
      "pic": 5,
      "state": 3003,
      "centerx": 50,
      "centery": 49
    },
    "32": {
      "id": "32",
      "name": "rebounding",
      "wait": 3,
      "next": {
        "id": "33"
      },
      "pic": 6,
      "state": 3003,
      "centerx": 50,
      "centery": 49
    },
    "33": {
      "id": "33",
      "name": "rebounding",
      "wait": 3,
      "next": {
        "id": "gone"
      },
      "pic": 7,
      "state": 3003,
      "centerx": 50,
      "centery": 49
    },
    "40": {
      "id": "40",
      "name": "col",
      "wait": 7,
      "next": {
        "id": "41"
      },
      "itr": [
        {
          "kind": 0,
          "x": 10,
          "y": 0,
          "w": 180,
          "h": 405,
          "fall": 70,
          "bdefend": 100,
          "injury": 135,
          "zwidth": 37,
          "effect": 23,
          "vrest": 58,
          "dvx": -5.5,
          "dvy": 19.25
        }
      ],
      "pic": 8,
      "state": 15,
      "centerx": 100,
      "centery": 390,
      "sound": "data/089.wav.ogg"
    },
    "41": {
      "id": "41",
      "name": "col",
      "wait": 3,
      "next": {
        "id": "42"
      },
      "itr": [
        {
          "kind": 0,
          "x": 10,
          "y": 0,
          "w": 180,
          "h": 405,
          "fall": 70,
          "bdefend": 100,
          "injury": 135,
          "zwidth": 37,
          "effect": 23,
          "vrest": 58,
          "dvx": -5.5,
          "dvy": 19.25
        }
      ],
      "pic": 9,
      "state": 15,
      "centerx": 100,
      "centery": 390,
      "sound": "data/071.wav.ogg"
    },
    "42": {
      "id": "42",
      "name": "col",
      "wait": 1,
      "next": {
        "id": "43"
      },
      "itr": [
        {
          "kind": 0,
          "x": 10,
          "y": 0,
          "w": 180,
          "h": 405,
          "fall": 70,
          "bdefend": 100,
          "injury": 135,
          "zwidth": 37,
          "effect": 23,
          "vrest": 58,
          "dvx": -5.5,
          "dvy": 19.25
        }
      ],
      "pic": 10,
      "state": 15,
      "centerx": 100,
      "centery": 390
    },
    "43": {
      "id": "43",
      "name": "col",
      "wait": 3,
      "next": {
        "id": "44"
      },
      "itr": [
        {
          "kind": 0,
          "x": 10,
          "y": 0,
          "w": 180,
          "h": 405,
          "fall": 70,
          "bdefend": 100,
          "injury": 135,
          "zwidth": 37,
          "effect": 23,
          "vrest": 58,
          "dvx": -5.5,
          "dvy": 19.25
        }
      ],
      "pic": 9,
      "state": 15,
      "centerx": 100,
      "centery": 390
    },
    "44": {
      "id": "44",
      "name": "col",
      "wait": 1,
      "next": {
        "id": "45"
      },
      "itr": [
        {
          "kind": 0,
          "x": 10,
          "y": 0,
          "w": 180,
          "h": 405,
          "fall": 70,
          "bdefend": 100,
          "injury": 135,
          "zwidth": 37,
          "effect": 23,
          "vrest": 58,
          "dvx": -5.5,
          "dvy": 19.25
        }
      ],
      "pic": 10,
      "state": 15,
      "centerx": 100,
      "centery": 390
    },
    "45": {
      "id": "45",
      "name": "col",
      "wait": 1,
      "next": {
        "id": "46"
      },
      "itr": [
        {
          "kind": 0,
          "x": 10,
          "y": 0,
          "w": 180,
          "h": 405,
          "fall": 70,
          "bdefend": 100,
          "injury": 135,
          "zwidth": 37,
          "effect": 23,
          "vrest": 58,
          "dvx": -5.5,
          "dvy": 19.25
        }
      ],
      "pic": 11,
      "state": 15,
      "centerx": 100,
      "centery": 390
    },
    "46": {
      "id": "46",
      "name": "col",
      "wait": 3,
      "next": {
        "id": "47"
      },
      "itr": [
        {
          "kind": 0,
          "x": 10,
          "y": 0,
          "w": 180,
          "h": 405,
          "fall": 70,
          "bdefend": 100,
          "injury": 135,
          "zwidth": 37,
          "effect": 23,
          "vrest": 58,
          "dvx": -5.5,
          "dvy": 19.25
        }
      ],
      "pic": 10,
      "state": 15,
      "centerx": 100,
      "centery": 390
    },
    "47": {
      "id": "47",
      "name": "col",
      "wait": 1,
      "next": {
        "id": "48"
      },
      "itr": [
        {
          "kind": 0,
          "x": 10,
          "y": 0,
          "w": 180,
          "h": 405,
          "fall": 70,
          "bdefend": 100,
          "injury": 135,
          "zwidth": 37,
          "effect": 23,
          "vrest": 58,
          "dvx": -5.5,
          "dvy": 19.25
        }
      ],
      "pic": 11,
      "state": 15,
      "centerx": 100,
      "centery": 390
    },
    "48": {
      "id": "48",
      "name": "col",
      "wait": 3,
      "next": {
        "id": "49"
      },
      "pic": 12,
      "state": 15,
      "centerx": 80,
      "centery": 390
    },
    "49": {
      "id": "49",
      "name": "col",
      "wait": 1,
      "next": {
        "id": "50"
      },
      "pic": 13,
      "state": 15,
      "centerx": 80,
      "centery": 390
    },
    "50": {
      "id": "50",
      "name": "col",
      "wait": 1,
      "next": {
        "id": "51"
      },
      "pic": 14,
      "state": 15,
      "centerx": 80,
      "centery": 390
    },
    "51": {
      "id": "51",
      "name": "col",
      "wait": 1,
      "next": {
        "id": "gone"
      },
      "pic": 15,
      "state": 15,
      "centerx": 80,
      "centery": 390
    },
    "110": {
      "id": "110",
      "name": "explosion",
      "wait": 3,
      "next": {
        "id": "111"
      },
      "itr": [
        {
          "kind": 0,
          "x": 23,
          "y": 36,
          "w": 112,
          "h": 110,
          "fall": 70,
          "bdefend": 16,
          "injury": 75,
          "zwidth": 37,
          "effect": 23,
          "vrest": 598,
          "dvx": -6.6000000000000005,
          "dvy": 9.9,
          "friendly_fire": 1
        }
      ],
      "pic": 16,
      "state": 18,
      "centerx": 78,
      "centery": 103,
      "sound": "data/089.wav.ogg"
    },
    "111": {
      "id": "111",
      "name": "explosion",
      "wait": 3,
      "next": {
        "id": "112"
      },
      "itr": [
        {
          "kind": 0,
          "x": 20,
          "y": 16,
          "w": 122,
          "h": 135,
          "fall": 70,
          "bdefend": 16,
          "injury": 75,
          "zwidth": 37,
          "effect": 23,
          "vrest": 598,
          "dvx": -6.6000000000000005,
          "dvy": 9.9,
          "friendly_fire": 1
        }
      ],
      "pic": 17,
      "state": 18,
      "centerx": 78,
      "centery": 103,
      "sound": "data/071.wav.ogg"
    },
    "112": {
      "id": "112",
      "name": "explosion",
      "wait": 3,
      "next": {
        "id": "113"
      },
      "itr": [
        {
          "kind": 0,
          "x": 19,
          "y": 18,
          "w": 127,
          "h": 131,
          "fall": 70,
          "bdefend": 16,
          "injury": 75,
          "zwidth": 37,
          "effect": 23,
          "vrest": 598,
          "dvx": -6.6000000000000005,
          "dvy": 9.9,
          "friendly_fire": 1
        }
      ],
      "pic": 18,
      "state": 18,
      "centerx": 78,
      "centery": 103
    },
    "113": {
      "id": "113",
      "name": "explosion",
      "wait": 3,
      "next": {
        "id": "114"
      },
      "itr": [
        {
          "kind": 0,
          "x": 7,
          "y": 16,
          "w": 146,
          "h": 132,
          "fall": 70,
          "bdefend": 16,
          "injury": 75,
          "zwidth": 37,
          "effect": 23,
          "vrest": 598,
          "dvx": -6.6000000000000005,
          "dvy": 9.9,
          "friendly_fire": 1
        }
      ],
      "pic": 19,
      "state": 18,
      "centerx": 78,
      "centery": 103
    },
    "114": {
      "id": "114",
      "name": "explosion",
      "wait": 3,
      "next": {
        "id": "115"
      },
      "itr": [
        {
          "kind": 0,
          "x": 13,
          "y": 13,
          "w": 137,
          "h": 132,
          "fall": 70,
          "bdefend": 16,
          "injury": 75,
          "zwidth": 37,
          "effect": 23,
          "vrest": 598,
          "dvx": -6.6000000000000005,
          "dvy": 9.9,
          "friendly_fire": 1
        }
      ],
      "pic": 20,
      "state": 18,
      "centerx": 78,
      "centery": 105
    },
    "115": {
      "id": "115",
      "name": "explosion",
      "wait": 3,
      "next": {
        "id": "116"
      },
      "itr": [
        {
          "kind": 0,
          "x": 7,
          "y": 14,
          "w": 145,
          "h": 117,
          "fall": 70,
          "bdefend": 16,
          "injury": 75,
          "zwidth": 37,
          "effect": 23,
          "vrest": 598,
          "dvx": -6.6000000000000005,
          "dvy": 9.9,
          "friendly_fire": 1
        }
      ],
      "pic": 21,
      "state": 18,
      "centerx": 78,
      "centery": 110
    },
    "116": {
      "id": "116",
      "name": "explosion",
      "wait": 3,
      "next": {
        "id": "117"
      },
      "itr": [
        {
          "kind": 0,
          "x": 15,
          "y": 6,
          "w": 128,
          "h": 123,
          "fall": 70,
          "bdefend": 16,
          "injury": 75,
          "zwidth": 37,
          "effect": 23,
          "vrest": 598,
          "dvx": -6.6000000000000005,
          "dvy": 9.9,
          "friendly_fire": 1
        }
      ],
      "pic": 22,
      "state": 18,
      "centerx": 78,
      "centery": 112
    },
    "117": {
      "id": "117",
      "name": "explosion",
      "wait": 3,
      "next": {
        "id": "118"
      },
      "itr": [
        {
          "kind": 0,
          "x": 15,
          "y": 6,
          "w": 128,
          "h": 123,
          "fall": 70,
          "bdefend": 16,
          "injury": 75,
          "zwidth": 37,
          "effect": 23,
          "vrest": 598,
          "dvx": -6.6000000000000005,
          "dvy": 9.9,
          "friendly_fire": 1
        }
      ],
      "pic": 23,
      "state": 18,
      "centerx": 78,
      "centery": 119
    },
    "118": {
      "id": "118",
      "name": "explosion",
      "wait": 3,
      "next": {
        "id": "119"
      },
      "pic": 24,
      "state": 18,
      "centerx": 78,
      "centery": 126
    },
    "119": {
      "id": "119",
      "name": "explosion",
      "wait": 3,
      "next": {
        "id": "120"
      },
      "pic": 25,
      "state": 18,
      "centerx": 78,
      "centery": 132
    },
    "120": {
      "id": "120",
      "name": "explosion",
      "wait": 3,
      "next": {
        "id": "gone"
      },
      "pic": 26,
      "state": 18,
      "centerx": 76,
      "centery": 127
    }
  }
}