{
  "id": "226",
  "type": "ball",
  "base": {
    "files": {
      "0": {
        "id": 0,
        "path": "sprite/sys/justin_ball.bmp",
        "begin": 0,
        "end": 7,
        "w": 81,
        "h": 82,
        "row": 4,
        "col": 2
      }
    },
    "hp": 500,
    "weapon_broken_sound": "data/020.wav.ogg",
    "weapon_drop_sound": "data/020.wav.ogg",
    "weapon_hit_sound": "data/020.wav.ogg"
  },
  "frames": {
    "0": {
      "id": "0",
      "name": "flying",
      "wait": 3,
      "next": {
        "id": "1"
      },
      "bdy": [
        {
          "kind": 0,
          "x": 22,
          "y": 27,
          "w": 55,
          "h": 27
        }
      ],
      "itr": [
        {
          "kind": 0,
          "x": 22,
          "y": 27,
          "w": 55,
          "h": 27,
          "fall": 70,
          "bdefend": 16,
          "injury": 40,
          "vrest": 18,
          "dvx": 8.8
        }
      ],
      "pic": 0,
      "state": 3000,
      "centerx": 40,
      "centery": 41,
      "dvx": 7.5,
      "hp": 25,
      "on_dead": {
        "id": "40"
      },
      "speedz": 2,
      "on_hitting": {
        "id": "10"
      },
      "on_be_hit": {
        "id": "20"
      },
      "on_rebounding": {
        "id": "30"
      },
      "on_disappearing": {
        "id": "40"
      }
    },
    "1": {
      "id": "1",
      "name": "flying",
      "wait": 3,
      "next": {
        "id": "auto"
      },
      "bdy": [
        {
          "kind": 0,
          "x": 22,
          "y": 27,
          "w": 55,
          "h": 27
        }
      ],
      "itr": [
        {
          "kind": 0,
          "x": 22,
          "y": 27,
          "w": 55,
          "h": 27,
          "fall": 70,
          "bdefend": 16,
          "injury": 40,
          "vrest": 18,
          "dvx": 8.8
        }
      ],
      "pic": 1,
      "state": 3000,
      "centerx": 35,
      "centery": 41,
      "dvx": 7.5,
      "hp": 25,
      "on_dead": {
        "id": "40"
      },
      "speedz": 2,
      "on_hitting": {
        "id": "10"
      },
      "on_be_hit": {
        "id": "20"
      },
      "on_rebounding": {
        "id": "30"
      },
      "on_disappearing": {
        "id": "40"
      }
    },
    "10": {
      "id": "10",
      "name": "hiting",
      "wait": 3,
      "next": {
        "id": "11"
      },
      "pic": 4,
      "state": 3001,
      "centerx": 39,
      "centery": 41
    },
    "11": {
      "id": "11",
      "name": "hiting",
      "wait": 3,
      "next": {
        "id": "12"
      },
      "pic": 5,
      "state": 3001,
      "centerx": 37,
      "centery": 41
    },
    "12": {
      "id": "12",
      "name": "hiting",
      "wait": 3,
      "next": {
        "id": "13"
      },
      "pic": 6,
      "state": 3001,
      "centerx": 37,
      "centery": 41
    },
    "13": {
      "id": "13",
      "name": "hiting",
      "wait": 3,
      "next": {
        "id": "gone"
      },
      "pic": 7,
      "state": 3001,
      "centerx": 28,
      "centery": 41
    },
    "20": {
      "id": "20",
      "name": "hit",
      "wait": 3,
      "next": {
        "id": "21"
      },
      "pic": 4,
      "state": 3002,
      "centerx": 38,
      "centery": 41
    },
    "21": {
      "id": "21",
      "name": "hit",
      "wait": 3,
      "next": {
        "id": "22"
      },
      "pic": 5,
      "state": 3002,
      "centerx": 33,
      "centery": 41
    },
    "22": {
      "id": "22",
      "name": "hit",
      "wait": 3,
      "next": {
        "id": "23"
      },
      "pic": 6,
      "state": 3002,
      "centerx": 39,
      "centery": 41
    },
    "23": {
      "id": "23",
      "name": "hit",
      "wait": 3,
      "next": {
        "id": "gone"
      },
      "pic": 7,
      "state": 3002,
      "centerx": 41,
      "centery": 41
    },
    "30": {
      "id": "30",
      "name": "rebounding",
      "wait": 3,
      "next": {
        "id": "31"
      },
      "pic": 4,
      "state": 3003,
      "centerx": 37,
      "centery": 41
    },
    "31": {
      "id": "31",
      "name": "rebounding",
      "wait": 3,
      "next": {
        "id": "32"
      },
      "pic": 5,
      "state": 3003,
      "centerx": 31,
      "centery": 41
    },
    "32": {
      "id": "32",
      "name": "rebounding",
      "wait": 3,
      "next": {
        "id": "33"
      },
      "pic": 6,
      "state": 3003,
      "centerx": 38,
      "centery": 41
    },
    "33": {
      "id": "33",
      "name": "rebounding",
      "wait": 3,
      "next": {
        "id": "gone"
      },
      "pic": 7,
      "state": 3003,
      "centerx": 37,
      "centery": 41
    },
    "40": {
      "id": "40",
      "name": "disappearing",
      "wait": 3,
      "next": {
        "id": "41"
      },
      "pic": 5,
      "state": 3004,
      "centerx": 37,
      "centery": 41
    },
    "41": {
      "id": "41",
      "name": "disappearing",
      "wait": 3,
      "next": {
        "id": "42"
      },
      "pic": 6,
      "state": 3004,
      "centerx": 37,
      "centery": 41
    },
    "42": {
      "id": "42",
      "name": "disappearing",
      "wait": 3,
      "next": {
        "id": "gone"
      },
      "pic": 7,
      "state": 3004,
      "centerx": 28,
      "centery": 41
    }
  }
}