{
  "id": "spark",
  "type": "frame_animater",
  "base": {
    "files": {
      "0": {
        "id": 0,
        "path": "sprite/SPARK.png",
        "begin": 0,
        "end": 0,
        "w": 0,
        "h": 0,
        "row": 0,
        "col": 0
      }
    }
  },
  "frames": {
    "broken_defend": {
      "id": "broken_defend",
      "name": "broken_defend",
      "sound": "data/002.wav.ogg",
      "pic": {
        "tex": 0,
        "x": 1,
        "y": 1,
        "w": 100,
        "h": 73
      },
      "state": 9997,
      "wait": 2,
      "next": {
        "id": 1
      },
      "centerx": 50,
      "centery": 36
    },
    "critical_hit": {
      "id": "critical_hit",
      "name": "critical_hit",
      "sound": "data/006.wav.ogg",
      "pic": {
        "tex": 0,
        "x": 1,
        "y": 1,
        "w": 100,
        "h": 73
      },
      "state": 9997,
      "wait": 2,
      "next": {
        "id": 1
      },
      "centerx": 50,
      "centery": 36
    },
    "slient_critical_hit": {
      "id": "slient_critical_hit",
      "name": "critical_hit",
      "pic": {
        "tex": 0,
        "x": 1,
        "y": 1,
        "w": 100,
        "h": 73
      },
      "state": 9997,
      "wait": 2,
      "next": {
        "id": 1
      },
      "centerx": 50,
      "centery": 36
    },
    "1": {
      "id": "1",
      "name": "critical_hit",
      "pic": {
        "tex": 0,
        "x": 103,
        "y": 1,
        "w": 100,
        "h": 73
      },
      "state": 9997,
      "wait": 2,
      "next": {
        "id": 2
      },
      "centerx": 50,
      "centery": 36
    },
    "2": {
      "id": "2",
      "name": "critical_hit",
      "pic": {
        "tex": 0,
        "x": 205,
        "y": 1,
        "w": 100,
        "h": 73
      },
      "state": 9997,
      "wait": 2,
      "next": {
        "id": 3
      },
      "centerx": 50,
      "centery": 36
    },
    "3": {
      "id": "3",
      "name": "critical_hit",
      "pic": {
        "tex": 0,
        "x": 307,
        "y": 1,
        "w": 100,
        "h": 73
      },
      "state": 9997,
      "wait": 2,
      "next": {
        "id": 4
      },
      "centerx": 50,
      "centery": 36
    },
    "4": {
      "id": "4",
      "name": "critical_hit",
      "pic": {
        "tex": 0,
        "x": 409,
        "y": 1,
        "w": 100,
        "h": 73
      },
      "state": 9997,
      "wait": 2,
      "next": {
        "id": 5
      },
      "centerx": 50,
      "centery": 36
    },
    "5": {
      "id": "5",
      "name": "critical_hit",
      "pic": {
        "tex": 0,
        "x": 0,
        "y": 0,
        "w": 0,
        "h": 0
      },
      "state": 9997,
      "wait": 2,
      "next": {
        "id": "gone"
      },
      "centerx": 50,
      "centery": 36
    },
    "defend_hit": {
      "id": "defend_hit",
      "name": "defend_hit",
      "sound": "data/002.wav.ogg",
      "pic": {
        "tex": 0,
        "x": 1,
        "y": 76,
        "w": 59,
        "h": 51
      },
      "state": 9997,
      "wait": 2,
      "next": {
        "id": 11
      },
      "centerx": 30,
      "centery": 25
    },
    "hit": {
      "id": "hit",
      "name": "hit",
      "sound": "data/001.wav.ogg",
      "pic": {
        "tex": 0,
        "x": 1,
        "y": 76,
        "w": 59,
        "h": 51
      },
      "state": 9997,
      "wait": 2,
      "next": {
        "id": 11
      },
      "centerx": 30,
      "centery": 25
    },
    "slient_hit": {
      "id": "slient_hit",
      "name": "slient_hit",
      "pic": {
        "tex": 0,
        "x": 1,
        "y": 76,
        "w": 59,
        "h": 51
      },
      "state": 9997,
      "wait": 2,
      "next": {
        "id": 11
      },
      "centerx": 30,
      "centery": 25
    },
    "11": {
      "id": "11",
      "name": "hit",
      "pic": {
        "tex": 0,
        "x": 62,
        "y": 76,
        "w": 59,
        "h": 51
      },
      "state": 9997,
      "wait": 2,
      "next": {
        "id": 12
      },
      "centerx": 30,
      "centery": 25
    },
    "12": {
      "id": "12",
      "name": "hit",
      "pic": {
        "tex": 0,
        "x": 123,
        "y": 76,
        "w": 59,
        "h": 51
      },
      "state": 9997,
      "wait": 2,
      "next": {
        "id": 13
      },
      "centerx": 30,
      "centery": 25
    },
    "13": {
      "id": "13",
      "name": "hit",
      "pic": {
        "tex": 0,
        "x": 184,
        "y": 76,
        "w": 59,
        "h": 51
      },
      "state": 9997,
      "wait": 2,
      "next": {
        "id": 14
      },
      "centerx": 30,
      "centery": 25
    },
    "14": {
      "id": "14",
      "name": "hit",
      "pic": {
        "tex": 0,
        "x": 245,
        "y": 76,
        "w": 59,
        "h": 51
      },
      "state": 9997,
      "wait": 2,
      "next": {
        "id": 15
      },
      "centerx": 30,
      "centery": 25
    },
    "15": {
      "id": "15",
      "name": "hit",
      "pic": {
        "tex": 0,
        "x": 0,
        "y": 0,
        "w": 0,
        "h": 0
      },
      "state": 9997,
      "wait": 2,
      "next": {
        "id": "gone"
      },
      "centerx": 30,
      "centery": 25
    },
    "bleed": {
      "id": "bleed",
      "name": "bleed",
      "sound": "data/032.wav.ogg",
      "pic": {
        "tex": 0,
        "x": 1,
        "y": 207,
        "w": 59,
        "h": 48
      },
      "state": 9997,
      "wait": 2,
      "next": {
        "id": 21
      },
      "centerx": 30,
      "centery": 24
    },
    "21": {
      "id": "21",
      "name": "bleed",
      "pic": {
        "tex": 0,
        "x": 62,
        "y": 207,
        "w": 59,
        "h": 48
      },
      "state": 9997,
      "wait": 2,
      "next": {
        "id": 22
      },
      "centerx": 30,
      "centery": 24
    },
    "22": {
      "id": "22",
      "name": "bleed",
      "pic": {
        "tex": 0,
        "x": 123,
        "y": 207,
        "w": 59,
        "h": 48
      },
      "state": 9997,
      "wait": 2,
      "next": {
        "id": 23
      },
      "centerx": 30,
      "centery": 24
    },
    "23": {
      "id": "23",
      "name": "bleed",
      "pic": {
        "tex": 0,
        "x": 184,
        "y": 207,
        "w": 59,
        "h": 48
      },
      "state": 9997,
      "wait": 2,
      "next": {
        "id": 24
      },
      "centerx": 30,
      "centery": 24
    },
    "24": {
      "id": "24",
      "name": "bleed",
      "pic": {
        "tex": 0,
        "x": 245,
        "y": 207,
        "w": 59,
        "h": 48
      },
      "state": 9997,
      "wait": 2,
      "next": {
        "id": 25
      },
      "centerx": 30,
      "centery": 24
    },
    "25": {
      "id": "25",
      "name": "bleed",
      "pic": {
        "tex": 0,
        "x": 0,
        "y": 0,
        "w": 0,
        "h": 0
      },
      "state": 9997,
      "wait": 2,
      "next": {
        "id": "gone"
      },
      "centerx": 30,
      "centery": 24
    },
    "critical_bleed": {
      "id": "critical_bleed",
      "name": "critical_bleed",
      "sound": "data/033.wav.ogg",
      "pic": {
        "tex": 0,
        "x": 1,
        "y": 131,
        "w": 100,
        "h": 73
      },
      "state": 9997,
      "wait": 2,
      "next": {
        "id": 31
      },
      "centerx": 50,
      "centery": 37
    },
    "31": {
      "id": "31",
      "name": "critical_bleed",
      "pic": {
        "tex": 0,
        "x": 103,
        "y": 131,
        "w": 100,
        "h": 73
      },
      "state": 9997,
      "wait": 2,
      "next": {
        "id": 32
      },
      "centerx": 50,
      "centery": 37
    },
    "32": {
      "id": "32",
      "name": "critical_bleed",
      "pic": {
        "tex": 0,
        "x": 205,
        "y": 131,
        "w": 100,
        "h": 73
      },
      "state": 9997,
      "wait": 2,
      "next": {
        "id": 33
      },
      "centerx": 50,
      "centery": 37
    },
    "33": {
      "id": "33",
      "name": "critical_bleed",
      "pic": {
        "tex": 0,
        "x": 307,
        "y": 131,
        "w": 100,
        "h": 73
      },
      "state": 9997,
      "wait": 2,
      "next": {
        "id": 34
      },
      "centerx": 50,
      "centery": 37
    },
    "34": {
      "id": "34",
      "name": "critical_bleed",
      "pic": {
        "tex": 0,
        "x": 409,
        "y": 131,
        "w": 100,
        "h": 73
      },
      "state": 9997,
      "wait": 2,
      "next": {
        "id": 35
      },
      "centerx": 50,
      "centery": 37
    },
    "35": {
      "id": "35",
      "name": "critical_bleed",
      "pic": {
        "tex": 0,
        "x": 0,
        "y": 0,
        "w": 0,
        "h": 0
      },
      "state": 9997,
      "wait": 2,
      "next": {
        "id": "gone"
      },
      "centerx": 50,
      "centery": 37
    }
  }
}