{
  "id": "120",
  "type": "weapon",
  "base": {
    "files": {
      "0": {
        "id": 0,
        "path": "sprite/sys/weapon4.bmp",
        "begin": 0,
        "end": 99,
        "w": 48,
        "h": 48,
        "row": 10,
        "col": 10
      }
    },
    "weapon_hp": 200,
    "weapon_drop_hurt": 35,
    "type": 1,
    "bounce": 0.2,
    "name": "knife",
    "weapon_broken_sound": "data/027.wav.ogg",
    "weapon_drop_sound": "data/034.wav.ogg",
    "weapon_hit_sound": "data/027.wav.ogg"
  },
  "weapon_strength": {
    "1": {
      "id": "1",
      "name": "normal",
      "fall": 40,
      "bdefend": 16,
      "injury": 45,
      "effect": 1,
      "vrest": 18,
      "dvx": 1.1
    },
    "2": {
      "id": "2",
      "name": "jump",
      "fall": 70,
      "bdefend": 16,
      "injury": 45,
      "effect": 1,
      "vrest": 18,
      "dvx": 3.8500000000000005
    },
    "3": {
      "id": "3",
      "name": "run",
      "fall": 70,
      "bdefend": 16,
      "injury": 55,
      "effect": 1,
      "vrest": 18,
      "dvx": 5.5
    },
    "4": {
      "id": "4",
      "name": "dash",
      "fall": 70,
      "bdefend": 60,
      "injury": 55,
      "effect": 1,
      "vrest": 38,
      "dvx": 6.6000000000000005
    }
  },
  "frames": {
    "0": {
      "id": "0",
      "name": "in_the_sky",
      "wait": 1,
      "next": {
        "id": "1"
      },
      "bdy": [
        {
          "kind": 0,
          "x": 6,
          "y": 16,
          "w": 39,
          "h": 19
        }
      ],
      "pic": 0,
      "state": 1000,
      "centerx": 24,
      "centery": 24,
      "hit_a": 0,
      "hit_d": 0,
      "hit_j": 0
    },
    "1": {
      "id": "1",
      "name": "in_the_sky",
      "wait": 1,
      "next": {
        "id": "2"
      },
      "bdy": [
        {
          "kind": 0,
          "x": 6,
          "y": 16,
          "w": 39,
          "h": 19
        }
      ],
      "pic": 1,
      "state": 1000,
      "centerx": 24,
      "centery": 23,
      "hit_a": 0,
      "hit_d": 0,
      "hit_j": 0
    },
    "2": {
      "id": "2",
      "name": "in_the_sky",
      "wait": 1,
      "next": {
        "id": "3"
      },
      "bdy": [
        {
          "kind": 0,
          "x": 6,
          "y": 16,
          "w": 39,
          "h": 19
        }
      ],
      "pic": 2,
      "state": 1000,
      "centerx": 24,
      "centery": 25,
      "hit_a": 0,
      "hit_d": 0,
      "hit_j": 0
    },
    "3": {
      "id": "3",
      "name": "in_the_sky",
      "wait": 1,
      "next": {
        "id": "4"
      },
      "bdy": [
        {
          "kind": 0,
          "x": 6,
          "y": 16,
          "w": 39,
          "h": 19
        }
      ],
      "pic": 3,
      "state": 1000,
      "centerx": 23,
      "centery": 25,
      "hit_a": 0,
      "hit_d": 0,
      "hit_j": 0
    },
    "4": {
      "id": "4",
      "name": "in_the_sky",
      "wait": 1,
      "next": {
        "id": "5"
      },
      "bdy": [
        {
          "kind": 0,
          "x": 6,
          "y": 16,
          "w": 39,
          "h": 19
        }
      ],
      "pic": 4,
      "state": 1000,
      "centerx": 24,
      "centery": 26,
      "hit_a": 0,
      "hit_d": 0,
      "hit_j": 0
    },
    "5": {
      "id": "5",
      "name": "in_the_sky",
      "wait": 1,
      "next": {
        "id": "6"
      },
      "bdy": [
        {
          "kind": 0,
          "x": 6,
          "y": 16,
          "w": 39,
          "h": 19
        }
      ],
      "pic": 5,
      "state": 1000,
      "centerx": 24,
      "centery": 26,
      "hit_a": 0,
      "hit_d": 0,
      "hit_j": 0
    },
    "6": {
      "id": "6",
      "name": "in_the_sky",
      "wait": 1,
      "next": {
        "id": "7"
      },
      "bdy": [
        {
          "kind": 0,
          "x": 6,
          "y": 16,
          "w": 39,
          "h": 19
        }
      ],
      "pic": 6,
      "state": 1000,
      "centerx": 24,
      "centery": 25,
      "hit_a": 0,
      "hit_d": 0,
      "hit_j": 0
    },
    "7": {
      "id": "7",
      "name": "in_the_sky",
      "wait": 1,
      "next": {
        "id": "8"
      },
      "bdy": [
        {
          "kind": 0,
          "x": 6,
          "y": 16,
          "w": 39,
          "h": 19
        }
      ],
      "pic": 7,
      "state": 1000,
      "centerx": 22,
      "centery": 23,
      "hit_a": 0,
      "hit_d": 0,
      "hit_j": 0
    },
    "8": {
      "id": "8",
      "name": "in_the_sky",
      "wait": 1,
      "next": {
        "id": "9"
      },
      "bdy": [
        {
          "kind": 0,
          "x": 6,
          "y": 16,
          "w": 39,
          "h": 19
        }
      ],
      "pic": 8,
      "state": 1000,
      "centerx": 26,
      "centery": 15,
      "hit_a": 0,
      "hit_d": 0,
      "hit_j": 0
    },
    "9": {
      "id": "9",
      "name": "in_the_sky",
      "wait": 1,
      "next": {
        "id": "10"
      },
      "bdy": [
        {
          "kind": 0,
          "x": 6,
          "y": 16,
          "w": 39,
          "h": 19
        }
      ],
      "pic": 9,
      "state": 1000,
      "centerx": 27,
      "centery": 15,
      "hit_a": 0,
      "hit_d": 0,
      "hit_j": 0
    },
    "10": {
      "id": "10",
      "name": "in_the_sky",
      "wait": 1,
      "next": {
        "id": "11"
      },
      "bdy": [
        {
          "kind": 0,
          "x": 6,
          "y": 16,
          "w": 39,
          "h": 19
        }
      ],
      "pic": 10,
      "state": 1000,
      "centerx": 25,
      "centery": 25,
      "hit_a": 0,
      "hit_d": 0,
      "hit_j": 0
    },
    "11": {
      "id": "11",
      "name": "in_the_sky",
      "wait": 1,
      "next": {
        "id": "12"
      },
      "bdy": [
        {
          "kind": 0,
          "x": 6,
          "y": 16,
          "w": 39,
          "h": 19
        }
      ],
      "pic": 11,
      "state": 1000,
      "centerx": 24,
      "centery": 24,
      "hit_a": 0,
      "hit_d": 0,
      "hit_j": 0
    },
    "12": {
      "id": "12",
      "name": "in_the_sky",
      "wait": 1,
      "next": {
        "id": "13"
      },
      "bdy": [
        {
          "kind": 0,
          "x": 6,
          "y": 16,
          "w": 39,
          "h": 19
        }
      ],
      "pic": 12,
      "state": 1000,
      "centerx": 25,
      "centery": 24,
      "hit_a": 0,
      "hit_d": 0,
      "hit_j": 0
    },
    "13": {
      "id": "13",
      "name": "in_the_sky",
      "wait": 1,
      "next": {
        "id": "14"
      },
      "bdy": [
        {
          "kind": 0,
          "x": 6,
          "y": 16,
          "w": 39,
          "h": 19
        }
      ],
      "pic": 13,
      "state": 1000,
      "centerx": 25,
      "centery": 25,
      "hit_a": 0,
      "hit_d": 0,
      "hit_j": 0
    },
    "14": {
      "id": "14",
      "name": "in_the_sky",
      "wait": 1,
      "next": {
        "id": "15"
      },
      "bdy": [
        {
          "kind": 0,
          "x": 6,
          "y": 16,
          "w": 39,
          "h": 19
        }
      ],
      "pic": 14,
      "state": 1000,
      "centerx": 24,
      "centery": 24,
      "hit_a": 0,
      "hit_d": 0,
      "hit_j": 0
    },
    "15": {
      "id": "15",
      "name": "in_the_sky",
      "wait": 1,
      "next": {
        "id": "auto"
      },
      "bdy": [
        {
          "kind": 0,
          "x": 6,
          "y": 16,
          "w": 39,
          "h": 19
        }
      ],
      "pic": 15,
      "state": 1000,
      "centerx": 24,
      "centery": 23,
      "hit_a": 0,
      "hit_d": 0,
      "hit_j": 0
    },
    "20": {
      "id": "20",
      "name": "on_hand",
      "wait": 1,
      "next": {},
      "itr": [
        {
          "kind": 5,
          "x": 17,
          "y": 2,
          "w": 13,
          "h": 44,
          "fall": 20,
          "bdefend": 16,
          "injury": 789
        }
      ],
      "wpoint": {
        "kind": 2,
        "x": 24,
        "y": 40,
        "weaponact": 0,
        "cover": 0
      },
      "pic": 20,
      "state": 1001,
      "centerx": 24,
      "centery": 40,
      "hit_a": 0,
      "hit_d": 0,
      "hit_j": 0
    },
    "21": {
      "id": "21",
      "name": "on_hand",
      "wait": 1,
      "next": {},
      "itr": [
        {
          "kind": 5,
          "x": 15,
          "y": 20,
          "w": 12,
          "h": 23,
          "fall": 20,
          "bdefend": 16,
          "injury": 789,
          "dvx": 4.4
        }
      ],
      "wpoint": {
        "kind": 2,
        "x": 17,
        "y": 41,
        "weaponact": 0,
        "cover": 0
      },
      "pic": 21,
      "state": 1001,
      "centerx": 24,
      "centery": 40,
      "hit_a": 0,
      "hit_d": 0,
      "hit_j": 0
    },
    "22": {
      "id": "22",
      "name": "on_hand",
      "wait": 1,
      "next": {},
      "itr": [
        {
          "kind": 5,
          "x": 15,
          "y": 21,
          "w": 10,
          "h": 17,
          "fall": 20,
          "bdefend": 16,
          "injury": 789,
          "dvx": 4.4
        }
      ],
      "wpoint": {
        "kind": 2,
        "x": 12,
        "y": 37,
        "weaponact": 0,
        "cover": 0
      },
      "pic": 22,
      "state": 1001,
      "centerx": 24,
      "centery": 40,
      "hit_a": 0,
      "hit_d": 0,
      "hit_j": 0
    },
    "23": {
      "id": "23",
      "name": "on_hand",
      "wait": 1,
      "next": {},
      "itr": [
        {
          "kind": 5,
          "x": 9,
          "y": 25,
          "w": 14,
          "h": 13,
          "fall": 20,
          "bdefend": 16,
          "injury": 789,
          "dvx": 4.4
        }
      ],
      "wpoint": {
        "kind": 2,
        "x": 9,
        "y": 33,
        "weaponact": 0,
        "cover": 0
      },
      "pic": 23,
      "state": 1001,
      "centerx": 24,
      "centery": 40,
      "hit_a": 0,
      "hit_d": 0,
      "hit_j": 0
    },
    "24": {
      "id": "24",
      "name": "on_hand",
      "wait": 1,
      "next": {},
      "itr": [
        {
          "kind": 5,
          "x": 8,
          "y": 24,
          "w": 18,
          "h": 12,
          "fall": 20,
          "bdefend": 16,
          "injury": 789,
          "dvx": 4.4
        }
      ],
      "wpoint": {
        "kind": 2,
        "x": 10,
        "y": 29,
        "weaponact": 0,
        "cover": 0
      },
      "pic": 24,
      "state": 1001,
      "centerx": 24,
      "centery": 40,
      "hit_a": 0,
      "hit_d": 0,
      "hit_j": 0
    },
    "25": {
      "id": "25",
      "name": "on_hand",
      "wait": 1,
      "next": {},
      "itr": [
        {
          "kind": 5,
          "x": 6,
          "y": 18,
          "w": 24,
          "h": 15,
          "fall": 20,
          "bdefend": 16,
          "injury": 789,
          "dvx": 4.4
        }
      ],
      "wpoint": {
        "kind": 2,
        "x": 12,
        "y": 23,
        "weaponact": 0,
        "cover": 0
      },
      "pic": 25,
      "state": 1001,
      "centerx": 24,
      "centery": 40,
      "hit_a": 0,
      "hit_d": 0,
      "hit_j": 0
    },
    "26": {
      "id": "26",
      "name": "on_hand",
      "wait": 1,
      "next": {},
      "itr": [
        {
          "kind": 5,
          "x": 12,
          "y": 12,
          "w": 16,
          "h": 17,
          "fall": 20,
          "bdefend": 16,
          "injury": 789,
          "dvx": 4.4
        }
      ],
      "wpoint": {
        "kind": 2,
        "x": 14,
        "y": 15,
        "weaponact": 0,
        "cover": 0
      },
      "pic": 26,
      "state": 1001,
      "centerx": 24,
      "centery": 40,
      "hit_a": 0,
      "hit_d": 0,
      "hit_j": 0
    },
    "27": {
      "id": "27",
      "name": "on_hand",
      "wait": 1,
      "next": {},
      "itr": [
        {
          "kind": 5,
          "x": 12,
          "y": 8,
          "w": 14,
          "h": 19,
          "fall": 20,
          "bdefend": 16,
          "injury": 789,
          "dvx": 4.4
        }
      ],
      "wpoint": {
        "kind": 2,
        "x": 17,
        "y": 13,
        "weaponact": 0,
        "cover": 0
      },
      "pic": 27,
      "state": 1001,
      "centerx": 24,
      "centery": 40,
      "hit_a": 0,
      "hit_d": 0,
      "hit_j": 0
    },
    "28": {
      "id": "28",
      "name": "on_hand",
      "wait": 1,
      "next": {},
      "itr": [
        {
          "kind": 5,
          "x": 18,
          "y": 9,
          "w": 13,
          "h": 19,
          "fall": 20,
          "bdefend": 16,
          "injury": 789,
          "dvx": 4.4
        }
      ],
      "wpoint": {
        "kind": 2,
        "x": 24,
        "y": 11,
        "weaponact": 0,
        "cover": 0
      },
      "pic": 28,
      "state": 1001,
      "centerx": 24,
      "centery": 40,
      "hit_a": 0,
      "hit_d": 0,
      "hit_j": 0
    },
    "29": {
      "id": "29",
      "name": "on_hand",
      "wait": 1,
      "next": {},
      "itr": [
        {
          "kind": 5,
          "x": 18,
          "y": 6,
          "w": 14,
          "h": 24,
          "fall": 20,
          "bdefend": 16,
          "injury": 789,
          "dvx": 4.4
        }
      ],
      "wpoint": {
        "kind": 2,
        "x": 29,
        "y": 13,
        "weaponact": 0,
        "cover": 0
      },
      "pic": 29,
      "state": 1001,
      "centerx": 24,
      "centery": 40,
      "hit_a": 0,
      "hit_d": 0,
      "hit_j": 0
    },
    "30": {
      "id": "30",
      "name": "on_hand",
      "wait": 1,
      "next": {},
      "itr": [
        {
          "kind": 5,
          "x": 22,
          "y": 12,
          "w": 19,
          "h": 15,
          "fall": 20,
          "bdefend": 16,
          "injury": 789,
          "dvx": 4.4
        }
      ],
      "wpoint": {
        "kind": 2,
        "x": 36,
        "y": 16,
        "weaponact": 0,
        "cover": 0
      },
      "pic": 30,
      "state": 1001,
      "centerx": 24,
      "centery": 40,
      "hit_a": 0,
      "hit_d": 0,
      "hit_j": 0
    },
    "31": {
      "id": "31",
      "name": "on_hand",
      "wait": 1,
      "next": {},
      "itr": [
        {
          "kind": 5,
          "x": 19,
          "y": 15,
          "w": 22,
          "h": 14,
          "fall": 20,
          "bdefend": 16,
          "injury": 789,
          "dvx": 4.4
        }
      ],
      "wpoint": {
        "kind": 2,
        "x": 37,
        "y": 19,
        "weaponact": 0,
        "cover": 0
      },
      "pic": 31,
      "state": 1001,
      "centerx": 24,
      "centery": 40,
      "hit_a": 0,
      "hit_d": 0,
      "hit_j": 0
    },
    "32": {
      "id": "32",
      "name": "on_hand",
      "wait": 1,
      "next": {},
      "itr": [
        {
          "kind": 5,
          "x": 20,
          "y": 20,
          "w": 22,
          "h": 12
        }
      ],
      "wpoint": {
        "kind": 2,
        "x": 37,
        "y": 26,
        "weaponact": 0,
        "cover": 0
      },
      "pic": 32,
      "state": 1001,
      "centerx": 24,
      "centery": 40,
      "hit_a": 0,
      "hit_d": 0,
      "hit_j": 0
    },
    "33": {
      "id": "33",
      "name": "on_hand",
      "wait": 1,
      "next": {},
      "itr": [
        {
          "kind": 5,
          "x": 22,
          "y": 25,
          "w": 20,
          "h": 15,
          "fall": 20,
          "bdefend": 16,
          "injury": 789,
          "dvx": 4.4
        }
      ],
      "wpoint": {
        "kind": 2,
        "x": 38,
        "y": 33,
        "weaponact": 0,
        "cover": 0
      },
      "pic": 33,
      "state": 1001,
      "centerx": 24,
      "centery": 40,
      "hit_a": 0,
      "hit_d": 0,
      "hit_j": 0
    },
    "34": {
      "id": "34",
      "name": "on_hand",
      "wait": 1,
      "next": {},
      "itr": [
        {
          "kind": 5,
          "x": 22,
          "y": 25,
          "w": 17,
          "h": 16,
          "fall": 20,
          "bdefend": 16,
          "injury": 789,
          "dvx": 4.4
        }
      ],
      "wpoint": {
        "kind": 2,
        "x": 34,
        "y": 36,
        "weaponact": 0,
        "cover": 0
      },
      "pic": 34,
      "state": 1001,
      "centerx": 24,
      "centery": 40,
      "hit_a": 0,
      "hit_d": 0,
      "hit_j": 0
    },
    "35": {
      "id": "35",
      "name": "on_hand",
      "wait": 1,
      "next": {},
      "itr": [
        {
          "kind": 5,
          "x": 19,
          "y": 23,
          "w": 13,
          "h": 21,
          "fall": 20,
          "bdefend": 16,
          "injury": 789,
          "dvx": 4.4
        }
      ],
      "wpoint": {
        "kind": 2,
        "x": 29,
        "y": 40,
        "weaponact": 0,
        "cover": 0
      },
      "pic": 35,
      "state": 1001,
      "centerx": 24,
      "centery": 40,
      "hit_a": 0,
      "hit_d": 0,
      "hit_j": 0
    },
    "40": {
      "id": "40",
      "name": "throwing",
      "wait": 1,
      "next": {
        "id": "41"
      },
      "bdy": [
        {
          "kind": 0,
          "x": 6,
          "y": 16,
          "w": 39,
          "h": 19
        }
      ],
      "itr": [
        {
          "kind": 0,
          "x": 6,
          "y": 16,
          "w": 39,
          "h": 19,
          "fall": 70,
          "bdefend": 16,
          "injury": 55,
          "effect": 1,
          "dvx": 4.4
        }
      ],
      "pic": 0,
      "state": 1002,
      "centerx": 24,
      "centery": 37,
      "hit_a": 0,
      "hit_d": 0,
      "hit_j": 0
    },
    "41": {
      "id": "41",
      "name": "throwing",
      "wait": 1,
      "next": {
        "id": "42"
      },
      "bdy": [
        {
          "kind": 0,
          "x": 6,
          "y": 16,
          "w": 39,
          "h": 19
        }
      ],
      "itr": [
        {
          "kind": 0,
          "x": 6,
          "y": 16,
          "w": 39,
          "h": 19,
          "fall": 70,
          "bdefend": 16,
          "injury": 55,
          "effect": 1,
          "dvx": 4.4
        }
      ],
      "pic": 1,
      "state": 1002,
      "centerx": 24,
      "centery": 34,
      "hit_a": 0,
      "hit_d": 0,
      "hit_j": 0
    },
    "42": {
      "id": "42",
      "name": "throwing",
      "wait": 1,
      "next": {
        "id": "43"
      },
      "bdy": [
        {
          "kind": 0,
          "x": 6,
          "y": 16,
          "w": 39,
          "h": 19
        }
      ],
      "itr": [
        {
          "kind": 0,
          "x": 6,
          "y": 16,
          "w": 39,
          "h": 19,
          "fall": 70,
          "bdefend": 16,
          "injury": 55,
          "effect": 1,
          "dvx": 4.4
        }
      ],
      "pic": 2,
      "state": 1002,
      "centerx": 24,
      "centery": 34,
      "hit_a": 0,
      "hit_d": 0,
      "hit_j": 0
    },
    "43": {
      "id": "43",
      "name": "throwing",
      "wait": 1,
      "next": {
        "id": "44"
      },
      "bdy": [
        {
          "kind": 0,
          "x": 6,
          "y": 16,
          "w": 39,
          "h": 19
        }
      ],
      "itr": [
        {
          "kind": 0,
          "x": 6,
          "y": 16,
          "w": 39,
          "h": 19,
          "fall": 70,
          "bdefend": 16,
          "injury": 55,
          "effect": 1,
          "dvx": 4.4
        }
      ],
      "pic": 3,
      "state": 1002,
      "centerx": 24,
      "centery": 35,
      "hit_a": 0,
      "hit_d": 0,
      "hit_j": 0
    },
    "44": {
      "id": "44",
      "name": "throwing",
      "wait": 1,
      "next": {
        "id": "45"
      },
      "bdy": [
        {
          "kind": 0,
          "x": 6,
          "y": 16,
          "w": 39,
          "h": 19
        }
      ],
      "itr": [
        {
          "kind": 0,
          "x": 6,
          "y": 16,
          "w": 39,
          "h": 19,
          "fall": 70,
          "bdefend": 16,
          "injury": 55,
          "effect": 1,
          "dvx": 4.4
        }
      ],
      "pic": 4,
      "state": 1002,
      "centerx": 24,
      "centery": 36,
      "hit_a": 0,
      "hit_d": 0,
      "hit_j": 0
    },
    "45": {
      "id": "45",
      "name": "throwing",
      "wait": 1,
      "next": {
        "id": "46"
      },
      "bdy": [
        {
          "kind": 0,
          "x": 6,
          "y": 16,
          "w": 39,
          "h": 19
        }
      ],
      "itr": [
        {
          "kind": 0,
          "x": 6,
          "y": 16,
          "w": 39,
          "h": 19,
          "fall": 70,
          "bdefend": 16,
          "injury": 55,
          "effect": 1,
          "dvx": 4.4
        }
      ],
      "pic": 5,
      "state": 1002,
      "centerx": 24,
      "centery": 36,
      "hit_a": 0,
      "hit_d": 0,
      "hit_j": 0
    },
    "46": {
      "id": "46",
      "name": "throwing",
      "wait": 1,
      "next": {
        "id": "47"
      },
      "bdy": [
        {
          "kind": 0,
          "x": 6,
          "y": 16,
          "w": 39,
          "h": 19
        }
      ],
      "itr": [
        {
          "kind": 0,
          "x": 6,
          "y": 16,
          "w": 39,
          "h": 19,
          "fall": 70,
          "bdefend": 16,
          "injury": 55,
          "effect": 1,
          "dvx": 4.4
        }
      ],
      "pic": 6,
      "state": 1002,
      "centerx": 24,
      "centery": 35,
      "hit_a": 0,
      "hit_d": 0,
      "hit_j": 0
    },
    "47": {
      "id": "47",
      "name": "throwing",
      "wait": 1,
      "next": {
        "id": "48"
      },
      "bdy": [
        {
          "kind": 0,
          "x": 6,
          "y": 16,
          "w": 39,
          "h": 19
        }
      ],
      "itr": [
        {
          "kind": 0,
          "x": 6,
          "y": 16,
          "w": 39,
          "h": 19,
          "fall": 70,
          "bdefend": 16,
          "injury": 55,
          "effect": 1,
          "dvx": 4.4
        }
      ],
      "pic": 7,
      "state": 1002,
      "centerx": 22,
      "centery": 33,
      "hit_a": 0,
      "hit_d": 0,
      "hit_j": 0
    },
    "48": {
      "id": "48",
      "name": "throwing",
      "wait": 1,
      "next": {
        "id": "49"
      },
      "bdy": [
        {
          "kind": 0,
          "x": 6,
          "y": 16,
          "w": 39,
          "h": 19
        }
      ],
      "itr": [
        {
          "kind": 0,
          "x": 6,
          "y": 16,
          "w": 39,
          "h": 19,
          "fall": 70,
          "bdefend": 16,
          "injury": 55,
          "effect": 1,
          "dvx": 4.4
        }
      ],
      "pic": 8,
      "state": 1002,
      "centerx": 26,
      "centery": 27,
      "hit_a": 0,
      "hit_d": 0,
      "hit_j": 0
    },
    "49": {
      "id": "49",
      "name": "throwing",
      "wait": 1,
      "next": {
        "id": "50"
      },
      "bdy": [
        {
          "kind": 0,
          "x": 6,
          "y": 16,
          "w": 39,
          "h": 19
        }
      ],
      "itr": [
        {
          "kind": 0,
          "x": 6,
          "y": 16,
          "w": 39,
          "h": 19,
          "fall": 70,
          "bdefend": 16,
          "injury": 55,
          "effect": 1,
          "dvx": 4.4
        }
      ],
      "pic": 9,
      "state": 1002,
      "centerx": 27,
      "centery": 26,
      "hit_a": 0,
      "hit_d": 0,
      "hit_j": 0
    },
    "50": {
      "id": "50",
      "name": "throwing",
      "wait": 1,
      "next": {
        "id": "51"
      },
      "bdy": [
        {
          "kind": 0,
          "x": 6,
          "y": 16,
          "w": 39,
          "h": 19
        }
      ],
      "itr": [
        {
          "kind": 0,
          "x": 6,
          "y": 16,
          "w": 39,
          "h": 19,
          "fall": 70,
          "bdefend": 16,
          "injury": 55,
          "effect": 1,
          "dvx": 4.4
        }
      ],
      "pic": 10,
      "state": 1002,
      "centerx": 24,
      "centery": 35,
      "hit_a": 0,
      "hit_d": 0,
      "hit_j": 0
    },
    "51": {
      "id": "51",
      "name": "throwing",
      "wait": 1,
      "next": {
        "id": "52"
      },
      "bdy": [
        {
          "kind": 0,
          "x": 6,
          "y": 16,
          "w": 39,
          "h": 19
        }
      ],
      "itr": [
        {
          "kind": 0,
          "x": 6,
          "y": 16,
          "w": 39,
          "h": 19,
          "fall": 70,
          "bdefend": 16,
          "injury": 55,
          "effect": 1,
          "dvx": 4.4
        }
      ],
      "pic": 11,
      "state": 1002,
      "centerx": 25,
      "centery": 34,
      "hit_a": 0,
      "hit_d": 0,
      "hit_j": 0
    },
    "52": {
      "id": "52",
      "name": "throwing",
      "wait": 1,
      "next": {
        "id": "53"
      },
      "bdy": [
        {
          "kind": 0,
          "x": 6,
          "y": 16,
          "w": 39,
          "h": 19
        }
      ],
      "itr": [
        {
          "kind": 0,
          "x": 6,
          "y": 16,
          "w": 39,
          "h": 19,
          "fall": 70,
          "bdefend": 16,
          "injury": 55,
          "effect": 1,
          "dvx": 4.4
        }
      ],
      "pic": 12,
      "state": 1002,
      "centerx": 24,
      "centery": 33,
      "hit_a": 0,
      "hit_d": 0,
      "hit_j": 0
    },
    "53": {
      "id": "53",
      "name": "throwing",
      "wait": 1,
      "next": {
        "id": "54"
      },
      "bdy": [
        {
          "kind": 0,
          "x": 6,
          "y": 16,
          "w": 39,
          "h": 19
        }
      ],
      "itr": [
        {
          "kind": 0,
          "x": 6,
          "y": 16,
          "w": 39,
          "h": 19,
          "fall": 70,
          "bdefend": 16,
          "injury": 55,
          "effect": 1,
          "dvx": 4.4
        }
      ],
      "pic": 13,
      "state": 1002,
      "centerx": 25,
      "centery": 36,
      "hit_a": 0,
      "hit_d": 0,
      "hit_j": 0
    },
    "54": {
      "id": "54",
      "name": "throwing",
      "wait": 1,
      "next": {
        "id": "55"
      },
      "bdy": [
        {
          "kind": 0,
          "x": 6,
          "y": 16,
          "w": 39,
          "h": 19
        }
      ],
      "itr": [
        {
          "kind": 0,
          "x": 6,
          "y": 16,
          "w": 39,
          "h": 19,
          "fall": 70,
          "bdefend": 16,
          "injury": 55,
          "effect": 1,
          "dvx": 4.4
        }
      ],
      "pic": 14,
      "state": 1002,
      "centerx": 24,
      "centery": 34,
      "hit_a": 0,
      "hit_d": 0,
      "hit_j": 0
    },
    "55": {
      "id": "55",
      "name": "throwing",
      "wait": 1,
      "next": {
        "id": "40"
      },
      "bdy": [
        {
          "kind": 0,
          "x": 6,
          "y": 16,
          "w": 39,
          "h": 19
        }
      ],
      "itr": [
        {
          "kind": 0,
          "x": 6,
          "y": 16,
          "w": 39,
          "h": 19,
          "fall": 70,
          "bdefend": 16,
          "injury": 55,
          "effect": 1,
          "dvx": 4.4
        }
      ],
      "pic": 15,
      "state": 1002,
      "centerx": 24,
      "centery": 32,
      "hit_a": 0,
      "hit_d": 0,
      "hit_j": 0
    },
    "60": {
      "id": "60",
      "name": "on_ground",
      "wait": 3,
      "next": {
        "id": "61"
      },
      "pic": 2,
      "state": 1003,
      "centerx": 24,
      "centery": 29,
      "hit_a": 0,
      "hit_d": 0,
      "hit_j": 0,
      "sound": "data/034.wav.ogg"
    },
    "61": {
      "id": "61",
      "name": "on_ground",
      "wait": 5,
      "next": {
        "id": "62"
      },
      "pic": 5,
      "state": 1003,
      "centerx": 24,
      "centery": 31,
      "hit_a": 0,
      "hit_d": 0,
      "hit_j": 0
    },
    "62": {
      "id": "62",
      "name": "on_ground",
      "wait": 5,
      "next": {
        "id": "63"
      },
      "pic": 3,
      "state": 1003,
      "centerx": 24,
      "centery": 28,
      "hit_a": 0,
      "hit_d": 0,
      "hit_j": 0,
      "sound": "data/034.wav.ogg"
    },
    "63": {
      "id": "63",
      "name": "on_ground",
      "wait": 3,
      "next": {
        "id": "64"
      },
      "pic": 5,
      "state": 1003,
      "centerx": 24,
      "centery": 30,
      "hit_a": 0,
      "hit_d": 0,
      "hit_j": 0
    },
    "64": {
      "id": "64",
      "name": "on_ground",
      "wait": 1,
      "next": {},
      "bdy": [
        {
          "kind": 0,
          "x": 1,
          "y": 19,
          "w": 46,
          "h": 15
        }
      ],
      "pic": 4,
      "state": 1004,
      "centerx": 24,
      "centery": 30,
      "hit_a": 0,
      "hit_d": 0,
      "hit_j": 0
    },
    "70": {
      "id": "70",
      "name": "just_on_ground",
      "wait": 3,
      "next": {
        "id": "71"
      },
      "itr": [
        {
          "kind": 0,
          "x": 1,
          "y": 19,
          "w": 46,
          "h": 15,
          "fall": 40,
          "bdefend": 16,
          "arest": 30,
          "dvx": 1.1
        }
      ],
      "pic": 2,
      "state": 1003,
      "centerx": 24,
      "centery": 35,
      "hit_a": 0,
      "hit_d": 0,
      "hit_j": 0,
      "sound": "data/034.wav.ogg"
    },
    "71": {
      "id": "71",
      "name": "just_on_on_ground",
      "wait": 5,
      "next": {
        "id": "72"
      },
      "itr": [
        {
          "kind": 0,
          "x": 1,
          "y": 19,
          "w": 46,
          "h": 15,
          "fall": 40,
          "bdefend": 16,
          "arest": 30,
          "dvx": 1.1
        }
      ],
      "pic": 5,
      "state": 1003,
      "centerx": 24,
      "centery": 32,
      "hit_a": 0,
      "hit_d": 0,
      "hit_j": 0
    },
    "72": {
      "id": "72",
      "name": "just_on_on_ground",
      "wait": 5,
      "next": {
        "id": "64"
      },
      "itr": [
        {
          "kind": 0,
          "x": 1,
          "y": 19,
          "w": 46,
          "h": 15,
          "fall": 40,
          "bdefend": 16,
          "arest": 30,
          "dvx": 1.1
        }
      ],
      "pic": 3,
      "state": 1003,
      "centerx": 24,
      "centery": 31,
      "hit_a": 0,
      "hit_d": 0,
      "hit_j": 0,
      "sound": "data/034.wav.ogg"
    },
    "399": {
      "id": "399",
      "name": "dummy",
      "wait": 1,
      "next": {},
      "bdy": [
        {
          "kind": 0,
          "x": 1,
          "y": 19,
          "w": 46,
          "h": 15
        }
      ],
      "pic": 4,
      "state": 0,
      "centerx": 24,
      "centery": 30,
      "hit_a": 0,
      "hit_d": 0,
      "hit_j": 0
    }
  },
  "indexes": {
    "in_the_sky": "0",
    "on_ground": "60",
    "just_on_ground": "70",
    "throwing": "40"
  }
}