{
  "id": "206",
  "type": "ball",
  "base": {
    "files": {
      "0": {
        "id": 0,
        "path": "sprite/sys/woody_ball.bmp",
        "begin": 0,
        "end": 11,
        "w": 81,
        "h": 82,
        "row": 4,
        "col": 4
      }
    },
    "hp": 500,
    "weapon_broken_sound": "data/020.wav.ogg",
    "weapon_drop_sound": "data/020.wav.ogg",
    "weapon_hit_sound": "data/020.wav.ogg"
  },
  "frames": {
    "0": {
      "id": "0",
      "name": "flying",
      "wait": 3,
      "next": {
        "id": "1"
      },
      "bdy": [
        {
          "x": 22,
          "y": 27,
          "w": 55,
          "h": 27
        }
      ],
      "itr": [
        {
          "kind": 0,
          "x": 22,
          "y": 27,
          "w": 55,
          "h": 27,
          "fall": 70,
          "bdefend": 16,
          "injury": 45,
          "vrest": 18,
          "dvx": 3.5,
          "dvy": 4
        }
      ],
      "pic": 0,
      "state": 3000,
      "centerx": 40,
      "centery": 41,
      "dvx": 8.5,
      "dvz": 1,
      "speedz": 2,
      "on_hitting": {
        "id": "10"
      },
      "on_be_hit": {
        "id": "20"
      },
      "on_rebounding": {
        "id": "30"
      }
    },
    "1": {
      "id": "1",
      "name": "flying",
      "wait": 3,
      "next": {
        "id": "2"
      },
      "bdy": [
        {
          "x": 22,
          "y": 27,
          "w": 55,
          "h": 27
        }
      ],
      "itr": [
        {
          "kind": 0,
          "x": 22,
          "y": 27,
          "w": 55,
          "h": 27,
          "fall": 70,
          "bdefend": 16,
          "injury": 45,
          "vrest": 18,
          "dvx": 3.5,
          "dvy": 4
        }
      ],
      "pic": 1,
      "state": 3000,
      "centerx": 40,
      "centery": 41,
      "dvx": 8.5,
      "dvz": 1,
      "speedz": 2,
      "on_hitting": {
        "id": "10"
      },
      "on_be_hit": {
        "id": "20"
      },
      "on_rebounding": {
        "id": "30"
      }
    },
    "2": {
      "id": "2",
      "name": "flying",
      "wait": 3,
      "next": {
        "id": "3"
      },
      "bdy": [
        {
          "x": 22,
          "y": 27,
          "w": 55,
          "h": 27
        }
      ],
      "itr": [
        {
          "kind": 0,
          "x": 22,
          "y": 27,
          "w": 55,
          "h": 27,
          "fall": 70,
          "bdefend": 16,
          "injury": 45,
          "vrest": 18,
          "dvx": 3.5,
          "dvy": 4
        }
      ],
      "pic": 2,
      "state": 3000,
      "centerx": 40,
      "centery": 41,
      "dvx": 8.5,
      "dvz": 1,
      "speedz": 2,
      "on_hitting": {
        "id": "10"
      },
      "on_be_hit": {
        "id": "20"
      },
      "on_rebounding": {
        "id": "30"
      }
    },
    "3": {
      "id": "3",
      "name": "flying",
      "wait": 3,
      "next": {
        "id": "4"
      },
      "bdy": [
        {
          "x": 22,
          "y": 27,
          "w": 55,
          "h": 27
        }
      ],
      "itr": [
        {
          "kind": 0,
          "x": 22,
          "y": 27,
          "w": 55,
          "h": 27,
          "fall": 70,
          "bdefend": 16,
          "injury": 45,
          "vrest": 18,
          "dvx": 3.5,
          "dvy": 4
        }
      ],
      "pic": 3,
      "state": 3000,
      "centerx": 40,
      "centery": 41,
      "dvx": 8.5,
      "dvz": 1,
      "speedz": 2,
      "on_hitting": {
        "id": "10"
      },
      "on_be_hit": {
        "id": "20"
      },
      "on_rebounding": {
        "id": "30"
      }
    },
    "4": {
      "id": "4",
      "name": "flying",
      "wait": 3,
      "next": {
        "id": "5"
      },
      "bdy": [
        {
          "x": 22,
          "y": 27,
          "w": 55,
          "h": 27
        }
      ],
      "itr": [
        {
          "kind": 0,
          "x": 22,
          "y": 27,
          "w": 55,
          "h": 27,
          "fall": 70,
          "bdefend": 16,
          "injury": 45,
          "vrest": 18,
          "dvx": 3.5,
          "dvy": 4
        }
      ],
      "pic": 2,
      "state": 3000,
      "centerx": 40,
      "centery": 41,
      "dvx": 8.5,
      "dvz": 1,
      "speedz": 2,
      "on_hitting": {
        "id": "10"
      },
      "on_be_hit": {
        "id": "20"
      },
      "on_rebounding": {
        "id": "30"
      }
    },
    "5": {
      "id": "5",
      "name": "flying",
      "wait": 3,
      "next": {
        "id": "auto"
      },
      "bdy": [
        {
          "x": 22,
          "y": 27,
          "w": 55,
          "h": 27
        }
      ],
      "itr": [
        {
          "kind": 0,
          "x": 22,
          "y": 27,
          "w": 55,
          "h": 27,
          "fall": 70,
          "bdefend": 16,
          "injury": 45,
          "vrest": 18,
          "dvx": 3.5,
          "dvy": 4
        }
      ],
      "pic": 1,
      "state": 3000,
      "centerx": 40,
      "centery": 41,
      "dvx": 8.5,
      "dvz": 1,
      "speedz": 2,
      "on_hitting": {
        "id": "10"
      },
      "on_be_hit": {
        "id": "20"
      },
      "on_rebounding": {
        "id": "30"
      }
    },
    "10": {
      "id": "10",
      "name": "hiting",
      "wait": 3,
      "next": {
        "id": "11"
      },
      "pic": 4,
      "state": 3001,
      "centerx": 44,
      "centery": 41
    },
    "11": {
      "id": "11",
      "name": "hiting",
      "wait": 3,
      "next": {
        "id": "12"
      },
      "pic": 5,
      "state": 3001,
      "centerx": 44,
      "centery": 41
    },
    "12": {
      "id": "12",
      "name": "hiting",
      "wait": 3,
      "next": {
        "id": "13"
      },
      "pic": 6,
      "state": 3001,
      "centerx": 44,
      "centery": 41
    },
    "13": {
      "id": "13",
      "name": "hiting",
      "wait": 3,
      "next": {
        "id": "gone"
      },
      "pic": 7,
      "state": 3001,
      "centerx": 44,
      "centery": 41
    },
    "20": {
      "id": "20",
      "name": "hit",
      "wait": 3,
      "next": {
        "id": "21"
      },
      "pic": 4,
      "state": 3002,
      "centerx": 46,
      "centery": 41
    },
    "21": {
      "id": "21",
      "name": "hit",
      "wait": 3,
      "next": {
        "id": "22"
      },
      "pic": 5,
      "state": 3002,
      "centerx": 46,
      "centery": 41
    },
    "22": {
      "id": "22",
      "name": "hit",
      "wait": 3,
      "next": {
        "id": "23"
      },
      "pic": 6,
      "state": 3002,
      "centerx": 46,
      "centery": 41
    },
    "23": {
      "id": "23",
      "name": "hit",
      "wait": 3,
      "next": {
        "id": "gone"
      },
      "pic": 7,
      "state": 3002,
      "centerx": 46,
      "centery": 41
    },
    "30": {
      "id": "30",
      "name": "rebounding",
      "wait": 3,
      "next": {
        "id": "31"
      },
      "pic": 4,
      "state": 3003,
      "centerx": 43,
      "centery": 41
    },
    "31": {
      "id": "31",
      "name": "rebounding",
      "wait": 3,
      "next": {
        "id": "32"
      },
      "opoint": [
        {
          "kind": 1,
          "x": 41,
          "y": 41,
          "oid": 206,
          "action": {
            "id": "90"
          },
          "multi": 1,
          "facing": 2
        }
      ],
      "pic": 5,
      "state": 3003,
      "centerx": 43,
      "centery": 41
    },
    "32": {
      "id": "32",
      "name": "rebounding",
      "wait": 3,
      "next": {
        "id": "33"
      },
      "pic": 6,
      "state": 3003,
      "centerx": 43,
      "centery": 41
    },
    "33": {
      "id": "33",
      "name": "rebounding",
      "wait": 3,
      "next": {
        "id": "gone"
      },
      "pic": 7,
      "state": 3003,
      "centerx": 43,
      "centery": 41
    },
    "80": {
      "id": "80",
      "name": "flying",
      "wait": 3,
      "next": {
        "id": "81"
      },
      "bdy": [
        {
          "x": 22,
          "y": 27,
          "w": 55,
          "h": 27
        }
      ],
      "itr": [
        {
          "kind": 0,
          "x": 22,
          "y": 27,
          "w": 55,
          "h": 27,
          "fall": 70,
          "bdefend": 16,
          "injury": 45,
          "vrest": 18,
          "dvx": 3.5,
          "dvy": 4
        }
      ],
      "pic": 8,
      "state": 3000,
      "centerx": 41,
      "centery": 41,
      "dvx": 8.5,
      "dvz": -1,
      "speedz": 2,
      "on_hitting": {
        "id": "10"
      },
      "on_be_hit": {
        "id": "20"
      },
      "on_rebounding": {
        "id": "30"
      }
    },
    "81": {
      "id": "81",
      "name": "flying",
      "wait": 3,
      "next": {
        "id": "82"
      },
      "bdy": [
        {
          "x": 22,
          "y": 27,
          "w": 55,
          "h": 27
        }
      ],
      "itr": [
        {
          "kind": 0,
          "x": 22,
          "y": 27,
          "w": 55,
          "h": 27,
          "fall": 70,
          "bdefend": 16,
          "injury": 45,
          "vrest": 18,
          "dvx": 3.5,
          "dvy": 4
        }
      ],
      "pic": 9,
      "state": 3000,
      "centerx": 40,
      "centery": 41,
      "dvx": 8.5,
      "dvz": -1,
      "speedz": 2,
      "on_hitting": {
        "id": "10"
      },
      "on_be_hit": {
        "id": "20"
      },
      "on_rebounding": {
        "id": "30"
      }
    },
    "82": {
      "id": "82",
      "name": "flying",
      "wait": 3,
      "next": {
        "id": "83"
      },
      "bdy": [
        {
          "x": 22,
          "y": 27,
          "w": 55,
          "h": 27
        }
      ],
      "itr": [
        {
          "kind": 0,
          "x": 22,
          "y": 27,
          "w": 55,
          "h": 27,
          "fall": 70,
          "bdefend": 16,
          "injury": 45,
          "vrest": 18,
          "dvx": 3.5,
          "dvy": 4
        }
      ],
      "pic": 10,
      "state": 3000,
      "centerx": 40,
      "centery": 41,
      "dvx": 8.5,
      "dvz": -1,
      "speedz": 2,
      "on_hitting": {
        "id": "10"
      },
      "on_be_hit": {
        "id": "20"
      },
      "on_rebounding": {
        "id": "30"
      }
    },
    "83": {
      "id": "83",
      "name": "flying",
      "wait": 3,
      "next": {
        "id": "84"
      },
      "bdy": [
        {
          "x": 22,
          "y": 27,
          "w": 55,
          "h": 27
        }
      ],
      "itr": [
        {
          "kind": 0,
          "x": 22,
          "y": 27,
          "w": 55,
          "h": 27,
          "fall": 70,
          "bdefend": 16,
          "injury": 45,
          "vrest": 18,
          "dvx": 3.5,
          "dvy": 4
        }
      ],
      "pic": 11,
      "state": 3000,
      "centerx": 40,
      "centery": 41,
      "dvx": 8.5,
      "dvz": -1,
      "speedz": 2,
      "on_hitting": {
        "id": "10"
      },
      "on_be_hit": {
        "id": "20"
      },
      "on_rebounding": {
        "id": "30"
      }
    },
    "84": {
      "id": "84",
      "name": "flying",
      "wait": 3,
      "next": {
        "id": "85"
      },
      "bdy": [
        {
          "x": 22,
          "y": 27,
          "w": 55,
          "h": 27
        }
      ],
      "itr": [
        {
          "kind": 0,
          "x": 22,
          "y": 27,
          "w": 55,
          "h": 27,
          "fall": 70,
          "bdefend": 16,
          "injury": 45,
          "vrest": 18,
          "dvx": 3.5,
          "dvy": 4
        }
      ],
      "pic": 10,
      "state": 3000,
      "centerx": 40,
      "centery": 41,
      "dvx": 8.5,
      "dvz": -1,
      "speedz": 2,
      "on_hitting": {
        "id": "10"
      },
      "on_be_hit": {
        "id": "20"
      },
      "on_rebounding": {
        "id": "30"
      }
    },
    "85": {
      "id": "85",
      "name": "flying",
      "wait": 3,
      "next": {
        "id": "80"
      },
      "bdy": [
        {
          "x": 22,
          "y": 27,
          "w": 55,
          "h": 27
        }
      ],
      "itr": [
        {
          "kind": 0,
          "x": 22,
          "y": 27,
          "w": 55,
          "h": 27,
          "fall": 70,
          "bdefend": 16,
          "injury": 45,
          "vrest": 18,
          "dvx": 3.5,
          "dvy": 4
        }
      ],
      "pic": 9,
      "state": 3000,
      "centerx": 40,
      "centery": 41,
      "dvx": 8.5,
      "dvz": -1,
      "speedz": 2,
      "on_hitting": {
        "id": "10"
      },
      "on_be_hit": {
        "id": "20"
      },
      "on_rebounding": {
        "id": "30"
      }
    },
    "90": {
      "id": "90",
      "name": "flying",
      "wait": 3,
      "next": {
        "id": "91"
      },
      "bdy": [
        {
          "x": 22,
          "y": 27,
          "w": 55,
          "h": 27
        }
      ],
      "itr": [
        {
          "kind": 0,
          "x": 22,
          "y": 27,
          "w": 55,
          "h": 27,
          "fall": 70,
          "bdefend": 16,
          "injury": 45,
          "vrest": 18,
          "dvx": 3.5,
          "dvy": 4
        }
      ],
      "pic": 8,
      "state": 3000,
      "centerx": 41,
      "centery": 41,
      "dvx": 8.5,
      "speedz": 2,
      "on_hitting": {
        "id": "10"
      },
      "on_be_hit": {
        "id": "20"
      },
      "on_rebounding": {
        "id": "30"
      }
    },
    "91": {
      "id": "91",
      "name": "flying",
      "wait": 3,
      "next": {
        "id": "92"
      },
      "bdy": [
        {
          "x": 22,
          "y": 27,
          "w": 55,
          "h": 27
        }
      ],
      "itr": [
        {
          "kind": 0,
          "x": 22,
          "y": 27,
          "w": 55,
          "h": 27,
          "fall": 70,
          "bdefend": 16,
          "injury": 45,
          "vrest": 18,
          "dvx": 3.5,
          "dvy": 4
        }
      ],
      "pic": 9,
      "state": 3000,
      "centerx": 40,
      "centery": 41,
      "dvx": 8.5,
      "speedz": 2,
      "on_hitting": {
        "id": "10"
      },
      "on_be_hit": {
        "id": "20"
      },
      "on_rebounding": {
        "id": "30"
      }
    },
    "92": {
      "id": "92",
      "name": "flying",
      "wait": 3,
      "next": {
        "id": "93"
      },
      "bdy": [
        {
          "x": 22,
          "y": 27,
          "w": 55,
          "h": 27
        }
      ],
      "itr": [
        {
          "kind": 0,
          "x": 22,
          "y": 27,
          "w": 55,
          "h": 27,
          "fall": 70,
          "bdefend": 16,
          "injury": 45,
          "vrest": 18,
          "dvx": 3.5,
          "dvy": 4
        }
      ],
      "pic": 10,
      "state": 3000,
      "centerx": 40,
      "centery": 41,
      "dvx": 8.5,
      "speedz": 2,
      "on_hitting": {
        "id": "10"
      },
      "on_be_hit": {
        "id": "20"
      },
      "on_rebounding": {
        "id": "30"
      }
    },
    "93": {
      "id": "93",
      "name": "flying",
      "wait": 3,
      "next": {
        "id": "94"
      },
      "bdy": [
        {
          "x": 22,
          "y": 27,
          "w": 55,
          "h": 27
        }
      ],
      "itr": [
        {
          "kind": 0,
          "x": 22,
          "y": 27,
          "w": 55,
          "h": 27,
          "fall": 70,
          "bdefend": 16,
          "injury": 45,
          "vrest": 18,
          "dvx": 3.5,
          "dvy": 4
        }
      ],
      "pic": 11,
      "state": 3000,
      "centerx": 40,
      "centery": 41,
      "dvx": 8.5,
      "speedz": 2,
      "on_hitting": {
        "id": "10"
      },
      "on_be_hit": {
        "id": "20"
      },
      "on_rebounding": {
        "id": "30"
      }
    },
    "94": {
      "id": "94",
      "name": "flying",
      "wait": 3,
      "next": {
        "id": "95"
      },
      "bdy": [
        {
          "x": 22,
          "y": 27,
          "w": 55,
          "h": 27
        }
      ],
      "itr": [
        {
          "kind": 0,
          "x": 22,
          "y": 27,
          "w": 55,
          "h": 27,
          "fall": 70,
          "bdefend": 16,
          "injury": 45,
          "vrest": 18,
          "dvx": 3.5,
          "dvy": 4
        }
      ],
      "pic": 10,
      "state": 3000,
      "centerx": 40,
      "centery": 41,
      "dvx": 8.5,
      "speedz": 2,
      "on_hitting": {
        "id": "10"
      },
      "on_be_hit": {
        "id": "20"
      },
      "on_rebounding": {
        "id": "30"
      }
    },
    "95": {
      "id": "95",
      "name": "flying",
      "wait": 3,
      "next": {
        "id": "90"
      },
      "bdy": [
        {
          "x": 22,
          "y": 27,
          "w": 55,
          "h": 27
        }
      ],
      "itr": [
        {
          "kind": 0,
          "x": 22,
          "y": 27,
          "w": 55,
          "h": 27,
          "fall": 70,
          "bdefend": 16,
          "injury": 45,
          "vrest": 18,
          "dvx": 3.5,
          "dvy": 4
        }
      ],
      "pic": 9,
      "state": 3000,
      "centerx": 40,
      "centery": 41,
      "dvx": 8.5,
      "speedz": 2,
      "on_hitting": {
        "id": "10"
      },
      "on_be_hit": {
        "id": "20"
      },
      "on_rebounding": {
        "id": "30"
      }
    }
  }
}