{
  "type": "background",
  "id": "bg_7",
  "base": {
    "name": "Forbidden Tower",
    "shadow": "bg/sys/ft/s.bmp",
    "shadowsize": [
      37,
      9
    ],
    "left": 0,
    "right": 2400,
    "far": -522,
    "near": -80
  },
  "layers": [
    {
      "width": 797,
      "x": 0,
      "file": "bg/sys/ft/sky.bmp",
      "y": 407,
      "z": -24
    },
    {
      "width": 1500,
      "x": 0,
      "loop": 144,
      "file": "bg/sys/ft/w1.bmp",
      "y": 421,
      "z": -23
    },
    {
      "width": 1500,
      "x": 0,
      "loop": 144,
      "file": "bg/sys/ft/w2.bmp",
      "y": 390,
      "z": -22
    },
    {
      "width": 1500,
      "x": 0,
      "loop": 144,
      "file": "bg/sys/ft/w3.bmp",
      "y": 333,
      "z": -21
    },
    {
      "width": 2300,
      "x": 0,
      "loop": 162,
      "file": "bg/sys/ft/g1.bmp",
      "y": 303,
      "z": -20
    },
    {
      "width": 2300,
      "x": 0,
      "loop": 140,
      "file": "bg/sys/ft/g2.bmp",
      "y": 244,
      "z": -19
    },
    {
      "x": 0,
      "width": 794,
      "height": 177,
      "y": 233,
      "z": -18,
      "absolute": 1,
      "color": "rgb(143,7,7)"
    },
    {
      "width": 2400,
      "x": 0,
      "loop": 140,
      "file": "bg/sys/ft/g3.bmp",
      "y": 56,
      "z": -17
    },
    {
      "width": 2400,
      "x": 0,
      "loop": 128,
      "file": "bg/sys/ft/g4.bmp",
      "y": 44,
      "z": -16
    },
    {
      "width": 2300,
      "x": 95,
      "loop": 324,
      "file": "bg/sys/ft/c1.bmp",
      "y": 421,
      "z": -15
    },
    {
      "width": 2300,
      "x": 92,
      "loop": 324,
      "file": "bg/sys/ft/c2.bmp",
      "y": 287,
      "z": -14
    },
    {
      "width": 2300,
      "x": 95,
      "loop": 324,
      "file": "bg/sys/ft/f1.bmp",
      "y": 421,
      "z": -13,
      "cc": 26,
      "c1": 0,
      "c2": 1
    },
    {
      "width": 2300,
      "x": 95,
      "loop": 324,
      "file": "bg/sys/ft/f2.bmp",
      "y": 421,
      "z": -12,
      "cc": 26,
      "c1": 2,
      "c2": 3
    },
    {
      "width": 2300,
      "x": 95,
      "loop": 324,
      "file": "bg/sys/ft/f3.bmp",
      "y": 421,
      "z": -11,
      "cc": 26,
      "c1": 4,
      "c2": 5
    },
    {
      "width": 2300,
      "x": 95,
      "loop": 324,
      "file": "bg/sys/ft/f4.bmp",
      "y": 421,
      "z": -10,
      "cc": 26,
      "c1": 6,
      "c2": 7
    },
    {
      "width": 2300,
      "x": 95,
      "loop": 324,
      "file": "bg/sys/ft/f5.bmp",
      "y": 421,
      "z": -9,
      "cc": 26,
      "c1": 8,
      "c2": 9
    },
    {
      "width": 2300,
      "x": 95,
      "loop": 324,
      "file": "bg/sys/ft/f6.bmp",
      "y": 421,
      "z": -8,
      "cc": 26,
      "c1": 10,
      "c2": 11
    },
    {
      "width": 2300,
      "x": 95,
      "loop": 324,
      "file": "bg/sys/ft/f7.bmp",
      "y": 421,
      "z": -7,
      "cc": 26,
      "c1": 12,
      "c2": 13
    },
    {
      "width": 2300,
      "x": 95,
      "loop": 324,
      "file": "bg/sys/ft/f8.bmp",
      "y": 421,
      "z": -6,
      "cc": 26,
      "c1": 14,
      "c2": 15
    },
    {
      "width": 2300,
      "x": 95,
      "loop": 324,
      "file": "bg/sys/ft/f9.bmp",
      "y": 421,
      "z": -5,
      "cc": 26,
      "c1": 16,
      "c2": 17
    },
    {
      "width": 2300,
      "x": 95,
      "loop": 324,
      "file": "bg/sys/ft/fa.bmp",
      "y": 421,
      "z": -4,
      "cc": 26,
      "c1": 18,
      "c2": 19
    },
    {
      "width": 2300,
      "x": 95,
      "loop": 324,
      "file": "bg/sys/ft/fb.bmp",
      "y": 421,
      "z": -3,
      "cc": 26,
      "c1": 20,
      "c2": 21
    },
    {
      "width": 2300,
      "x": 95,
      "loop": 324,
      "file": "bg/sys/ft/fc.bmp",
      "y": 421,
      "z": -2,
      "cc": 26,
      "c1": 22,
      "c2": 23
    },
    {
      "width": 2300,
      "x": 95,
      "loop": 324,
      "file": "bg/sys/ft/fd.bmp",
      "y": 421,
      "z": -1,
      "cc": 26,
      "c1": 24,
      "c2": 25
    }
  ],
  "is_bg_data": true,
  "is_base_data": true
}