{
  "type": "background",
  "id": "bg_4",
  "base": {
    "name": "HK_Coliseum",
    "shadow": "bg/sys/hkc/s.bmp",
    "shadowsize": [
      37,
      9
    ],
    "left": 0,
    "right": 794,
    "far": -468,
    "near": -216
  },
  "layers": [
    {
      "width": 794,
      "x": 0,
      "file": "bg/sys/hkc/back1.bmp",
      "y": 422,
      "z": -12
    },
    {
      "width": 794,
      "x": 0,
      "file": "bg/sys/hkc/back2.bmp",
      "y": 313,
      "z": -11,
      "cc": 32,
      "c1": 0,
      "c2": 15
    },
    {
      "width": 794,
      "x": 0,
      "file": "bg/sys/hkc/back22.bmp",
      "y": 313,
      "z": -10,
      "cc": 32,
      "c1": 16,
      "c2": 31
    },
    {
      "x": 0,
      "width": 794,
      "height": 119,
      "y": 223,
      "z": -9,
      "absolute": 1,
      "color": "rgb(159,163,159)"
    },
    {
      "x": 0,
      "width": 794,
      "height": 10,
      "y": 102,
      "z": -8,
      "absolute": 1,
      "color": "rgb(159,163,159)"
    },
    {
      "x": 0,
      "width": 794,
      "height": 9,
      "y": 90,
      "z": -7,
      "absolute": 1,
      "color": "rgb(159,163,159)"
    },
    {
      "x": 0,
      "width": 794,
      "height": 3,
      "y": 81,
      "z": -6,
      "absolute": 1,
      "color": "rgb(119,119,119)"
    },
    {
      "x": 0,
      "width": 794,
      "height": 42,
      "y": 78,
      "z": -5,
      "absolute": 1,
      "color": "rgb(103,103,103)"
    },
    {
      "x": 0,
      "width": 794,
      "height": 1,
      "y": 104,
      "z": -4,
      "absolute": 1,
      "color": "rgb(151,119,111)"
    },
    {
      "x": 0,
      "width": 794,
      "height": 1,
      "y": 103,
      "z": -3,
      "absolute": 1,
      "color": "rgb(135,107,103)"
    },
    {
      "x": 0,
      "width": 794,
      "height": 1,
      "y": 92,
      "z": -2,
      "absolute": 1,
      "color": "rgb(151,119,111)"
    },
    {
      "x": 0,
      "width": 794,
      "height": 1,
      "y": 91,
      "z": -1,
      "absolute": 1,
      "color": "rgb(135,107,103)"
    }
  ]
}