{
  "type": "background",
  "id": "bg_3",
  "base": {
    "name": "Stanley Prison",
    "shadow": "bg/sys/sp/s.bmp",
    "shadowsize": [
      37,
      9
    ],
    "left": 0,
    "right": 2400,
    "far": -516,
    "near": -110
  },
  "layers": [
    {
      "width": 2400,
      "x": 0,
      "loop": 277,
      "file": "bg/sys/sp/wall.bmp",
      "y": 422,
      "z": -13
    },
    {
      "x": 0,
      "width": 794,
      "height": 203,
      "y": 242,
      "z": -12,
      "absolute": 1,
      "color": "rgb(90,78,75)"
    },
    {
      "width": 2400,
      "x": -41,
      "loop": 277,
      "file": "bg/sys/sp/wall4.bmp",
      "y": 422,
      "z": -11,
      "cc": 12,
      "c1": 0,
      "c2": 5
    },
    {
      "width": 2400,
      "x": -57,
      "loop": 277,
      "file": "bg/sys/sp/wall2.bmp",
      "y": 281,
      "z": -10,
      "cc": 32,
      "c1": 16,
      "c2": 23
    },
    {
      "width": 2400,
      "x": -57,
      "loop": 277,
      "file": "bg/sys/sp/wall3.bmp",
      "y": 281,
      "z": -9,
      "cc": 32,
      "c1": 8,
      "c2": 15
    },
    {
      "width": 2400,
      "x": -57,
      "loop": 277,
      "file": "bg/sys/sp/wall3.bmp",
      "y": 281,
      "z": -8,
      "cc": 32,
      "c1": 24,
      "c2": 31
    },
    {
      "width": 2400,
      "x": 0,
      "loop": 277,
      "file": "bg/sys/sp/fire1.bmp",
      "y": 422,
      "z": -7,
      "cc": 28,
      "c1": 0,
      "c2": 3
    },
    {
      "width": 2400,
      "x": 0,
      "loop": 277,
      "file": "bg/sys/sp/fire2.bmp",
      "y": 422,
      "z": -6,
      "cc": 28,
      "c1": 4,
      "c2": 7
    },
    {
      "width": 2400,
      "x": 0,
      "loop": 277,
      "file": "bg/sys/sp/fire3.bmp",
      "y": 422,
      "z": -5,
      "cc": 28,
      "c1": 8,
      "c2": 11
    },
    {
      "width": 2400,
      "x": 0,
      "loop": 277,
      "file": "bg/sys/sp/fire4.bmp",
      "y": 422,
      "z": -4,
      "cc": 28,
      "c1": 12,
      "c2": 15
    },
    {
      "width": 2400,
      "x": 0,
      "loop": 277,
      "file": "bg/sys/sp/fire5.bmp",
      "y": 422,
      "z": -3,
      "cc": 28,
      "c1": 16,
      "c2": 19
    },
    {
      "width": 2400,
      "x": 0,
      "loop": 277,
      "file": "bg/sys/sp/fire6.bmp",
      "y": 422,
      "z": -2,
      "cc": 28,
      "c1": 20,
      "c2": 23
    },
    {
      "width": 2400,
      "x": 0,
      "loop": 277,
      "file": "bg/sys/sp/fire7.bmp",
      "y": 422,
      "z": -1,
      "cc": 28,
      "c1": 24,
      "c2": 27
    }
  ],
  "is_bg_data": true,
  "is_base_data": true
}