{
  "type": "background",
  "id": "bg_5",
  "base": {
    "name": "The Great Wall",
    "shadow": "bg/sys/gw/s.bmp",
    "shadowsize": [
      37,
      9
    ],
    "left": 0,
    "right": 2400,
    "far": -448,
    "near": -146
  },
  "layers": [
    {
      "width": 800,
      "x": 0,
      "file": "bg/sys/gw/sky.bmp",
      "y": 422,
      "z": -7
    },
    {
      "width": 1204,
      "x": 0,
      "file": "bg/sys/gw/hill1.bmp",
      "y": 408,
      "z": -6
    },
    {
      "width": 1204,
      "x": 800,
      "file": "bg/sys/gw/hill2.bmp",
      "y": 408,
      "z": -5
    },
    {
      "width": 2330,
      "x": 0,
      "file": "bg/sys/gw/road1.bmp",
      "y": 379,
      "z": -4
    },
    {
      "width": 2400,
      "x": 235,
      "loop": 93,
      "file": "bg/sys/gw/road2.bmp",
      "y": 294,
      "z": -3
    },
    {
      "x": 0,
      "width": 794,
      "height": 157,
      "y": 226,
      "z": -2,
      "absolute": 1,
      "color": "rgb(154,110,90)"
    },
    {
      "width": 2600,
      "x": 0,
      "loop": 104,
      "file": "bg/sys/gw/road3.bmp",
      "y": 69,
      "z": -1
    }
  ],
  "is_bg_data": true,
  "is_base_data": true
}